﻿시군구명,시도명,관광지명,구분,방문자수
거창군,경상남도,감악산(거창),자연관광지,6108
거창군,경상남도,거창 항노화힐링랜드,자연관광지,4393
거창군,경상남도,해플스팜사이더리,음식점,2062
거창군,경상남도,가조 백두산천지온천,휴양관광지,1984
거창군,경상남도,거창 Y자형 출렁다리,건축/조형물,1962
거창군,경상남도,우두산출렁다리,건축/조형물,1773
거창군,경상남도,돌담사이로,음식점,1510
거창군,경상남도,거창 수승대,역사관광지,1254
거창군,경상남도,거창창포원,자연관광지,1215
거창군,경상남도,황산전통한옥마을,역사관광지,764
거창군,경상남도,거창 동계 종택(정온선생고택),역사관광지,679
거창군,경상남도,거창서핑파크,육상 레포츠,620
거창군,경상남도,금원산자연휴양림,자연관광지,616
거창군,경상남도,오도산전망대,건축/조형물,591
거창군,경상남도,금원산,자연관광지,487
거창군,경상남도,거창사과테마파크,자연관광지,316
거창군,경상남도,월성계곡,자연관광지,278
거창군,경상남도,미리내숲캠핑장,육상 레포츠,257
거창군,경상남도,감악산항노화웰니스체험장,체험관광지,252
거창군,경상남도,거창근대의료박물관,문화시설,190
거창군,경상남도,거창국민여가캠핑장,육상 레포츠,172
거창군,경상남도,하늘호수,휴양관광지,160
거창군,경상남도,덕유산국립공원(남덕유분소),자연관광지,139
거창군,경상남도,거창목재문화체험장,산업관광지,106
거창군,경상남도,우두산,자연관광지,104
거창군,경상남도,민들레울,음식점,91
거창군,경상남도,거창 황금원숭이마을,체험관광지,84
거창군,경상남도,거창축협한우팰리스,음식점,80
거창군,경상남도,늘해랑누리길 (치유의숲),산업관광지,78
거창군,경상남도,수승대체험휴양마을,체험관광지,54
거창군,경상남도,외양간구시,음식점,52
거창군,경상남도,이수미팜베리 농가레스토랑&카페,음식점,52
거창군,경상남도,우담,음식점,46
거창군,경상남도,베지나랑키친,음식점,42
거창군,경상남도,창성식당,음식점,36
거창군,경상남도,고견사(거창),역사관광지,36
거창군,경상남도,가조가마솥육개장순두부,음식점,34
거창군,경상남도,가조소한마리곰탕,음식점,32
거창군,경상남도,원학고가[한국관광 품질인증/Korea Quality],숙박시설,32
거창군,경상남도,봉스글램핑,육상 레포츠,30
거창군,경상남도,거창파인밸리리조트 비계산가든,음식점,30
거창군,경상남도,거창은행나무길,자연관광지,30
거창군,경상남도,거창 A글램핑,육상 레포츠,28
거창군,경상남도,만월당,역사관광지,24
거창군,경상남도,숲옛마을(갈계),체험관광지,24
거창군,경상남도,덕유산 송계산장,음식점,21
거창군,경상남도,월성오토캠핑장,육상 레포츠,20
거창군,경상남도,주은 자연휴양림,육상 레포츠,20
거창군,경상남도,서울우유 거창공장,산업관광지,20
거창군,경상남도,천적생태과학관,문화시설,19
거창군,경상남도,거창장 (1_ 6일),쇼핑,17
거창군,경상남도,늘예솔글램핑,육상 레포츠,14
거창군,경상남도,모리재,역사관광지,12
거창군,경상남도,갈계숲,자연관광지,12
거창군,경상남도,거창문화센터,문화시설,12
거창군,경상남도,맛고을,음식점,12
거창군,경상남도,거창 솔향기돌담마을,체험관광지,12
거창군,경상남도,용암정(거창),역사관광지,12
거창군,경상남도,수포대,자연관광지,12
거창군,경상남도,비룡,음식점,12
거창군,경상남도,남덕유산 대표산나물집,음식점,10
거창군,경상남도,마리반점,음식점,10
거창군,경상남도,거창사건역사교육관,문화시설,10
거창군,경상남도,시골추어탕,음식점,8
거창군,경상남도,서출동류 물길 트레킹길,육상 레포츠,8
거창군,경상남도,연수사(거창),역사관광지,8
거창군,경상남도,거창 황산리 신씨고가,역사관광지,8
거창군,경상남도,암소한마리식육식당,음식점,8
거창군,경상남도,수승대오토캠핑장,육상 레포츠,6
거창군,경상남도,거창추어탕,음식점,6
거창군,경상남도,유안청가든,음식점,6
거창군,경상남도,동호숲,자연관광지,6
거창군,경상남도,거창 강남사지 석조여래입상,역사관광지,6
거창군,경상남도,구연서원,역사관광지,6
거창군,경상남도,거창박물관,문화시설,6
거창군,경상남도,삼봉산,자연관광지,4
거창군,경상남도,미녀산(미녀봉),자연관광지,4
거창군,경상남도,삼산이수,음식점,4
거창군,경상남도,강가민박캠핑장,육상 레포츠,4
거창군,경상남도,거창 서변마을,체험관광지,4
거창군,경상남도,갈천서당,역사관광지,4
거창군,경상남도,달빛고운월성마을,체험관광지,4
거창군,경상남도,거창 갈계리 임씨고가,역사관광지,4
거창군,경상남도,휴일엔캠핑장,육상 레포츠,4
거창군,경상남도,강촌추어탕,음식점,4
거창군,경상남도,거창 거기리 성황단,역사관광지,4
거창군,경상남도,달빛고운병곡캠핑장,육상 레포츠,4
거창군,경상남도,왕우렁쌈밥,음식점,4
거창군,경상남도,거창 농산리 석조여래입상,역사관광지,4
거창군,경상남도,별난 왕해물찜,음식점,4
거창군,경상남도,거창 당동당산,역사관광지,4
거창군,경상남도,반구헌,역사관광지,4
거창군,경상남도,금호추어탕,음식점,4
거창군,경상남도,구구추어탕,음식점,3
거창군,경상남도,웅양면 동호마을,체험관광지,3
거창군,경상남도,심우사(거창),역사관광지,2
