﻿순위,관광지ID,관광지명,분류
1,fa4c6bf18d63d643ec383e508c8f10fb,거창버스터미널,교통시설
2,5879d04b5bd5983e98889bc9167e9323,거창창포원,테마공원
3,98bd59befadff1e4c21d23d81613ae03,백두산천지온천,웰니스관광
4,d60c24a3d320c44bcd724270bc61f703,수승대,기타관광
5,7d0b30d41f6adcda907f261913df686d,클럽디거창CC,육상레저스포츠
6,d611275790536381312c354bee3b4d03,거창전통시장,시장
7,a936a60fc5dfffbbdcae4f28e01292e1,이수미팜베리,농/산/어촌체험
8,cfc42bef053cd2e1a6bd130188f035d3,거창Y자형출렁다리,기타관광
9,608897faeb545500caecfd6ab6acc78d,거창별바람언덕,기타관광
10,c17f8a9ad8ae56d8128f5b583edddbeb,거창스포츠파크,도시공원
11,7224d495ffb217facb9b848f343bc78f,모텔WHO,모텔
12,9fa3195ca582a53513c3ca6e1a2c8371,감악산,자연경관(산)
13,ea9aeaee327f6125b4b091b9c3f69da2,금원산자연휴양림,자연공원
14,d0b05ae8b1a93c8e4dc4bb95e2ca4953,거창항노화힐링랜드,자연공원
15,50aa871721339e36238547a37a624d11,감악산전망대,랜드마크관광
16,9d5401d51d85c95e76023f7210f211fa,에콜리안거창CC,육상레저스포츠
17,5055bc6eb2a2ca5d050f3d70fc630e41,거창월성우주창의과학관,전시시설
18,3948e09908b6df015adba6d8e9fe669d,고견사,종교성지
19,538787b5719c8c1f1dfb371e1d25cd01,월성계곡,자연경관(산)
20,8410d78372a1bbdfaaca64ed42c7b52e,새한장여관,모텔
21,b1d493ecdab623c352855a99f10d2216,패밀리관광호텔가조,호텔
21,152f13a12da7d93597611296cd0d4ccf,연수사,종교성지
23,f9af5a356af1bd08849cdca8a790f09e,그랜드모텔,모텔
24,54dd3d742a9b6b7e6e22202d53e34190,수승대국민관광지,복합관광시설
25,bd5f13f4a2f216b17bb79a8fbdcca5d9,거창은행나무길,기타관광
26,1494cab5a1893e3b54785f7d7c9aa2fb,롯데시네마거창,공연시설
27,1f3a653fa70152c1651127385a85673d,거창서핑파크,기타레저스포츠
28,b547287306ba16aea0a32c7142f63e62,수승대출렁다리,기타관광
29,5bc04777a15e8fb10add19824385779a,오도산전망대,랜드마크관광
30,b7f9c477179b11f4959bd944abb4bfe9,수승대썰매장,육상레저스포츠
31,e56cf56e997e7d3795371a933a2eecac,여기호텔,모텔
32,c3e366d8858dbe306f30c4d4a3bf35c7,송계사,종교성지
32,e2f8af1d9b710c906c59f344ba1b3584,서덕공원,도시공원
34,76fa2e43f4c9a24d7171c32af76da9fa,타이밍모텔,모텔
35,34ade025cd2888b32bf3e72c863bbff7,우두령펜션,펜션/민박
36,ec80fc5d4f79ae4ae3924d23e92fbbb7,양지생태마을캠핑장,캠핑
37,a58094c3fdb7516c8975ccf534521f7e,덕유산휴가촌,펜션/민박
38,82ead86fcd926d5e98809fb0c627548e,거창박물관,전시시설
38,298b69dbef3aeb37329aceca2e4e664d,병곡달빛고운캠핑장,캠핑
38,31c277a9f225b4f4a4d0e1e637c7afd5,붓다선원,종교성지
41,4cb419fcf90122c0c3c6fb2c04988f74,거창국민여가캠핑장미리내숲,캠핑
41,00e5473a2703b6a259b4b64fbc807171,아모르펜션,펜션/민박
43,cbe237e87471cc66c05e0efbaeeb0920,행복한절,종교성지
44,ef9e973ea207703a5329a3dc42bc7d76,한들파크장,모텔
44,822e462a370ed768003d60cad3dd0e2b,덕천서원,역사유적지
46,ebead1b027b9f1dc6d5dab89d107f511,천오모텔,모텔
47,97749e1075a4e73fec142041ba472faf,파타야모텔,모텔
48,8eae39c0c387a0b184595c05efb59dd8,주은오토캠핑장,캠핑
48,51b2dea291594502d62e94ba6bc7a5b0,사과테마파크,테마공원
50,24feabebe06ebc6933ad1e3618ecadec,달이실펜션,펜션/민박
51,dd9cc0615ec939e09e8de627a7330fd1,수승대오토캠핑장,캠핑
52,a0ad0a66427f1cd41e4423e8e7524c49,오로라승마장,육상레저스포츠
53,a9cc2d95248327c70e49624e20f46ea1,산중토방펜션,펜션/민박
53,82f2b308c3b01637c607ce05f52a2fed,가북저수지,자연경관(하천/해양)
55,41e3244f3e5ca16fe599b9cd6aa899d2,제이호텔,모텔
55,089db19361721c1671d61a101539ee95,산울림,펜션/민박
55,7ac796586c91d5cc49ddfc9e8c2e4c94,용원정,역사유적지
55,16209613ae35be4093bddc89053ae2dd,물소리펜션,펜션/민박
59,bc07583119e505d83be7fc229ad64c91,강가민박,펜션/민박
59,8c8d79da309950581813ae9b3c7e5a4f,사선대황토펜션,펜션/민박
59,5a18b9e49f8bc3cc3f441340db23995b,거창축협가축시장,시장
59,5b83f746744af1cb1b3ac5c772997a83,월성오토캠핑장,캠핑
63,ffd9d82986bde99f54e0506691411af8,엔터모텔,모텔
64,e31f285d028fad4af472fa87628d3928,감악산항노화웰니스체험장,기타관광
64,246111170f06c6b881b361c43dfb8132,퐁당퐁당,테마공원
64,9d6d63b16514e7633b49a74b06a2b021,우두산,자연경관(산)
64,5bebc7185bc2c21ea4e81fb9e759627e,두바이모텔,모텔
64,84a1aa63ac4103f5ac205c51af6af15e,죽림정사,종교성지
64,c941d61cdd3a45590af57739a6fed03d,풍차마을펜션,펜션/민박
70,53ab85b935b05e71d94bcd21ba16cb3a,세현농장그리너리,농/산/어촌체험
70,4d4897f27f5dbcdd4c73a32f175fa45d,자바모텔,모텔
70,8ed2ead6ece30caec6a34af69b1d6e9c,심소정,기타관광
70,86b00709db75db60e480390f02297583,월성무지개펜션캠핑,펜션/민박
74,0d54ec850a5a7b71af960502a1eb16e8,황실모텔,모텔
74,d31a0508d302b711e1df792fe5897920,황산전통한옥마을,역사유적지
74,001c54a076e23fb59374a16bf1b0c957,휴일엔펜션&캠핑,펜션/민박
77,4b74e3bfe30bb8d5e3b22827284cee63,포도송이펜션,펜션/민박
78,3048693c84071c7d179c150de218e8c1,거창청소년문화의집,육상레저스포츠
79,6c95ddcb8b4288999abd43f91acc28d3,주은자연휴양림,자연공원
79,869e34b17b897e3895937b617fb8a996,수포대,자연경관(산)
79,4c692406f6e01c49826a63bcef4d53fe,아리솔펜션,펜션/민박
79,702e1bd8153b9e429efa00a460fa73c6,서덕들,기타관광
79,cda47481aa58c7ad5d0431bcb7adf70a,아이스펜션,펜션/민박
84,f3ac4c333590dbf190c37f35b17579af,서출동류물길,기타레저스포츠
84,6483ac70b72ca5f0a0e0f8eecf469fdb,샵모텔,모텔
86,7909f5ca165f7a0679e7212ef9674f2f,가조온천족욕체험장,기타레저스포츠
86,cb548a75c4f2d24d0e6a206d7abad6d4,죽전공원,도시공원
86,589694abfe13c99980b7f6cde4e1babf,씨에프모텔,모텔
86,77430037f3ff331b580f5d29404377ce,곰실마을,기타관광
90,122f56cd546212d38428b0e1c9cda6ce,M모텔,모텔
90,6d398dbf5dc24eaa04c39fa16735e731,용원정쌀다리,기타관광
90,17e52f2f8c180dcc9894753c06f33034,갈계숲,도시공원
90,422cf6c6f212dde0fa96c532de240104,소림사,종교성지
94,a9a52838f3ed286ff4f3ac04fc6eabad,거창죽전도시숲공원,도시공원
94,4bfa196478c74cd17a19d5af720dc868,거북별장,펜션/민박
94,eff0a78f7d885fdccfacfbbd8f5f4ce4,수정여관,모텔
94,288e820e6c88ca554c49865a5b63f053,오렌지모텔,모텔
94,b1fed4f68e36cd9ca7564f49edbd694f,장풍숲,기타관광
94,58c3be59bc8c4420c52c9f23571d4c60,장풍모텔,모텔
94,124d51f8ae46364f9520f5f85718246f,거창군월성청소년수련원,육상레저스포츠
