﻿순위,관광지ID,업소명,분류
1,d4a909add91c0a799611389a5a4a3cc3,해플스팜사이더리,카페/찻집
2,549adb0b91ec2b478d2f78dcf7e8b9e6,민들레울,카페/찻집
3,8b06cdb4e157b8e5a95b9f59a2556fa1,카페금원산갤러리,카페/찻집
4,16c7003d71e383bcd1ff19944883f4c6,외양간구시,한식
5,8828cefacf0f7301edfa412565327bf4,우담,한식
6,4395babd2ec10a079ed0858a8432ad9a,투썸플레이스경남거창점,카페/찻집
7,99b237b39b034b563e0a7d536d192851,비룡[중식],외국식
8,b9020d353ca16eacaec3ca948941f57f,카페라핀,카페/찻집
9,884b7575d8623c2c56b017240f4c1f14,이수미팜베리농가레스토랑&카페,카페/찻집
10,4b2507bb4bbf781ff35c8d03b030f2bc,경원해물찜,한식
11,be74410fd3d817c01c9e66753f515775,창성[중식],외국식
12,89a0a14655f4237ca309ad920e40a478,버거킹경남거창점,간이음식
13,a74b24d6400b39110b8fc90ce36711c6,마리반점[중식],외국식
14,6d7b803fdeb4a1f9799f1e1ea0539d2a,삼산이수,한식
14,1ce96aa6f84e106e959b506f7ecdf8b9,거창축협한우팰리스,한식
16,694418933f507b0a55d49dde2ddf2615,도감어가,한식
17,6a48d81708d82d44984c4d7947e096f3,병곡횟집,전문음식
18,75fea9519aa514ed8ee4233516d4bcff,운정골,한식
19,5d9cd96c0db6303011b82f7d93bc4a09,다우리밥상[한식],한식
20,04946f69fefe3481a58204ad1ced6a19,베지나랑키친,한식
21,b3ff33a900e087a0a3615a122b9704ec,대산명가,한식
22,8e37cb55c0f502ca816eb0e4ff3845d4,동바리해장국,한식
23,02d62a6d28b7ee174a9a41817818755a,마리해물칼국수,한식
24,834b3e5b8de3657c36de1f2ace715283,핸즈커피거창점,카페/찻집
24,d1b04e2bf0db87d56075e88289da6f57,단계식당,한식
26,ba9186cd99433242ad43088f75d1d157,월성계곡산장,한식
27,43773cd34f07a9ab862a2ce26d75e72c,항아리왕갈비,한식
27,52c8ee56cc53da862ebc0f5620a8cadd,교촌치킨거창1호점,간이음식
27,72f1165198c11180bbacc4fc687cd7eb,보약장어왕메기가조본점,전문음식
30,e5eff780767923a7cfdd5b28b0985cbc,장고개식당,한식
31,370b17d07090669cbb95f7dec2de2657,구구추어탕,한식
32,d83486266e3f2373469ad34e94c3ddef,명당,전문음식
33,63aaaac2f13ef21252dee3e010d92294,하고리,카페/찻집
33,d515821dd0898ff93e26b6e5f2cc5beb,대구회가든,전문음식
33,3b6a32711456aa0cc5b3559d739a4e47,카페외갓집,카페/찻집
36,e33cdaab271ee02ebaee1e6bff92feac,리시안3호점,카페/찻집
37,d14fca0666cbcd86dfbbccd71e3e06f4,엔제리너스경남거창점,카페/찻집
37,51a857367f9c8d691a32bdde8963fa3a,도미노피자거창점,간이음식
39,870d4508383a5f292194448458c43c38,이디야커피경남거창점,카페/찻집
40,055dc95a5cea1715abb8e4e570f45c78,꽃두레,한식
41,ab2b034043a2fc608878c30fc4cd9c9f,어림지거창점,한식
42,f7181d31706b332b0b9e92d220b5c066,리틀버터,카페/찻집
42,ab7a5d1e6c717c5309451d38f0edbb48,롯데리아거창점,간이음식
44,9f25c00809b53eff8cee4fb272bd3649,카페쿠쿠오나,카페/찻집
45,558823cbbd01a5b671491ce81e3e0fce,텐퍼센트커피경남거창점,카페/찻집
46,deb1b19fa0a9c01f36da6c2e80506320,북상2124,전문음식
46,38f8c5a877e85ee3fb99fb094f70fb3a,두레한정식[한식],한식
48,2afd2d8d8f989ffedd12a462e340806f,봉씨네부엌,한식
49,8514337842c09d744c9b408b4c90673b,가조가마솥육개장순두부,한식
49,8ac2e9c29eeff3d4843d47c24fbcd873,모든식당,한식
51,9d59c9197b88604278b0e7663d9c92bd,오유아,카페/찻집
51,3b48653e6dc07e04cee0f16ab9e4a7f1,제주냉면,한식
53,9af8dd5a975c29f57a2508048615c8a1,덕유산송계산장,한식
54,2470b51b0b1b067331e0bc760fbafab7,벽담[일식],외국식
55,623a8e63f08b9df23767a8ffaab04b2a,쑤기1977,간이음식
55,118cda8221f5bc406d7c202f0eb82ee2,쌍쌍식육식당,한식
57,3d99b8e147003527be80db11806af563,어인산장,한식
58,e68bd2e998d462272efc00aca1ef3e77,BBQ경남거창점,간이음식
58,18c8a7aabefbc371f669e4dd09be6969,거창복어,전문음식
58,b198dcddc2f9e367df831d176b218ef7,착한한돈,한식
61,1b6f3fdad2312bc4d1d7d8591211e703,사또한우곰탕,한식
62,30f4261289667bbba7ddd158a39b7f16,베리순,카페/찻집
62,cb9366a9694947fbc2bf324a2f59a2f7,채연면옥,한식
62,a4ba45a0a6f2973ee3f041506d107cb4,장마실,카페/찻집
62,8a06db5b44be047f6ed1585eb452df71,두만이통닭거창점,간이음식
62,f03a0ecf13fe7f0b30fd5b6ecc5db973,더무그,간이음식
67,845325fe1b23398260c758738c4c99c9,샤브향거창점,전문음식
67,958a51217753222f9910baec00c0f224,대천숯불황우촌,한식
69,96fc7e371fe4ac832b4d3e06f994d15a,성언숯불갈비,한식
69,f2d0bc162c0e8f9b6cc2b65ae2c2413f,피자스쿨,간이음식
71,915d7cb0e8c79bacb1b41cfa388cc8f2,황금코다리거창점,전문음식
71,3132b906bc4a3f5886e9c2e649100d62,조선갈비탕,한식
71,63c714ec163e66f7b3dcf6ae00e17c54,배스킨라빈스거창점,간이음식
71,723eecc533b686c4600399b665d2695c,본죽경남거창점,간이음식
71,11426d5fc2c475ff7d7952299af6e82f,맛고을,한식
71,3f4e37b666d388d67e4e6e314fdad4e8,수미정,한식
77,83d366505dd66c633f4abb2773837c4e,대성복찜,전문음식
77,cad61adf503002589dc39a04b64df187,숲과오리거창점,전문음식
77,43e13fd67500209444a82ec8b8bec666,거창추어탕,한식
77,d5320b252ebf40ed9a251e5d9521413c,옥계촌,전문음식
77,983b4b36940bdb347ede6cab064c641c,BHC거창점,간이음식
77,783db265a90ff059967a2dbaf1fdb6e7,바우,한식
83,763fad656028852c7cba3d6e22cbd014,카페미녀봉,카페/찻집
83,cf8cec330082ad876f8d3c5ccc8f29a6,파리바게뜨거창아림점,간이음식
83,403cc176fa020d652c1fdf7c2c302694,거창총각족발,전문음식
83,86b6f8174da136edf97ef6360ed3c415,60계치킨경남거창점,간이음식
87,968e8795f9939d379917a805b69e6a89,대전식당,한식
87,e0dff75c7b2deaa0d2dad090681cbf85,제주랑,한식
87,54562261bc56e02ccd8a4a795c23796a,소반한정식[한식],한식
87,848d06ef8d28c1b7fe6baca97ecaec16,원미정,음식점기타
87,39faedd5b5cac6e1394b583ef02ca5f0,거창왓쇼이,외국식
92,678e1d0694c55e8e9c6769dec28bc976,파리바게뜨경남거창점,간이음식
93,7e666f0321fbe907ef5e7d64c1933c7f,대성식육식당,한식
93,1f857d41ec349427c4ef187ca5079364,꽃마름거창점,전문음식
93,1ec5c7d788842ab34b942ab1e41a4c53,거창시니어클럽,음식점기타
93,31150be17190b157b7a800584ffe3c42,불로삼계탕,한식
97,39b719d3603600faf78c556064a9c7d2,오작교식당,한식
97,c839662b9b806d6cd80d1b7a9da600a6,왕우렁쌈밥약닭약오리탕,한식
97,519eed4aa6bb014fcf40ed49858d2315,SUBWAY경남거창점,간이음식
97,1549395d0dffe960608b141c6357a143,공차경남거창점,카페/찻집
