﻿순위,광역지자체명,기초지자체명,관광지명,기준연월,입장객수,입장객총계
1,경상남도,거창군,가조온천관광지(백두산천지온천),202201,15257,196626.0
1,경상남도,거창군,가조온천관광지(백두산천지온천),202202,11964,196626.0
1,경상남도,거창군,가조온천관광지(백두산천지온천),202203,12347,196626.0
1,경상남도,거창군,가조온천관광지(백두산천지온천),202204,13784,196626.0
1,경상남도,거창군,가조온천관광지(백두산천지온천),202205,15493,196626.0
1,경상남도,거창군,가조온천관광지(백두산천지온천),202206,15171,196626.0
1,경상남도,거창군,가조온천관광지(백두산천지온천),202207,14093,196626.0
1,경상남도,거창군,가조온천관광지(백두산천지온천),202208,15766,196626.0
1,경상남도,거창군,가조온천관광지(백두산천지온천),202209,16510,196626.0
1,경상남도,거창군,가조온천관광지(백두산천지온천),202210,21469,196626.0
1,경상남도,거창군,가조온천관광지(백두산천지온천),202211,20460,196626.0
1,경상남도,거창군,가조온천관광지(백두산천지온천),202212,24312,196626.0
2,경상남도,거창군,항노화 힐링랜드,202201,-,123464.0
2,경상남도,거창군,항노화 힐링랜드,202202,-,123464.0
2,경상남도,거창군,항노화 힐링랜드,202203,-,123464.0
2,경상남도,거창군,항노화 힐링랜드,202204,-,123464.0
2,경상남도,거창군,항노화 힐링랜드,202205,-,123464.0
2,경상남도,거창군,항노화 힐링랜드,202206,-,123464.0
2,경상남도,거창군,항노화 힐링랜드,202207,-,123464.0
2,경상남도,거창군,항노화 힐링랜드,202208,-,123464.0
2,경상남도,거창군,항노화 힐링랜드,202209,-,123464.0
2,경상남도,거창군,항노화 힐링랜드,202210,66700,123464.0
2,경상남도,거창군,항노화 힐링랜드,202211,42661,123464.0
2,경상남도,거창군,항노화 힐링랜드,202212,14103,123464.0
3,경상남도,거창군,금원산자연휴양림,202201,2922,59313.0
3,경상남도,거창군,금원산자연휴양림,202202,3464,59313.0
3,경상남도,거창군,금원산자연휴양림,202203,2450,59313.0
3,경상남도,거창군,금원산자연휴양림,202204,372,59313.0
3,경상남도,거창군,금원산자연휴양림,202205,690,59313.0
3,경상남도,거창군,금원산자연휴양림,202206,1211,59313.0
3,경상남도,거창군,금원산자연휴양림,202207,14504,59313.0
3,경상남도,거창군,금원산자연휴양림,202208,16749,59313.0
3,경상남도,거창군,금원산자연휴양림,202209,3839,59313.0
3,경상남도,거창군,금원산자연휴양림,202210,6428,59313.0
3,경상남도,거창군,금원산자연휴양림,202211,4025,59313.0
3,경상남도,거창군,금원산자연휴양림,202212,2659,59313.0
4,경상남도,거창군,수승대관광지,202201,3,2880.0
4,경상남도,거창군,수승대관광지,202202,2,2880.0
4,경상남도,거창군,수승대관광지,202203,8,2880.0
4,경상남도,거창군,수승대관광지,202204,33,2880.0
4,경상남도,거창군,수승대관광지,202205,95,2880.0
4,경상남도,거창군,수승대관광지,202206,173,2880.0
4,경상남도,거창군,수승대관광지,202207,1110,2880.0
4,경상남도,거창군,수승대관광지,202208,1419,2880.0
4,경상남도,거창군,수승대관광지,202209,37,2880.0
4,경상남도,거창군,수승대관광지,202210,-,2880.0
4,경상남도,거창군,수승대관광지,202211,-,2880.0
4,경상남도,거창군,수승대관광지,202212,-,2880.0
