﻿순위,관광지ID,관광지명,분류
1,5879d04b5bd5983e98889bc9167e9323,거창창포원,문화관광
2,cfc42bef053cd2e1a6bd130188f035d3,거창Y자형출렁다리,기타관광
3,d60c24a3d320c44bcd724270bc61f703,수승대,기타관광
4,608897faeb545500caecfd6ab6acc78d,감악산풍력단지,기타관광
5,d611275790536381312c354bee3b4d03,거창전통시장,쇼핑
6,98bd59befadff1e4c21d23d81613ae03,백두산천지온천,체험관광
7,7d0b30d41f6adcda907f261913df686d,클럽디거창CC,레저스포츠
8,d0b05ae8b1a93c8e4dc4bb95e2ca4953,거창항노화힐링랜드,자연관광
9,549adb0b91ec2b478d2f78dcf7e8b9e6,민들레울,체험관광
10,9fa3195ca582a53513c3ca6e1a2c8371,감악산,자연관광
11,50aa871721339e36238547a37a624d11,감악산전망대,문화관광
12,bd5f13f4a2f216b17bb79a8fbdcca5d9,거창은행나무길,기타관광
13,ea9aeaee327f6125b4b091b9c3f69da2,금원산자연휴양림,자연관광
14,5bc04777a15e8fb10add19824385779a,오도산전망대,문화관광
15,7224d495ffb217facb9b848f343bc78f,모텔WHO,숙박
16,27f957eac33913b90a2e3af02b092201,거창Y자형출렁다리,기타관광
17,b1d493ecdab623c352855a99f10d2216,패밀리관광호텔가조,숙박
18,54dd3d742a9b6b7e6e22202d53e34190,수승대국민관광지,문화관광
19,c17f8a9ad8ae56d8128f5b583edddbeb,거창스포츠파크,문화관광
20,d31a0508d302b711e1df792fe5897920,황산전통한옥마을,역사관광
21,b7f9c477179b11f4959bd944abb4bfe9,수승대썰매장,레저스포츠
22,b547287306ba16aea0a32c7142f63e62,수승대출렁다리,기타관광
23,538787b5719c8c1f1dfb371e1d25cd01,월성계곡,자연관광
24,e56cf56e997e7d3795371a933a2eecac,여기무인텔,숙박
25,098a30b07273c092e939aa37548837e0,거창허브빌리지,체험관광
26,9d5401d51d85c95e76023f7210f211fa,에콜리안거창CC,레저스포츠
27,51b2dea291594502d62e94ba6bc7a5b0,사과테마파크,문화관광
28,152f13a12da7d93597611296cd0d4ccf,연수사,역사관광
29,1f3a653fa70152c1651127385a85673d,거창서핑파크,레저스포츠
30,822e462a370ed768003d60cad3dd0e2b,덕천서원,역사관광
31,e2f8af1d9b710c906c59f344ba1b3584,서덕공원,문화관광
32,f9af5a356af1bd08849cdca8a790f09e,그랜드모텔,숙박
33,e31f285d028fad4af472fa87628d3928,감악산항노화웰니스체험장,기타관광
34,76fa2e43f4c9a24d7171c32af76da9fa,타이밍모텔,숙박
35,5055bc6eb2a2ca5d050f3d70fc630e41,거창월성우주창의과학관,문화관광
36,3948e09908b6df015adba6d8e9fe669d,고견사,역사관광
37,82ead86fcd926d5e98809fb0c627548e,거창박물관,문화관광
38,5bebc7185bc2c21ea4e81fb9e759627e,두바이모텔,숙박
39,83ee433ef10520a6f58f3c8fb7ff76f7,거창감악산꽃&별여행,문화관광
40,589694abfe13c99980b7f6cde4e1babf,씨에프모텔,숙박
41,7ac796586c91d5cc49ddfc9e8c2e4c94,용원정,역사관광
42,1494cab5a1893e3b54785f7d7c9aa2fb,롯데시네마/거창,문화관광
43,4d4897f27f5dbcdd4c73a32f175fa45d,자바모텔,숙박
44,41e3244f3e5ca16fe599b9cd6aa899d2,제이호텔,숙박
45,4cb419fcf90122c0c3c6fb2c04988f74,거창국민여가캠핑장미리내숲,숙박
46,97749e1075a4e73fec142041ba472faf,파타야모텔,숙박
47,00e5473a2703b6a259b4b64fbc807171,아모르펜션,숙박
48,7909f5ca165f7a0679e7212ef9674f2f,가조온천족욕체험장,레저스포츠
49,0d54ec850a5a7b71af960502a1eb16e8,황실모텔,숙박
50,ec80fc5d4f79ae4ae3924d23e92fbbb7,양지생태마을캠핑장,숙박
51,ebead1b027b9f1dc6d5dab89d107f511,천오모텔,숙박
52,c941d61cdd3a45590af57739a6fed03d,풍차마을펜션,숙박
53,ffd9d82986bde99f54e0506691411af8,엔터모텔,숙박
54,0c58cf10f2c2bb14651c556af6ff33b8,거창동계종택,역사관광
55,96a26a071c6269ed86d415126e29ddd6,봉스글램핑,숙박
56,6d398dbf5dc24eaa04c39fa16735e731,용원정쌀다리,기타관광
57,c2747ffaff383b67df5a787640c0ca43,케이호텔,숙박
58,3fd97a041a096342f799671f2e22652a,거창근대의료박물관,문화관광
59,e7a103653cc53f786199c381bc36a851,수승대체험휴양마을,체험관광
60,ae83e4d81798ab7a2ae3886328f57a83,서덕저수지,자연관광
61,57cec5b663208aa3b8ba1da2d7d4a9ca,천적생태과학관,문화관광
62,b36e1d4a3a7066581cf934e1480c2f5a,만남의광장,문화관광
63,5b83f746744af1cb1b3ac5c772997a83,월성오토캠핑장,숙박
64,c3e366d8858dbe306f30c4d4a3bf35c7,송계사,역사관광
65,100bedba8503e522a31c862db648db04,아이호텔,숙박
66,298b69dbef3aeb37329aceca2e4e664d,병곡달빛고운캠핑장,숙박
67,702e1bd8153b9e429efa00a460fa73c6,서덕들,기타관광
68,c17f4db37a1b341df73aed5f203928e8,거창한마당대축제,문화관광
69,dd9cc0615ec939e09e8de627a7330fd1,수승대오토캠핑장,숙박
70,34ade025cd2888b32bf3e72c863bbff7,우두령펜션,숙박
71,089db19361721c1671d61a101539ee95,산울림,숙박
72,a9a52838f3ed286ff4f3ac04fc6eabad,거창죽전도시숲공원,문화관광
73,58c3be59bc8c4420c52c9f23571d4c60,장풍모텔,숙박
74,1c8c9f5a44f6c1cd69a2ff3f42c18b19,마이다스온천모텔,숙박
75,8eae39c0c387a0b184595c05efb59dd8,주은오토캠핑장,숙박
76,e90e438951ab03367da67f6857e8bc4a,거창서핑파크리조트&글램핑,숙박
77,bc07583119e505d83be7fc229ad64c91,강가민박,숙박
78,baeb1ebbf1620acc1f6423ad952e2576,수승대할인마트,쇼핑
79,24feabebe06ebc6933ad1e3618ecadec,달이실펜션,숙박
80,8ed2ead6ece30caec6a34af69b1d6e9c,심소정,기타관광
81,f7ac27e5b3e27138ea8a2f95dd5e602a,피쉬월드,체험관광
82,5a18b9e49f8bc3cc3f441340db23995b,거창축협가축시장,쇼핑
83,869e34b17b897e3895937b617fb8a996,수포대,자연관광
84,a20baaed3eeb5bc37503cd05068c22a8,A글램핑,숙박
85,600da9bee273599db3e3491c6c94ea40,해뜨락펜션,숙박
86,9d6d63b16514e7633b49a74b06a2b021,우두산,자연관광
87,122f56cd546212d38428b0e1c9cda6ce,M모텔,숙박
88,eee9f7f9ce53c113f915d84e06f561e2,진동암소공원,문화관광
89,4b74e3bfe30bb8d5e3b22827284cee63,포도송이펜션,숙박
90,17e52f2f8c180dcc9894753c06f33034,갈계숲,문화관광
91,04ecd39c815d2d7e8f090db455c5082b,가조장,쇼핑
92,196bdde09b679f6589860c523ab7f508,리베라모텔,숙박
93,645186ad2c4c5b7503ccd246ea57ac96,부엉이풀빌라펜션,숙박
94,2a1ead090e1a4bef8faf34f9d702a237,U모텔,숙박
95,689a3236a62e556d40725f4ea2bd143a,타임스테이펜션,숙박
96,70647039ea25dc85afc509e5669c84b9,사과숲애,체험관광
97,0b08f25797d2a24d0001bb7445c82203,뷰무인텔,숙박
98,3a82f796b30e323887853279681474fe,수망령,자연관광
99,f3ade1266529fcff151d941889c0c1a1,거북산장,숙박
100,85d413613288a430ca82fc4a399658a4,브이모텔,숙박
