﻿순위,관광지ID,관광지명,분류
1,cfc42bef053cd2e1a6bd130188f035d3,거창Y자형출렁다리,기타관광
2,608897faeb545500caecfd6ab6acc78d,거창별바람언덕,기타관광
3,7d0b30d41f6adcda907f261913df686d,클럽디거창CC,육상레저스포츠
4,5879d04b5bd5983e98889bc9167e9323,거창창포원,테마공원
5,d60c24a3d320c44bcd724270bc61f703,수승대,기타관광
6,fa4c6bf18d63d643ec383e508c8f10fb,거창버스터미널,교통시설
7,98bd59befadff1e4c21d23d81613ae03,백두산천지온천,웰니스관광
8,d611275790536381312c354bee3b4d03,거창전통시장,시장
9,d0b05ae8b1a93c8e4dc4bb95e2ca4953,거창항노화힐링랜드,자연공원
10,9fa3195ca582a53513c3ca6e1a2c8371,감악산,자연경관(산)
11,ea9aeaee327f6125b4b091b9c3f69da2,금원산자연휴양림,자연공원
12,50aa871721339e36238547a37a624d11,감악산전망대,랜드마크관광
13,9d5401d51d85c95e76023f7210f211fa,에콜리안거창CC,육상레저스포츠
14,5bc04777a15e8fb10add19824385779a,오도산전망대,랜드마크관광
15,b7f9c477179b11f4959bd944abb4bfe9,수승대썰매장,육상레저스포츠
16,7224d495ffb217facb9b848f343bc78f,모텔WHO,모텔
17,538787b5719c8c1f1dfb371e1d25cd01,월성계곡,자연경관(산)
18,c17f8a9ad8ae56d8128f5b583edddbeb,거창스포츠파크,도시공원
19,a936a60fc5dfffbbdcae4f28e01292e1,이수미팜베리,농/산/어촌체험
20,bd5f13f4a2f216b17bb79a8fbdcca5d9,거창은행나무길,기타관광
21,54dd3d742a9b6b7e6e22202d53e34190,수승대국민관광지,복합관광시설
22,b1d493ecdab623c352855a99f10d2216,패밀리관광호텔가조,호텔
23,3948e09908b6df015adba6d8e9fe669d,고견사,종교성지
24,1f3a653fa70152c1651127385a85673d,거창서핑파크,기타레저스포츠
25,9d6d63b16514e7633b49a74b06a2b021,우두산,자연경관(산)
26,4cb419fcf90122c0c3c6fb2c04988f74,거창국민여가캠핑장미리내숲,캠핑
27,ec80fc5d4f79ae4ae3924d23e92fbbb7,양지생태마을캠핑장,캠핑
28,298b69dbef3aeb37329aceca2e4e664d,병곡달빛고운캠핑장,캠핑
29,b547287306ba16aea0a32c7142f63e62,수승대출렁다리,기타관광
30,f9af5a356af1bd08849cdca8a790f09e,그랜드모텔,모텔
31,e56cf56e997e7d3795371a933a2eecac,여기호텔,모텔
32,34ade025cd2888b32bf3e72c863bbff7,우두령펜션,펜션/민박
33,589694abfe13c99980b7f6cde4e1babf,씨에프모텔,모텔
34,152f13a12da7d93597611296cd0d4ccf,연수사,종교성지
34,76fa2e43f4c9a24d7171c32af76da9fa,타이밍모텔,모텔
36,5b83f746744af1cb1b3ac5c772997a83,월성오토캠핑장,캠핑
37,dd9cc0615ec939e09e8de627a7330fd1,수승대오토캠핑장,캠핑
38,822e462a370ed768003d60cad3dd0e2b,덕천서원,역사유적지
39,5bebc7185bc2c21ea4e81fb9e759627e,두바이모텔,모텔
40,8eae39c0c387a0b184595c05efb59dd8,주은오토캠핑장,캠핑
41,5055bc6eb2a2ca5d050f3d70fc630e41,거창월성우주창의과학관,전시시설
42,bc07583119e505d83be7fc229ad64c91,강가민박,펜션/민박
43,97749e1075a4e73fec142041ba472faf,파타야모텔,모텔
44,d31a0508d302b711e1df792fe5897920,황산전통한옥마을,역사유적지
45,c941d61cdd3a45590af57739a6fed03d,풍차마을펜션,펜션/민박
46,001c54a076e23fb59374a16bf1b0c957,휴일엔펜션&캠핑,펜션/민박
47,c3e366d8858dbe306f30c4d4a3bf35c7,송계사,종교성지
48,82f2b308c3b01637c607ce05f52a2fed,가북저수지,자연경관(하천/해양)
49,4d4897f27f5dbcdd4c73a32f175fa45d,자바모텔,모텔
50,ffd9d82986bde99f54e0506691411af8,엔터모텔,모텔
51,1494cab5a1893e3b54785f7d7c9aa2fb,롯데시네마거창,공연시설
52,e31f285d028fad4af472fa87628d3928,감악산항노화웰니스체험장,기타관광
53,41e3244f3e5ca16fe599b9cd6aa899d2,제이호텔,모텔
54,ebead1b027b9f1dc6d5dab89d107f511,천오모텔,모텔
55,51b2dea291594502d62e94ba6bc7a5b0,사과테마파크,테마공원
56,4b74e3bfe30bb8d5e3b22827284cee63,포도송이펜션,펜션/민박
57,0d54ec850a5a7b71af960502a1eb16e8,황실모텔,모텔
58,82ead86fcd926d5e98809fb0c627548e,거창박물관,전시시설
59,089db19361721c1671d61a101539ee95,산울림,펜션/민박
60,6c95ddcb8b4288999abd43f91acc28d3,주은자연휴양림,자연공원
61,e2f8af1d9b710c906c59f344ba1b3584,서덕공원,도시공원
62,ea86b2c92a82ba72b7a0c86fa06bb379,산중오토캠핑장,캠핑
63,5a18b9e49f8bc3cc3f441340db23995b,거창축협가축시장,시장
64,a9cc2d95248327c70e49624e20f46ea1,산중토방펜션,펜션/민박
65,31c277a9f225b4f4a4d0e1e637c7afd5,붓다선원,종교성지
66,7909f5ca165f7a0679e7212ef9674f2f,가조온천족욕체험장,기타레저스포츠
67,00e5473a2703b6a259b4b64fbc807171,아모르펜션,펜션/민박
68,645186ad2c4c5b7503ccd246ea57ac96,부엉이풀빌라펜션,펜션/민박
69,e90e438951ab03367da67f6857e8bc4a,거창서핑파크리조트&글램핑,콘도미니엄
70,7ac796586c91d5cc49ddfc9e8c2e4c94,용원정,역사유적지
71,0c58cf10f2c2bb14651c556af6ff33b8,거창동계종택,역사유적지
72,86b00709db75db60e480390f02297583,월성무지개펜션캠핑,펜션/민박
73,afdfd3571c7a92e287fda2cf21bd16c3,풍경속으로,펜션/민박
74,9ff62dc0a0ffb80fd0b782ea950a48d5,병아리펜션,펜션/민박
75,3a82f796b30e323887853279681474fe,수망령,자연경관(산)
76,53ab85b935b05e71d94bcd21ba16cb3a,세현농장그리너리,농/산/어촌체험
77,689a3236a62e556d40725f4ea2bd143a,타임스테이펜션,펜션/민박
77,869e34b17b897e3895937b617fb8a996,수포대,자연경관(산)
79,6483ac70b72ca5f0a0e0f8eecf469fdb,샵모텔,모텔
80,8c8d79da309950581813ae9b3c7e5a4f,사선대황토펜션,펜션/민박
81,aba186113c609bc8f9a067233fe0f821,거암펜션,펜션/민박
82,24feabebe06ebc6933ad1e3618ecadec,달이실펜션,펜션/민박
82,a0221844607f043d18f22d46bcaf7b5d,우두산안내소,기타관광
84,a58094c3fdb7516c8975ccf534521f7e,덕유산휴가촌,펜션/민박
85,1c8c9f5a44f6c1cd69a2ff3f42c18b19,마이다스온천모텔,모텔
86,16209613ae35be4093bddc89053ae2dd,물소리펜션,펜션/민박
87,100bedba8503e522a31c862db648db04,아이호텔,모텔
88,de8f7e1090b8881466ff8d8773e9554d,봉농원,농/산/어촌체험
89,eb749f3a18e00c8b37edb663157c329b,거창송계계곡펜션,펜션/민박
90,f3ac4c333590dbf190c37f35b17579af,서출동류물길,기타레저스포츠
90,cda47481aa58c7ad5d0431bcb7adf70a,아이스펜션,펜션/민박
92,cf79b081d141b75cec6f7885e23bd520,거창향교,역사유적지
93,196bdde09b679f6589860c523ab7f508,리베라모텔,모텔
93,0a2522a0ad5ad2264f269b87a53732c0,가조계곡,자연경관(산)
95,cbe237e87471cc66c05e0efbaeeb0920,행복한절,종교성지
95,1bf4a2d5876fb6af5faaad60c2fc7722,덕유산병곡펜션,펜션/민박
97,57cec5b663208aa3b8ba1da2d7d4a9ca,천적생태과학관,전시시설
98,124d51f8ae46364f9520f5f85718246f,거창군월성청소년수련원,육상레저스포츠
99,85d413613288a430ca82fc4a399658a4,브이모텔,모텔
100,0f352ccfc1ec8a604e5826702f1bfd49,하온비펜션,펜션/민박
