﻿순위,중심관광지ID,중심관광지명,중심시도명,중심시군구명,중심카테고리 명_중,연관관광지ID,연관관광지명,연관관광지시도명,연관관광지시군구명,구분
1,74e46a7e9365c6fd7ebfdea567445510,바람의언덕,경상남도,거제시,문화관광,af6c66dddcaa0a6799dbfddbb36a56e1,학동흑진주몽돌해변,경상남도,거제시,자연관광
2,74e46a7e9365c6fd7ebfdea567445510,바람의언덕,경상남도,거제시,문화관광,15609e2befa380c004f01902cbba840b,거제파노라마케이블카,경상남도,거제시,레저스포츠
3,74e46a7e9365c6fd7ebfdea567445510,바람의언덕,경상남도,거제시,문화관광,68704dd3250b515fc589231a12a95a90,매미성,경상남도,거제시,역사관광
4,74e46a7e9365c6fd7ebfdea567445510,바람의언덕,경상남도,거제시,문화관광,95d5dbd8c7dec0cbf7a63319ade547dd,소노캄/거제,경상남도,거제시,숙박
5,74e46a7e9365c6fd7ebfdea567445510,바람의언덕,경상남도,거제시,문화관광,65c153c4c26024c7876f464deec3dd99,대박난맛집/거제학동점,경상남도,거제시,음식
6,74e46a7e9365c6fd7ebfdea567445510,바람의언덕,경상남도,거제시,문화관광,ade92cfff310552abea681c769931d77,근포땅굴,경상남도,거제시,기타관광
7,74e46a7e9365c6fd7ebfdea567445510,바람의언덕,경상남도,거제시,문화관광,25e09de943face00d152f3e781485158,거제정글돔,경상남도,거제시,문화관광
8,74e46a7e9365c6fd7ebfdea567445510,바람의언덕,경상남도,거제시,문화관광,362ce22ba3d706f985f6b787757d1283,거제포로수용소유적공원,경상남도,거제시,역사관광
9,74e46a7e9365c6fd7ebfdea567445510,바람의언덕,경상남도,거제시,문화관광,e740b9cb391f718f593932d77aed9029,신선대,경상남도,거제시,기타관광
10,74e46a7e9365c6fd7ebfdea567445510,바람의언덕,경상남도,거제시,문화관광,dd2e51a8f0b26bf2837429e4f968a8be,바람의핫도그/본점,경상남도,거제시,음식
11,74e46a7e9365c6fd7ebfdea567445510,바람의언덕,경상남도,거제시,문화관광,e45969adfacfce16184f83738c2368ca,거제고현시장,경상남도,거제시,쇼핑
12,74e46a7e9365c6fd7ebfdea567445510,바람의언덕,경상남도,거제시,문화관광,49669cc7517f9d4dda167e69a090a1f7,해금강유람선터미널,경상남도,거제시,기타관광
13,74e46a7e9365c6fd7ebfdea567445510,바람의언덕,경상남도,거제시,문화관광,570e675a7e5397a52ef1dc31514b31e8,신선대전망대,경상남도,거제시,문화관광
14,74e46a7e9365c6fd7ebfdea567445510,바람의언덕,경상남도,거제시,문화관광,4ff07f1088625733e389d136e48e6b55,남부면수국축제,경상남도,거제시,문화관광
15,74e46a7e9365c6fd7ebfdea567445510,바람의언덕,경상남도,거제시,문화관광,dded9b0c59ec2507efacb2a177b3824b,구조라유람선터미널,경상남도,거제시,기타관광
16,74e46a7e9365c6fd7ebfdea567445510,바람의언덕,경상남도,거제시,문화관광,b43e49b1fc20ff9f2658bfcc9bcd8586,해금강,경상남도,거제시,문화관광
17,74e46a7e9365c6fd7ebfdea567445510,바람의언덕,경상남도,거제시,문화관광,eb812a99a9718233910c5426c2d76627,저구수국동산,경상남도,거제시,기타관광
18,74e46a7e9365c6fd7ebfdea567445510,바람의언덕,경상남도,거제시,문화관광,f0b5fdaba0892ead37a6296850b8d55d,통영중앙전통시장,경상남도,통영시,쇼핑
19,74e46a7e9365c6fd7ebfdea567445510,바람의언덕,경상남도,거제시,문화관광,536b6116fa9f1db1ed9722d6b36be159,한화리조트/거제벨버디어,경상남도,거제시,숙박
20,74e46a7e9365c6fd7ebfdea567445510,바람의언덕,경상남도,거제시,문화관광,ad29b248286bbbef3cd9fa80adb3615a,카페바람의언덕,경상남도,거제시,음식
21,74e46a7e9365c6fd7ebfdea567445510,바람의언덕,경상남도,거제시,문화관광,f1b68cd22c8ba90de071b28f4b8d425f,노랑버덩,경상남도,거제시,기타관광
22,74e46a7e9365c6fd7ebfdea567445510,바람의언덕,경상남도,거제시,문화관광,25a6036f0ea42c56b58f3651ab8f10c8,저구항,경상남도,거제시,자연관광
23,74e46a7e9365c6fd7ebfdea567445510,바람의언덕,경상남도,거제시,문화관광,9f688b96dfd4ec3774c459313060087e,거제식물원,경상남도,거제시,문화관광
24,74e46a7e9365c6fd7ebfdea567445510,바람의언덕,경상남도,거제시,문화관광,5da49c8d095dada83bb91d4a90a458be,공곶이수선화축제,경상남도,거제시,문화관광
25,74e46a7e9365c6fd7ebfdea567445510,바람의언덕,경상남도,거제시,문화관광,01ee856ebae41f8779a45d838df2dba8,배말칼국수김밥/거제학동점,경상남도,거제시,음식
26,74e46a7e9365c6fd7ebfdea567445510,바람의언덕,경상남도,거제시,문화관광,2af80a18a301cd3a6d9ec585d8f0ff74,썬트리팜,경상남도,거제시,음식
27,74e46a7e9365c6fd7ebfdea567445510,바람의언덕,경상남도,거제시,문화관광,daa6cff9ba435d8b3083dd7be5211d71,한꼬막두꼬막,경상남도,거제시,음식
28,74e46a7e9365c6fd7ebfdea567445510,바람의언덕,경상남도,거제시,문화관광,5cc4cf61f2401f1a8f8fc77ffe5dffa1,망치몽돌해수욕장,경상남도,거제시,자연관광
29,74e46a7e9365c6fd7ebfdea567445510,바람의언덕,경상남도,거제시,문화관광,587886a11b861f4c7c4513c0a9efa894,미피카페,경상남도,거제시,음식
30,74e46a7e9365c6fd7ebfdea567445510,바람의언덕,경상남도,거제시,문화관광,a42b4dde8771da0b852889d591002ad6,구조라해수욕장,경상남도,거제시,자연관광
31,74e46a7e9365c6fd7ebfdea567445510,바람의언덕,경상남도,거제시,문화관광,2396021a15e35d1a7579153a04507a07,여차홍포전망대,경상남도,거제시,문화관광
32,74e46a7e9365c6fd7ebfdea567445510,바람의언덕,경상남도,거제시,문화관광,b920bcc29d09636ae8f586a031c91bc9,해금강테마박물관,경상남도,거제시,문화관광
33,74e46a7e9365c6fd7ebfdea567445510,바람의언덕,경상남도,거제시,문화관광,d900734aceb12db8728c2f2598750225,마소마레,경상남도,거제시,음식
34,74e46a7e9365c6fd7ebfdea567445510,바람의언덕,경상남도,거제시,문화관광,55119882bc2c3306d3cbadd17ea2b67b,쌤김밥,경상남도,거제시,음식
35,74e46a7e9365c6fd7ebfdea567445510,바람의언덕,경상남도,거제시,문화관광,ec8b0ee0ee9dc223795d2e508d7ce2c6,라마다스위츠/거제,경상남도,거제시,숙박
36,74e46a7e9365c6fd7ebfdea567445510,바람의언덕,경상남도,거제시,문화관광,7711bceace8ea7ff175d4d4b4b13e15f,거제씨월드,경상남도,거제시,문화관광
37,74e46a7e9365c6fd7ebfdea567445510,바람의언덕,경상남도,거제시,문화관광,8128188da042360cc44f9fec4a43ec94,함목몽돌해변,경상남도,거제시,자연관광
38,74e46a7e9365c6fd7ebfdea567445510,바람의언덕,경상남도,거제시,문화관광,94c5d2351505e5629017b9e26c6d4002,충무할매김밥,경상남도,거제시,음식
39,74e46a7e9365c6fd7ebfdea567445510,바람의언덕,경상남도,거제시,문화관광,fc1c7da1f96084cd9090c58dbe544a14,스터번호텔,경상남도,거제시,숙박
40,74e46a7e9365c6fd7ebfdea567445510,바람의언덕,경상남도,거제시,문화관광,d3e9eb7e344d3c735132913a9f6a5dc5,김영삼대통령생가,경상남도,거제시,역사관광
41,74e46a7e9365c6fd7ebfdea567445510,바람의언덕,경상남도,거제시,문화관광,08d6b40352da7a3c6a12f820bb5c2ac3,공곶이수목원,경상남도,거제시,문화관광
42,74e46a7e9365c6fd7ebfdea567445510,바람의언덕,경상남도,거제시,문화관광,24134bddc5986a6e355da33d9b3ccc62,강성횟집/본점,경상남도,거제시,음식
43,74e46a7e9365c6fd7ebfdea567445510,바람의언덕,경상남도,거제시,문화관광,0bdfd8cd07fbca7e807bcb93916da27c,배말칼국수김밥/본점,경상남도,거제시,음식
44,74e46a7e9365c6fd7ebfdea567445510,바람의언덕,경상남도,거제시,문화관광,0d172947716c21d25ceeefdefcc97ba5,와현유람선터미널,경상남도,거제시,기타관광
45,74e46a7e9365c6fd7ebfdea567445510,바람의언덕,경상남도,거제시,문화관광,ab9f556bbce853c6051ab621baf34abc,거제썬트리팜리조트,경상남도,거제시,숙박
46,74e46a7e9365c6fd7ebfdea567445510,바람의언덕,경상남도,거제시,문화관광,aa6212693bb7029b1eb3b45f196f84e7,지세포관광유람선,경상남도,거제시,기타관광
47,74e46a7e9365c6fd7ebfdea567445510,바람의언덕,경상남도,거제시,문화관광,a5f1b5a349d58c701c03d60d1570b1f1,포로수용소굴구이/고현점,경상남도,거제시,음식
48,74e46a7e9365c6fd7ebfdea567445510,바람의언덕,경상남도,거제시,문화관광,9724eaba265ae642aa76ee18c7874946,거제섬꽃축제,경상남도,거제시,문화관광
49,74e46a7e9365c6fd7ebfdea567445510,바람의언덕,경상남도,거제시,문화관광,4838d4944221239d9fcb38ebe693ed61,거제목재문화체험장,경상남도,거제시,문화관광
50,74e46a7e9365c6fd7ebfdea567445510,바람의언덕,경상남도,거제시,문화관광,256c12bd05ca3951eb69ef97657904e6,거제멸치쌈밥,경상남도,거제시,음식
