﻿시군구명,시도명,관광지명,구분,방문자수
거제시,경상남도,이수도(거제),자연관광지,25753
거제시,경상남도,거제식물원(거제정글돔),자연관광지,12662
거제시,경상남도,근포동굴,자연관광지,9427
거제시,경상남도,매미성,자연관광지,9068
거제시,경상남도,바람의 언덕,자연관광지,8654
거제시,경상남도,외도 보타니아,휴양관광지,8087
거제시,경상남도,거제케이블카,자연관광지,3622
거제시,경상남도,거제고현시장,쇼핑,3444
거제시,경상남도,노랑버덩,자연관광지,3435
거제시,경상남도,거제도 해금강,자연관광지,3040
거제시,경상남도,거제씨월드,문화시설,2999
거제시,경상남도,지심도,자연관광지,2973
거제시,경상남도,거제맹종죽테마공원,휴양관광지,2773
거제시,경상남도,거제도 포로수용소 유적공원,역사관광지,2651
거제시,경상남도,거제 옥화마을,체험관광지,2591
거제시,경상남도,공곶이,산업관광지,2590
거제시,경상남도,저구항,자연관광지,2550
거제시,경상남도,어구선착장/ 어구항,자연관광지,2503
거제시,경상남도,소노캄 거제 마리나베이 요트투어,수상 레포츠,2314
거제시,경상남도,거제저도유람선,휴양관광지,2221
거제시,경상남도,학동자동차야영장,육상 레포츠,2187
거제시,경상남도,외도 구조라 유람선,휴양관광지,2096
거제시,경상남도,학동흑진주몽돌해변,자연관광지,1843
거제시,경상남도,내도(거제),자연관광지,1694
거제시,경상남도,한려해상국립공원(거제),자연관광지,1685
거제시,경상남도,칠천도,자연관광지,1668
거제시,경상남도,거제 계도어촌체험마을,체험관광지,1613
거제시,경상남도,한화오션 거제사업장(구_ 대우조선해양 옥포조선소),산업관광지,1544
거제시,경상남도,예이제게장백반 본점,음식점,1542
거제시,경상남도,거제도해수보양온천,휴양관광지,1467
거제시,경상남도,대금산(거제),자연관광지,1462
거제시,경상남도,거제도,자연관광지,1408
거제시,경상남도,거제 관광모노레일,체험관광지,1370
거제시,경상남도,해금강유람선,휴양관광지,1328
거제시,경상남도,해안거님길,육상 레포츠,1326
거제시,경상남도,옥포항 해안둘레길,육상 레포츠,1298
거제시,경상남도,산방산 비원,자연관광지,1228
거제시,경상남도,바운스 어드벤처 앤 트램펄린 파크,육상 레포츠,1211
거제시,경상남도,여차해변 (여차몽돌해수욕장),자연관광지,1086
거제시,경상남도,와현모래숲해변,자연관광지,1059
거제시,경상남도,장사도 유람선,휴양관광지,1025
거제시,경상남도,거제곤충생태박물관,문화시설,1020
거제시,경상남도,숲소리공원,자연관광지,1013
거제시,경상남도,황포해수욕장,자연관광지,930
거제시,경상남도,한화오션 거제사업장(구_ 대우조선해양 옥포조선소),산업관광지,928
거제시,경상남도,거제식물원,자연관광지,914
거제시,경상남도,한화리조트 거제 벨버디어,휴양관광지,895
거제시,경상남도,망치몽돌해수욕장,자연관광지,890
거제시,경상남도,쌍근오토캠핑장,육상 레포츠,875
거제시,경상남도,여차_홍포간 해안도로,자연관광지,873
거제시,경상남도,학동 내촐 유채꽃밭,자연관광지,861
거제시,경상남도,둔덕시골농촌체험센터,체험관광지,833
거제시,경상남도,신선대 전망대,건축/조형물,828
거제시,경상남도,양지암조각공원,문화시설,817
거제시,경상남도,외도유람선 외도랑 / 와현유람선터미널,휴양관광지,813
거제시,경상남도,거제어촌민속전시관,문화시설,807
거제시,경상남도,원조거제굴구이,음식점,797
거제시,경상남도,거제대교,건축/조형물,787
거제시,경상남도,지세포 낚시공원,수상 레포츠,781
거제시,경상남도,도장포유람선,휴양관광지,776
거제시,경상남도,흥남해수욕장,자연관광지,765
거제시,경상남도,시방선착장,자연관광지,759
거제시,경상남도,농소몽돌해변,자연관광지,699
거제시,경상남도,저도(거제),자연관광지,691
거제시,경상남도,함목몽돌해변,자연관광지,690
거제시,경상남도,예이제해물듬뿍칼국수 게장,음식점,674
거제시,경상남도,옥계오토캠핑장,육상 레포츠,673
거제시,경상남도,저구마을,체험관광지,655
거제시,경상남도,외도와현유람선,휴양관광지,651
거제시,경상남도,가조도,자연관광지,647
거제시,경상남도,바람의제트보트,수상 레포츠,647
거제시,경상남도,장승포수변공원,휴양관광지,639
거제시,경상남도,거제자연휴양림,자연관광지,629
거제시,경상남도,가라산,자연관광지,626
거제시,경상남도,현보참숯구이,음식점,624
거제시,경상남도,거제 유호리전망대,건축/조형물,603
거제시,경상남도,학동 흑진주 몽돌해변,자연관광지,592
거제시,경상남도,거제 윤돌섬,자연관광지,582
거제시,경상남도,여차 홍포전망대,건축/조형물,576
거제시,경상남도,지세포성 꽃동산,자연관광지,574
거제시,경상남도,산달도,자연관광지,565
거제시,경상남도,거제오션뷰카트체험장,육상 레포츠,564
거제시,경상남도,궁농오토캠핑장,육상 레포츠,558
거제시,경상남도,구조라해수욕장,자연관광지,549
거제시,경상남도,문동폭포,자연관광지,547
거제시,경상남도,대포항 / 대포근포항,자연관광지,545
거제시,경상남도,막썰어횟집,음식점,544
거제시,경상남도,거가대교,건축/조형물,542
거제시,경상남도,장승포 해안일주도로,자연관광지,542
거제시,경상남도,어부횟집,음식점,540
거제시,경상남도,외포리 대구탕거리,체험관광지,529
거제시,경상남도,문재인대통령 생가,역사관광지,524
거제시,경상남도,후릿개다리,건축/조형물,523
거제시,경상남도,계룡산,자연관광지,522
거제시,경상남도,거제문화예술회관,문화시설,519
거제시,경상남도,거제도더꽃 매미성점,음식점,516
거제시,경상남도,동부저수지,자연관광지,507
거제시,경상남도,거제 우제봉전망대,건축/조형물,502
거제시,경상남도,샛바람소리길,육상 레포츠,498
거제시,경상남도,거제자연휴양림캠핑장,육상 레포츠,497
