﻿순위,관광지ID,업소명,분류
1,167a0e1fd3f7197da9602ddf0146cd4f,온기당,한식
2,bf266b07f5c84864f700d003f9215714,젬스톤거제점,카페/찻집
3,9e29d3bf6ee60dd5428cfb316be422a6,엄마의바다,카페/찻집
4,9b1bafbca0e91aa94128e223dad2579a,오색집,한식
5,546664e93ec3b1a6b5c232c5b397c80e,온더선셋,카페/찻집
6,5696eaa9b12d1ca8d48583100bb626ba,덕담골황칠유황오리,전문음식
7,485dbeaf563be4362cea43ee82820f8c,블랙업커피수월점,카페/찻집
8,40fe422b9a4fd7178dda7b3dcf963df6,성내곰탕,한식
9,d900734aceb12db8728c2f2598750225,마소마레,카페/찻집
10,27ff3eb6481cfed05a1d5e9b490f2387,짹짹커피거제도본점,카페/찻집
11,38d5fcc6715ff1a5ee5cc67075f97eb8,하면옥본점,한식
12,f99b5daf1aa0bb8845a81c9b8392d4cd,스타벅스거제대로DT점,카페/찻집
13,1b78e058be830d3304705c8ed68d91f0,명륜진사갈비거제수월점,한식
14,f96c7fa8739718d9a52be840d8642ac5,맥도날드거제옥포SK DT점,간이음식
15,3e0f9e099db48c1e8b541ea41d1591e4,더블유181,카페/찻집
16,2146b76f7f4873ba7c00b40335977dc4,스타벅스거제옥포DT점,카페/찻집
17,3f6f9bba379a679d9318df034ed2a619,오송웨이브,카페/찻집
18,019aa17e2b801e42bf84cbb2a9dd0d96,메리클리프,카페/찻집
19,20281615fbda13c734bcf49fab199322,둔덕농협한우관,한식
20,6c02813172d775c78bc0641619d5edc5,씨야드,카페/찻집
21,65c153c4c26024c7876f464deec3dd99,대박난맛집거제학동점,한식
22,f2d4512c22c5d414e6b55c9ca7fe67b5,금농갈비,한식
23,1b870b59a44b0f4535704b536867e5a1,부산한방돼지국밥,한식
24,dfd880fe0c8eabbb5c302db8dc214f16,몰리힐스,카페/찻집
25,587886a11b861f4c7c4513c0a9efa894,미피카페,카페/찻집
26,fe888122b648183a8ff2236de3cac077,더외간,카페/찻집
26,daa6cff9ba435d8b3083dd7be5211d71,한꼬막두꼬막,전문음식
28,4ccd164fab5aa3447917a466f0ac7d15,폴 바셋거제아주DT점,카페/찻집
29,64908913f95a08f1f2c2c027661deba7,유가네닭갈비거제아주점,전문음식
30,fdf6e9612db1f8440766d3fb1375caf6,만선호해물칼국수,한식
31,515937d9be397afa8e6c7a211e50bcc8,먹싸갈비,한식
32,f274b74e834d35dfc57cff5971b1c9c4,이디야커피거제서정점,카페/찻집
33,4634b56808c8659eb6fa7d195aeb535d,꽃담,한식
34,dd2e51a8f0b26bf2837429e4f968a8be,바람의핫도그본점,간이음식
35,dab247312d1e69c20eb9191e5855a15e,윤돌커피,카페/찻집
36,dad9abc2462e20aa29afcecb024d3ff4,글래씨스,카페/찻집
37,b9d05a872e13e8bee20308a986d1e9d1,거제보재기집,전문음식
38,a29b08d3fd9b6b92bcacab24ca4bb4c4,두찜거제아주점,전문음식
39,7017b6618ddd1e03b23385ed97e41e42,샤브연리지거제양정점,전문음식
40,cfcb84b8c8a0a30828c5573cfbeee9a0,그루브인,카페/찻집
41,8e287b0d7b488f8b5b126621f1018232,수월양어장 보리밥집,한식
42,d164718244fc5303caf19db5ccd786d7,심해,카페/찻집
43,190f875c53c01b63e4691fa8366f94ec,신다연,전문음식
44,17e46a9f83c6a93aa57bdae5226009e0,시방리카페,카페/찻집
44,93f4fdd400203d69310fed917c5ed82a,콩시루거제신현점,한식
46,df2a64b143853256affb8a1461510288,수나로이,전문음식
47,8dadec40506ffd900bf94176a0a0b257,성포끝집,전문음식
48,014200035cd1da6860285ddf22e7beba,둘째보는날,한식
49,2e0877111d8fa068b2e63d52220ea457,마틴커피,카페/찻집
50,ad29b248286bbbef3cd9fa80adb3615a,카페바람의언덕,카페/찻집
51,88d163e8cbb589ed39c2c1cca8791a3a,믹스토랑거제사곡점,전문음식
52,55119882bc2c3306d3cbadd17ea2b67b,쌤김밥,간이음식
53,24134bddc5986a6e355da33d9b3ccc62,강성횟집본점,전문음식
54,05e1e2dc5b8f243110b013fb4d264b97,스타벅스거제고현점,카페/찻집
55,af5b462b841ce7200c837ee8645c115d,웅아물회,전문음식
56,fc0b0bda033ceeb70e39acc2d152c399,여기로가조,음식점기타
57,6981a38d840c09b4d3ded6dfa3715077,디딤돌회,전문음식
58,773633ea61c5675e35a52834d359bd80,멍마르뜨,카페/찻집
59,33330fcd8063bcf953223653634939c8,산봉쌈밥,한식
60,5cd7f241d5c2bd66ddbc84792ee1e725,외도널서리,카페/찻집
61,1507376e87eff7cc2968de4f3b64c099,목구멍옥포점,한식
62,5bc8b3c7280bf55ee88e6105c2d4c0c4,카페구아나,카페/찻집
63,717fe4f4bb96bb8d3b3555e3ed1e5b40,승천냉면갈비찜,한식
64,5f3203f17e1e5e7c73845f89a7ceea92,롤링핀거제시청점,간이음식
65,0bdfd8cd07fbca7e807bcb93916da27c,배말칼국수김밥본점,한식
66,ca118ba88420aca343fdd7addc10ed73,용산마루,한식
66,607b740e01931da9c1849cc908281ec3,카페해시목,카페/찻집
68,e91db82e309f35df5b6f8fbf0101d97a,삼삼해물장승포점,전문음식
69,5982991a2830f80a66b154afd7216c5c,모정해물탕,한식
70,e411f63bbc3892b0918b5c2681208e9e,거제해금강회센터,전문음식
71,1d90308a6ef0d5eb144525e87e048afd,스타벅스거제장평점,카페/찻집
72,256c12bd05ca3951eb69ef97657904e6,거제멸치쌈밥,한식
73,1d312d68b200651db3f16112e18e7a89,배말칼국수김밥거제장목점,한식
74,967d76440687313fafc1ed5c351ebe0e,윤식당,한식
75,c5b2ad2b5ed67b9819f1002baf83cba9,청마루대구뽈찜,한식
76,256ba5ba6f2bfa34abec788585b47c12,인간미,전문음식
77,90be2b1879732c6f7857ed5e6e3f3589,천안문[중식],외국식
78,0b623a1a72ce98d67f7810a5f2f13c1d,더꽃매미성점,한식
79,e9853f93fae71b9dfc8202f2f830392b,어방가,전문음식
80,f9d4c16fb52a15581769b8b84be30964,장수굴국밥,한식
81,00704f68322bc83d65b6d922a74f5aa7,소오비두부집,한식
82,188f7b40724e9ead7e4792655b74039b,우면가,한식
83,9fc56e0263b4e84376d0f9ac2204eb3b,장가네일품순두부거제상동점,한식
84,cf91b8098f16064da3625d087c4dcf4c,대원군숯불갈비,한식
85,37926e5096ed58204d645b3ad32ee244,쿠우쿠우거제점,전문음식
86,b958400cb8bbae18ae24b5e6a5a22758,언양닭칼국수거제문동점,한식
87,fc23a54fda5b697ca95a7dd23686cc0d,샹샹[중식],외국식
88,76f082ae82baf53ea2fb887d449af3ab,두리원,한식
89,74abb9d755e6dd60c3b027038e4ceab7,초정명가,전문음식
90,7ca33582dcd8951b7568256bef9403b4,볶다[중식],외국식
91,87d18c9bb94006cd0345c2deb0939156,점순이네밥집,한식
92,4cfbbbb7a2e3d1e8cfd7cf342a626e29,인더스하버,카페/찻집
93,c07a7dca1d1f2ce18bc91456e9e1b51a,워닉커피로스터스본점,카페/찻집
94,6802ad1aee3567c2735263bec03d706e,아지트,한식
95,71c293582b3433121d44e87c47f1fe0e,파인에이플러스,전문음식
96,e8de6a6348455961da862a0b184f4e35,순봉가,한식
97,4c41782cce1168031b27836178b340ae,에버어뮤즈,카페/찻집
98,60d0c3590c28461c5f7f77f38f55fe11,바삭꽈배기,간이음식
99,b37bb6ab391c68444b5c1f7c2092095a,대패생각거제고현점,한식
100,c41caf668c57108a217c32a5c41a4f49,아웃백스테이크하우스거제점,전문음식
