﻿순위,관광지ID,관광지명,분류
1,95d5dbd8c7dec0cbf7a63319ade547dd,소노캄거제,콘도미니엄
2,536b6116fa9f1db1ed9722d6b36be159,한화리조트거제벨버디어,콘도미니엄
3,fb52889f1d613ff2b995edb4ad71c7f2,고현시외버스터미널,교통시설
4,e45969adfacfce16184f83738c2368ca,거제고현시장,시장
5,74e46a7e9365c6fd7ebfdea567445510,바람의언덕,기타문화관광지
6,68704dd3250b515fc589231a12a95a90,매미성,역사유적지
7,af6c66dddcaa0a6799dbfddbb36a56e1,학동흑진주몽돌해변,자연경관(하천/해양)
8,15609e2befa380c004f01902cbba840b,거제파노라마케이블카,기타레저스포츠
9,25e09de943face00d152f3e781485158,거제정글돔,테마공원
10,bfbb62d2f2835661226861807f179a9c,디큐브거제백화점,백화점
11,362ce22ba3d706f985f6b787757d1283,거제포로수용소유적공원,역사유적지
12,dc11ed541d99e29289d0c6cc43ce3ed7,예구선착장,교통시설
13,a42b4dde8771da0b852889d591002ad6,구조라해수욕장,자연경관(하천/해양)
14,1063fe0495baa44afb3dfc91f62f3df9,거제해수보양온천,웰니스관광
15,57e0205dc4859872b3e30786de43c5d0,거제삼성호텔,호텔
16,ac6f063c4fe9738a5d5455c58b7ed4cf,거제도,자연경관(하천/해양)
17,3c5699d224b7feb3f6c66508a41e65f6,덕포해수욕장,자연경관(하천/해양)
18,44c0d38dd4325220ef98a1ae6f1641b7,사곡해수욕장,자연경관(하천/해양)
19,2cb0740331c17a9c648e3a099946ac0b,시방선착장,교통시설
20,11c8f1da8f1f18145fab839ae0c695a1,지세포방파제,자연경관(하천/해양)
21,7b9c100bb4df417e6db8c687c1c2018a,거제뷰CC,육상레저스포츠
22,dded9b0c59ec2507efacb2a177b3824b,구조라유람선터미널,교통시설
23,54af34f0e62674dd367ee1de5a4e3548,드비치골프클럽,육상레저스포츠
24,99115d875504236a6139eeed5f56818d,옥포국제시장,시장
25,9b859c579d23de11cf05585a5f3b44f5,와현모래숲해변,자연경관(하천/해양)
26,25a6036f0ea42c56b58f3651ab8f10c8,저구항,자연경관(하천/해양)
27,2b24a9b4a1a73a067f79be4583ad5dc5,장승포항,자연경관(하천/해양)
28,ec8b0ee0ee9dc223795d2e508d7ce2c6,라마다스위츠거제,호텔
29,4ca990340bc9d6dcb30040772fcf87d1,지세포항,자연경관(하천/해양)
30,ade92cfff310552abea681c769931d77,근포땅굴,기타관광
31,0f01498fd44c07ac03163e1780a00ac4,장승포여객선터미널,교통시설
32,9f688b96dfd4ec3774c459313060087e,거제식물원,테마공원
33,5cc4cf61f2401f1a8f8fc77ffe5dffa1,망치몽돌해수욕장,자연경관(하천/해양)
34,7711bceace8ea7ff175d4d4b4b13e15f,거제씨월드,테마공원
35,04c5ae0e95662e9a8dc9c2cd7e37e95c,리베라호텔거제,호텔
36,8c3f27af9ce559c5e87ad2627cb7d508,칠천도,자연경관(하천/해양)
37,4ef3a002d04b89c92f711627548e0a28,흥남해수욕장,자연경관(하천/해양)
38,d3e9eb7e344d3c735132913a9f6a5dc5,김영삼대통령생가,역사유적지
39,49669cc7517f9d4dda167e69a090a1f7,해금강유람선터미널,교통시설
40,faadbc81e813d42235ca33588a3f1c35,거제숲소리공원,도시공원
41,c8ca1d98e4271c3cec2586f336c941b9,농소몽돌해수욕장,자연경관(하천/해양)
42,14ef6a752da2fb0ba2adfe997e4d88a4,슬로우소랑,펜션/민박
43,2525fb019b7ed6df4f69e7df7e857be7,조선해양문화관,전시시설
44,f211f16f2d2906092923b4710efbd8e0,씨릉섬출렁다리,기타관광
45,396c36a60f33a8aa97b8c42779a7e691,CGV거제,공연시설
46,f94ed053d6b1b19701a5883bc309e561,외포항,교통시설
47,96a435478eb5262f4e2771b262cfa510,거제자연휴양림,자연공원
48,2733c445fccee75ed7069012f84ed43f,거제맹종죽테마파크,테마공원
49,b43e49b1fc20ff9f2658bfcc9bcd8586,해금강,복합관광시설
50,0f4502ccfc7788f212feede1e49444dc,명사해수욕장,자연경관(하천/해양)
51,aa6212693bb7029b1eb3b45f196f84e7,지세포관광유람선,교통시설
52,3b74970d58263a584030e0764f0db363,리우오션레지던스,콘도미니엄
53,995e1fda4a2b5f55ef0df50868bf2a8f,가조도,자연경관(하천/해양)
54,a08697d90f31c7feea8bad36e88ce1d6,이수도선착장,교통시설
55,15a7cf9524e4d3ec0e14ce636ca2af3f,도장포유람선터미널,교통시설
56,6961752d9783f560810c4a09e5b90825,양지암조각공원,도시공원
57,f331ba4b42534b4bfc2b84e853307b2f,거제시청소년수련관,육상레저스포츠
58,7215b807d6358f1fa6b6451ffc20d17b,공곶이,기타관광
59,e4581ebdd7dc4a71d8ed82497833a573,황포해수욕장,자연경관(하천/해양)
60,0d172947716c21d25ceeefdefcc97ba5,와현유람선터미널,교통시설
61,82f5642b943ea1592d4cb7af74dc0fbe,능포항,자연경관(하천/해양)
62,3100649bd549ea826a34895c9f89c58e,송포방파제,자연경관(하천/해양)
63,3d9382feaf484d2264c6ff2e01046852,학동자동차야영장,캠핑
64,8672fb8cc551073231dcb001a441e06e,대포항,자연경관(하천/해양)
65,f91155372a965c01c8953b59ebb8ca08,계룡산온천,웰니스관광
66,94af31dd7219c3d6b64adaace126c3e8,산달도,자연경관(하천/해양)
67,4748304d27d5f4ccc353535e8612d8cc,구조라항,자연경관(하천/해양)
68,8b50db13e7a05042a1500dc85f4e9fd0,신광사,종교성지
69,4ee9f942a75e632741f3469b53005d92,여차몽돌해수욕장,자연경관(하천/해양)
70,e740b9cb391f718f593932d77aed9029,신선대,기타관광
71,4d6d29846b24ab1d8f0a1bab1d4c57f7,능포수변공원,도시공원
72,2396021a15e35d1a7579153a04507a07,여차홍포전망대,랜드마크관광
73,edf006796f8a55eeab8c23db59cd32e7,더포라스위츠호텔,호텔
74,fc1c7da1f96084cd9090c58dbe544a14,스터번호텔,호텔
75,b386fa3c7e6e15e9f9ec04bdb2237a8f,호텔상상,호텔
76,55a19e6309c7c6b0953e9ef41c2285e0,독봉산웰빙공원,도시공원
77,a815f6353e12595971bb8de1f75516a5,거제관광모노레일,기타관광
78,ac32231f7636d76769ac4d39d68820c2,외도유람선장승포선착장,교통시설
79,b70f9665d8cdc24afd633aec251631ef,버드앤피쉬체험장,기타관광
80,08d6b40352da7a3c6a12f820bb5c2ac3,공곶이수목원,테마공원
81,3938ef43c39711a818fc9172650daa6d,계도방파제,자연경관(하천/해양)
82,d39f1a1df6a320f46f92c5304205e2ae,능포낚시공원,수상레저스포츠
83,6c227306a92f9d81cc0c514a7a1f7aa6,홈포레스트리조트거제,콘도미니엄
84,5a3381da602364fb1d70137957f480b8,프래밀리풀빌라호텔,호텔
85,955dfc26a12c1b03725546f4fbea634f,옥포항,자연경관(하천/해양)
86,d92e7305d8a521e71cd68abcf2e75db2,유호전망대,랜드마크관광
87,4838d4944221239d9fcb38ebe693ed61,거제목재문화체험장,기타문화관광지
88,794d40fdfa8ac18ad604289ab46b60c0,옥포대첩기념공원,도시공원
89,73d71f7a9534de6a8e6c2857db321121,장승포시외버스터미널,교통시설
90,8a1b26a141d78b5e6dc3767aac02e897,근포항,자연경관(하천/해양)
91,7bca78e1ec4032c2ad49cdbe8b47f74a,산달바다캠핑장,캠핑
92,71e5da88f68343bad0af75b478fb25c3,황덕도,자연경관(하천/해양)
93,5b5dc56b04a47f100cbdb145f8e86ed3,지세포항수변공원,도시공원
94,0c682133d50f870ba99e6fb4cb7f0cd0,성포항,자연경관(하천/해양)
95,800a520df224072d233326920a69b12c,거제선셋한옥풀빌라&리조트,펜션/민박
96,570e675a7e5397a52ef1dc31514b31e8,신선대전망대,랜드마크관광
97,bde83ca16fad96fcd39f48ccf067cc30,가조도풀하우스펜션,펜션/민박
98,a1d1aa61b144168bc706619374b88818,옥포수변공원,도시공원
99,cfdcff0ab807a011e25e0114b572d28b,문동폭포,자연경관(산)
100,1e30650d4500f5b645ea4e10437304b7,어구항,자연경관(하천/해양)
