﻿순위,관광지ID,관광지명,분류
1,74e46a7e9365c6fd7ebfdea567445510,바람의언덕,문화관광
2,68704dd3250b515fc589231a12a95a90,매미성,역사관광
3,95d5dbd8c7dec0cbf7a63319ade547dd,소노캄/거제,숙박
4,15609e2befa380c004f01902cbba840b,거제파노라마케이블카,레저스포츠
5,af6c66dddcaa0a6799dbfddbb36a56e1,학동흑진주몽돌해변,자연관광
6,536b6116fa9f1db1ed9722d6b36be159,한화리조트/거제벨버디어,숙박
7,e45969adfacfce16184f83738c2368ca,거제고현시장,쇼핑
8,25e09de943face00d152f3e781485158,거제정글돔,문화관광
9,362ce22ba3d706f985f6b787757d1283,거제포로수용소유적공원,역사관광
10,ade92cfff310552abea681c769931d77,근포땅굴,기타관광
11,9f688b96dfd4ec3774c459313060087e,거제식물원,문화관광
12,dded9b0c59ec2507efacb2a177b3824b,구조라유람선터미널,기타관광
13,a42b4dde8771da0b852889d591002ad6,구조라해수욕장,자연관광
14,d3e9eb7e344d3c735132913a9f6a5dc5,김영삼대통령생가,역사관광
15,ec8b0ee0ee9dc223795d2e508d7ce2c6,라마다스위츠/거제,숙박
16,5cc4cf61f2401f1a8f8fc77ffe5dffa1,망치몽돌해수욕장,자연관광
17,7711bceace8ea7ff175d4d4b4b13e15f,거제씨월드,문화관광
18,e740b9cb391f718f593932d77aed9029,신선대,기타관광
19,49669cc7517f9d4dda167e69a090a1f7,해금강유람선터미널,기타관광
20,b43e49b1fc20ff9f2658bfcc9bcd8586,해금강,문화관광
21,2733c445fccee75ed7069012f84ed43f,거제맹종죽테마파크,문화관광
22,570e675a7e5397a52ef1dc31514b31e8,신선대전망대,문화관광
23,aa6212693bb7029b1eb3b45f196f84e7,지세포관광유람선,기타관광
24,15a7cf9524e4d3ec0e14ce636ca2af3f,도장포유람선터미널,기타관광
25,2b24a9b4a1a73a067f79be4583ad5dc5,장승포항,자연관광
26,c8ca1d98e4271c3cec2586f336c941b9,농소몽돌해수욕장,자연관광
27,0f01498fd44c07ac03163e1780a00ac4,장승포여객선터미널,기타관광
28,57e0205dc4859872b3e30786de43c5d0,거제삼성호텔,숙박
29,2396021a15e35d1a7579153a04507a07,여차홍포전망대,문화관광
30,4ca990340bc9d6dcb30040772fcf87d1,지세포항,자연관광
31,2525fb019b7ed6df4f69e7df7e857be7,조선해양문화관,문화관광
32,9b859c579d23de11cf05585a5f3b44f5,와현모래숲해변,자연관광
33,a815f6353e12595971bb8de1f75516a5,거제관광모노레일,기타관광
34,0d172947716c21d25ceeefdefcc97ba5,와현유람선터미널,기타관광
35,25a6036f0ea42c56b58f3651ab8f10c8,저구항,자연관광
36,f94ed053d6b1b19701a5883bc309e561,외포항,기타관광
37,ac32231f7636d76769ac4d39d68820c2,외도유람선/장승포선착장,기타관광
38,04c5ae0e95662e9a8dc9c2cd7e37e95c,리베라호텔/거제,숙박
39,faadbc81e813d42235ca33588a3f1c35,거제숲소리공원,문화관광
40,0f4502ccfc7788f212feede1e49444dc,명사해수욕장,자연관광
41,11c8f1da8f1f18145fab839ae0c695a1,지세포방파제,자연관광
42,44c0d38dd4325220ef98a1ae6f1641b7,사곡해수욕장,자연관광
43,f1b68cd22c8ba90de071b28f4b8d425f,노랑버덩,기타관광
44,3c5699d224b7feb3f6c66508a41e65f6,덕포해수욕장,자연관광
45,54af34f0e62674dd367ee1de5a4e3548,드비치골프클럽,레저스포츠
46,4ee9f942a75e632741f3469b53005d92,여차몽돌해수욕장,자연관광
47,bfbb62d2f2835661226861807f179a9c,디큐브거제백화점,쇼핑
48,4ef3a002d04b89c92f711627548e0a28,흥남해수욕장,자연관광
49,b920bcc29d09636ae8f586a031c91bc9,해금강테마박물관,문화관광
50,08d6b40352da7a3c6a12f820bb5c2ac3,공곶이수목원,문화관광
51,96a435478eb5262f4e2771b262cfa510,거제자연휴양림,자연관광
52,8c3f27af9ce559c5e87ad2627cb7d508,칠천도,자연관광
53,1063fe0495baa44afb3dfc91f62f3df9,거제해수보양온천,체험관광
54,99115d875504236a6139eeed5f56818d,옥포국제시장,쇼핑
55,ac6f063c4fe9738a5d5455c58b7ed4cf,거제도,자연관광
56,b386fa3c7e6e15e9f9ec04bdb2237a8f,호텔상상,숙박
57,6961752d9783f560810c4a09e5b90825,양지암조각공원,문화관광
58,edf006796f8a55eeab8c23db59cd32e7,더포라스위츠호텔,숙박
59,f211f16f2d2906092923b4710efbd8e0,씨릉섬출렁다리,기타관광
60,8128188da042360cc44f9fec4a43ec94,함목몽돌해변,자연관광
61,794d40fdfa8ac18ad604289ab46b60c0,옥포대첩기념공원,문화관광
62,7b9c100bb4df417e6db8c687c1c2018a,거제뷰CC,레저스포츠
63,4748304d27d5f4ccc353535e8612d8cc,구조라항,자연관광
64,fc1c7da1f96084cd9090c58dbe544a14,스터번호텔,숙박
65,995e1fda4a2b5f55ef0df50868bf2a8f,가조도,자연관광
66,d92e7305d8a521e71cd68abcf2e75db2,유호전망대,문화관광
67,e1d2d43f8d31a42b1012a01c2eb5d7f2,포로수용소테마파크,기타관광
68,02482aef6e8f59fb6e5da2d95d7ff11e,거제저도유람선,기타관광
69,b70f9665d8cdc24afd633aec251631ef,버드앤피쉬체험장,기타관광
70,eb812a99a9718233910c5426c2d76627,저구수국동산,기타관광
71,8f6729aa8439e5cec383dd9f47e3959c,구조라진성,기타관광
72,f8c38f09f1d8a846211bf81c637f9e3b,오션뷰카트체험장,레저스포츠
73,3100649bd549ea826a34895c9f89c58e,송포방파제,자연관광
74,39c88f28fe74d4b9e14b2ff6a0953f45,칠천량해전공원,문화관광
75,5a3381da602364fb1d70137957f480b8,프래밀리풀빌라호텔,숙박
76,14ef6a752da2fb0ba2adfe997e4d88a4,슬로우소랑,숙박
77,950a327e0358c1763bd63080040e9f86,장승포유람선선착장,기타관광
78,f5da455455eb78ee6838006221a78a20,지세포성꽃동산,기타관광
79,c992dcaa5c9958ad8d872efa2f56ad2c,바람의언덕리조트,숙박
80,a9ad4e32c8d841869f4bf5980626344d,와우쥬/거제점,문화관광
81,396c36a60f33a8aa97b8c42779a7e691,CGV/거제,문화관광
82,4ff07f1088625733e389d136e48e6b55,남부면수국축제,문화관광
83,5b5dc56b04a47f100cbdb145f8e86ed3,지세포항수변공원,문화관광
84,6c227306a92f9d81cc0c514a7a1f7aa6,홈포레스트리조트/거제,숙박
85,8a1b26a141d78b5e6dc3767aac02e897,근포항,자연관광
86,955dfc26a12c1b03725546f4fbea634f,옥포항,자연관광
87,82f5642b943ea1592d4cb7af74dc0fbe,능포항,자연관광
88,3b74970d58263a584030e0764f0db363,리우오션레지던스,숙박
89,8b50db13e7a05042a1500dc85f4e9fd0,신광사,역사관광
90,d0f1eff4bb654f10ce4d677093962206,궁농항,자연관광
91,d39f1a1df6a320f46f92c5304205e2ae,능포낚시공원,레저스포츠
92,51e254efcf565955d88c85be2d8a0d80,외도보타니아,체험관광
93,3938ef43c39711a818fc9172650daa6d,계도방파제,자연관광
94,58ca4045a907125f780d327697c5d37d,장승포해안일주도로,기타관광
95,e4581ebdd7dc4a71d8ed82497833a573,황포해수욕장,자연관광
96,2cb0740331c17a9c648e3a099946ac0b,시방선착장,기타관광
97,94af31dd7219c3d6b64adaace126c3e8,산달도,자연관광
98,7888a94db1e7e5619ba63c23045c5fce,장사도근포유람선,기타관광
99,5cffe6fe07583794b5ecabefa61ee5e3,장목항,자연관광
100,18d6068a7369faefc15d22e1f2778268,두모몽돌해변,자연관광
