﻿순위,관광지ID,업소명,분류
1,546664e93ec3b1a6b5c232c5b397c80e,온더선셋,카페/찻집
2,3e0f9e099db48c1e8b541ea41d1591e4,더블유181,카페/찻집
3,65c153c4c26024c7876f464deec3dd99,대박난맛집거제학동점,한식
4,167a0e1fd3f7197da9602ddf0146cd4f,온기당,한식
5,d900734aceb12db8728c2f2598750225,마소마레,카페/찻집
6,9b1bafbca0e91aa94128e223dad2579a,오색집,한식
7,bf266b07f5c84864f700d003f9215714,젬스톤거제점,카페/찻집
8,daa6cff9ba435d8b3083dd7be5211d71,한꼬막두꼬막,전문음식
9,dd2e51a8f0b26bf2837429e4f968a8be,바람의핫도그본점,간이음식
10,38d5fcc6715ff1a5ee5cc67075f97eb8,하면옥본점,한식
11,fdf6e9612db1f8440766d3fb1375caf6,만선호해물칼국수,한식
12,0bdfd8cd07fbca7e807bcb93916da27c,배말칼국수김밥본점,한식
13,55119882bc2c3306d3cbadd17ea2b67b,쌤김밥,간이음식
14,b9d05a872e13e8bee20308a986d1e9d1,거제보재기집,전문음식
15,587886a11b861f4c7c4513c0a9efa894,미피카페,카페/찻집
16,27ff3eb6481cfed05a1d5e9b490f2387,짹짹커피거제도본점,카페/찻집
17,dfd880fe0c8eabbb5c302db8dc214f16,몰리힐스,카페/찻집
18,f99b5daf1aa0bb8845a81c9b8392d4cd,스타벅스거제대로DT점,카페/찻집
19,2146b76f7f4873ba7c00b40335977dc4,스타벅스거제옥포DT점,카페/찻집
20,ad29b248286bbbef3cd9fa80adb3615a,카페바람의언덕,카페/찻집
21,24134bddc5986a6e355da33d9b3ccc62,강성횟집본점,전문음식
22,af5b462b841ce7200c837ee8645c115d,웅아물회,전문음식
23,5cd7f241d5c2bd66ddbc84792ee1e725,외도널서리,카페/찻집
24,8dadec40506ffd900bf94176a0a0b257,성포끝집,전문음식
25,d164718244fc5303caf19db5ccd786d7,심해,카페/찻집
25,e9853f93fae71b9dfc8202f2f830392b,어방가,전문음식
27,dad9abc2462e20aa29afcecb024d3ff4,글래씨스,카페/찻집
28,256c12bd05ca3951eb69ef97657904e6,거제멸치쌈밥,한식
29,abb6c0008fb58cfc082683e684e75757,예이제게장백반본점,전문음식
30,2e0877111d8fa068b2e63d52220ea457,마틴커피,카페/찻집
31,3f6f9bba379a679d9318df034ed2a619,오송웨이브,카페/찻집
32,9e29d3bf6ee60dd5428cfb316be422a6,엄마의바다,카페/찻집
33,1d312d68b200651db3f16112e18e7a89,배말칼국수김밥거제장목점,한식
34,0b623a1a72ce98d67f7810a5f2f13c1d,더꽃매미성점,한식
35,17e46a9f83c6a93aa57bdae5226009e0,시방리카페,카페/찻집
36,f96c7fa8739718d9a52be840d8642ac5,맥도날드거제옥포SK DT점,간이음식
37,e411f63bbc3892b0918b5c2681208e9e,거제해금강회센터,전문음식
38,01ee856ebae41f8779a45d838df2dba8,배말칼국수김밥거제학동점,한식
39,74abb9d755e6dd60c3b027038e4ceab7,초정명가,전문음식
40,fdf654ebf67dc0b6ee0e7fa57e13a9d5,미촌,전문음식
41,33330fcd8063bcf953223653634939c8,산봉쌈밥,한식
42,dab247312d1e69c20eb9191e5855a15e,윤돌커피,카페/찻집
43,87d18c9bb94006cd0345c2deb0939156,점순이네밥집,한식
44,f9d4c16fb52a15581769b8b84be30964,장수굴국밥,한식
45,03a7b23d3f8c964abce83ba60c65f961,싱싱게장,한식
46,485dbeaf563be4362cea43ee82820f8c,블랙업커피수월점,카페/찻집
47,019aa17e2b801e42bf84cbb2a9dd0d96,메리클리프,카페/찻집
48,fc0b0bda033ceeb70e39acc2d152c399,여기로가조,음식점기타
49,f2d4512c22c5d414e6b55c9ca7fe67b5,금농갈비,한식
50,40fe422b9a4fd7178dda7b3dcf963df6,성내곰탕,한식
51,02b08c3cac17f8b5be89efa44c013b32,바릇,전문음식
52,717fe4f4bb96bb8d3b3555e3ed1e5b40,승천냉면갈비찜,한식
53,cfcb84b8c8a0a30828c5573cfbeee9a0,그루브인,카페/찻집
54,473fbb7213b3145440a6dc17efd2e56f,승아밥상,한식
55,9a03674c0bc3a5076104d9fd681093af,지심도횟집,전문음식
56,71c293582b3433121d44e87c47f1fe0e,파인에이플러스,전문음식
57,05e1e2dc5b8f243110b013fb4d264b97,스타벅스거제고현점,카페/찻집
58,63e30b18c8fc86d4ff092d477df5afd8,충남식당,한식
59,4a2e72a997b17117492bce4b51a0e98a,백만석,한식
60,7b949ed47daf47c0c0845b5df7f440c8,집밥청보리[한식],한식
61,e91db82e309f35df5b6f8fbf0101d97a,삼삼해물장승포점,전문음식
62,f274b74e834d35dfc57cff5971b1c9c4,이디야커피거제서정점,카페/찻집
63,60d0c3590c28461c5f7f77f38f55fe11,바삭꽈배기,간이음식
64,d68346b7ac3ed5ee6f04a54e1152e867,해뜨는집,전문음식
65,73752768c1457d6859819ca3da5dc022,예이제해물듬뿍칼국수게장,전문음식
66,747e8926c4e08b50fb9936863af15687,느티나무식당,한식
67,e956aee7b01ddc00255598452406a361,항만식당본점,한식
68,f6ba75954232fb3c5fe9bcb3f751dfe4,생생게장백반,전문음식
69,20281615fbda13c734bcf49fab199322,둔덕농협한우관,한식
70,ab7871750adcdc96a341c37045bbc0a0,물레방아한정식[한식],한식
71,607b740e01931da9c1849cc908281ec3,카페해시목,카페/찻집
72,5982991a2830f80a66b154afd7216c5c,모정해물탕,한식
73,34ed0e24cb933828634488fbe9fc830e,거장물총칼국수장목점,한식
74,4e17ffb2794cdc5f36a717f09d676e06,더꽃본점,한식
75,0e8ac72dab9e5746eb1cf13457b42a5d,바람의언덕맛집,전문음식
76,40495e6f5efe3d0372f98abd6fe716ee,원조거제굴구이,전문음식
77,9db2de4857a7579ca5bf1cbfe7c75f11,우진,전문음식
78,94c5d2351505e5629017b9e26c6d4002,충무할매김밥,간이음식
79,5bc8b3c7280bf55ee88e6105c2d4c0c4,카페구아나,카페/찻집
80,36875f6e07646695694c78b5ee3be063,학섬횟집,전문음식
81,6c02813172d775c78bc0641619d5edc5,씨야드,카페/찻집
82,1b870b59a44b0f4535704b536867e5a1,부산한방돼지국밥,한식
83,f18c5575e83e7dbfc49ad42eba346278,박정현게장백반[한식],한식
84,a5f1b5a349d58c701c03d60d1570b1f1,포로수용소굴구이고현점,전문음식
85,4ccd164fab5aa3447917a466f0ac7d15,폴 바셋거제아주DT점,카페/찻집
86,1b78e058be830d3304705c8ed68d91f0,명륜진사갈비거제수월점,한식
87,508e00cf8ac6f873e3eaeb4b001e5843,금화수산,전문음식
88,c8fd3b133c0e40e9fde920294ee1dadb,1박2일맛있는집,한식
89,38e47a16056cdcb74150b9d30fe42916,나영밀작업실,한식
90,93f4fdd400203d69310fed917c5ed82a,콩시루거제신현점,한식
91,d9b1af003b0fef69b3cff06cd8c6d01a,파평옥본점,한식
92,89e72b7a55928065d505bf6f37f4b361,카페채홍,카페/찻집
93,1d90308a6ef0d5eb144525e87e048afd,스타벅스거제장평점,카페/찻집
94,5696eaa9b12d1ca8d48583100bb626ba,덕담골황칠유황오리,전문음식
95,c7c4ebc1ebbc2207b15eb854a3f53ba3,스타벅스소노캄거제점,카페/찻집
96,4545d2f2977ae3af5dca4f767a4cfdb2,맥도날드거제점,간이음식
97,8883a9fbbe70cf7885048f574117d332,하루솥밥,한식
98,d758b13574b96b35cdabdee952aae8aa,거제도굴구이,전문음식
99,163f18ad61d393f6dcb0b95fe2cd4713,장안반점[중식],외국식
100,0b39b486f656baec603e59c494b55292,매미면가,한식
