﻿순위,광역지자체명,기초지자체명,관광지명,기준연월,입장객수,입장객 수 총계
1,경상남도,거제시,거제식물원(정글돔),202201,43233,611355.0
1,경상남도,거제시,거제식물원(정글돔),202202,42338,611355.0
1,경상남도,거제시,거제식물원(정글돔),202203,46416,611355.0
1,경상남도,거제시,거제식물원(정글돔),202204,56001,611355.0
1,경상남도,거제시,거제식물원(정글돔),202205,68139,611355.0
1,경상남도,거제시,거제식물원(정글돔),202206,55477,611355.0
1,경상남도,거제시,거제식물원(정글돔),202207,36272,611355.0
1,경상남도,거제시,거제식물원(정글돔),202208,41633,611355.0
1,경상남도,거제시,거제식물원(정글돔),202209,36381,611355.0
1,경상남도,거제시,거제식물원(정글돔),202210,74845,611355.0
1,경상남도,거제시,거제식물원(정글돔),202211,54205,611355.0
1,경상남도,거제시,거제식물원(정글돔),202212,56415,611355.0
2,경상남도,거제시,해금강_외도,202201,24674,563391.0
2,경상남도,거제시,해금강_외도,202202,24018,563391.0
2,경상남도,거제시,해금강_외도,202203,18114,563391.0
2,경상남도,거제시,해금강_외도,202204,56217,563391.0
2,경상남도,거제시,해금강_외도,202205,89501,563391.0
2,경상남도,거제시,해금강_외도,202206,68106,563391.0
2,경상남도,거제시,해금강_외도,202207,52604,563391.0
2,경상남도,거제시,해금강_외도,202208,68927,563391.0
2,경상남도,거제시,해금강_외도,202209,33465,563391.0
2,경상남도,거제시,해금강_외도,202210,75850,563391.0
2,경상남도,거제시,해금강_외도,202211,41415,563391.0
2,경상남도,거제시,해금강_외도,202212,10500,563391.0
3,경상남도,거제시,도장포어촌체험마을,202201,25200,441439.0
3,경상남도,거제시,도장포어촌체험마을,202202,19250,441439.0
3,경상남도,거제시,도장포어촌체험마을,202203,18000,441439.0
3,경상남도,거제시,도장포어촌체험마을,202204,26100,441439.0
3,경상남도,거제시,도장포어촌체험마을,202205,42700,441439.0
3,경상남도,거제시,도장포어촌체험마을,202206,33500,441439.0
3,경상남도,거제시,도장포어촌체험마을,202207,44900,441439.0
3,경상남도,거제시,도장포어촌체험마을,202208,75000,441439.0
3,경상남도,거제시,도장포어촌체험마을,202209,20930,441439.0
3,경상남도,거제시,도장포어촌체험마을,202210,50800,441439.0
3,경상남도,거제시,도장포어촌체험마을,202211,50400,441439.0
3,경상남도,거제시,도장포어촌체험마을,202212,34659,441439.0
4,경상남도,거제시,포로수용소유적공원,202201,15595,230334.0
4,경상남도,거제시,포로수용소유적공원,202202,12419,230334.0
4,경상남도,거제시,포로수용소유적공원,202203,7482,230334.0
4,경상남도,거제시,포로수용소유적공원,202204,14264,230334.0
4,경상남도,거제시,포로수용소유적공원,202205,23755,230334.0
4,경상남도,거제시,포로수용소유적공원,202206,21276,230334.0
4,경상남도,거제시,포로수용소유적공원,202207,18244,230334.0
4,경상남도,거제시,포로수용소유적공원,202208,26392,230334.0
4,경상남도,거제시,포로수용소유적공원,202209,13711,230334.0
4,경상남도,거제시,포로수용소유적공원,202210,24859,230334.0
4,경상남도,거제시,포로수용소유적공원,202211,17078,230334.0
4,경상남도,거제시,포로수용소유적공원,202212,35259,230334.0
5,경상남도,거제시,거제시농업개발원,202201,357,228942.0
5,경상남도,거제시,거제시농업개발원,202202,308,228942.0
5,경상남도,거제시,거제시농업개발원,202203,11784,228942.0
5,경상남도,거제시,거제시농업개발원,202204,1855,228942.0
5,경상남도,거제시,거제시농업개발원,202205,2757,228942.0
5,경상남도,거제시,거제시농업개발원,202206,935,228942.0
5,경상남도,거제시,거제시농업개발원,202207,1426,228942.0
5,경상남도,거제시,거제시농업개발원,202208,1417,228942.0
5,경상남도,거제시,거제시농업개발원,202209,1574,228942.0
5,경상남도,거제시,거제시농업개발원,202210,89893,228942.0
5,경상남도,거제시,거제시농업개발원,202211,115630,228942.0
5,경상남도,거제시,거제시농업개발원,202212,1006,228942.0
6,경상남도,거제시,오션어드벤처,202201,0,180184.0
6,경상남도,거제시,오션어드벤처,202202,0,180184.0
6,경상남도,거제시,오션어드벤처,202203,0,180184.0
6,경상남도,거제시,오션어드벤처,202204,5908,180184.0
6,경상남도,거제시,오션어드벤처,202205,23300,180184.0
6,경상남도,거제시,오션어드벤처,202206,27195,180184.0
6,경상남도,거제시,오션어드벤처,202207,46816,180184.0
6,경상남도,거제시,오션어드벤처,202208,49854,180184.0
6,경상남도,거제시,오션어드벤처,202209,11948,180184.0
6,경상남도,거제시,오션어드벤처,202210,6293,180184.0
6,경상남도,거제시,오션어드벤처,202211,2902,180184.0
6,경상남도,거제시,오션어드벤처,202212,5968,180184.0
7,경상남도,거제시,조선해양문화관,202201,7727,167965.0
7,경상남도,거제시,조선해양문화관,202202,6716,167965.0
7,경상남도,거제시,조선해양문화관,202203,15355,167965.0
7,경상남도,거제시,조선해양문화관,202204,5921,167965.0
7,경상남도,거제시,조선해양문화관,202205,18193,167965.0
7,경상남도,거제시,조선해양문화관,202206,22040,167965.0
7,경상남도,거제시,조선해양문화관,202207,18391,167965.0
7,경상남도,거제시,조선해양문화관,202208,28465,167965.0
7,경상남도,거제시,조선해양문화관,202209,6837,167965.0
7,경상남도,거제시,조선해양문화관,202210,16798,167965.0
7,경상남도,거제시,조선해양문화관,202211,10329,167965.0
7,경상남도,거제시,조선해양문화관,202212,11193,167965.0
8,경상남도,거제시,거제뷰컨트리클럽,202201,9094,134470.0
8,경상남도,거제시,거제뷰컨트리클럽,202202,8401,134470.0
8,경상남도,거제시,거제뷰컨트리클럽,202203,10184,134470.0
8,경상남도,거제시,거제뷰컨트리클럽,202204,11323,134470.0
8,경상남도,거제시,거제뷰컨트리클럽,202205,13361,134470.0
8,경상남도,거제시,거제뷰컨트리클럽,202206,11717,134470.0
8,경상남도,거제시,거제뷰컨트리클럽,202207,12572,134470.0
8,경상남도,거제시,거제뷰컨트리클럽,202208,12591,134470.0
8,경상남도,거제시,거제뷰컨트리클럽,202209,11486,134470.0
8,경상남도,거제시,거제뷰컨트리클럽,202210,13459,134470.0
8,경상남도,거제시,거제뷰컨트리클럽,202211,11822,134470.0
8,경상남도,거제시,거제뷰컨트리클럽,202212,8460,134470.0
9,경상남도,거제시,다대어촌체험마을,202201,7500,126075.0
9,경상남도,거제시,다대어촌체험마을,202202,7270,126075.0
9,경상남도,거제시,다대어촌체험마을,202203,6570,126075.0
9,경상남도,거제시,다대어촌체험마을,202204,19780,126075.0
9,경상남도,거제시,다대어촌체험마을,202205,11690,126075.0
9,경상남도,거제시,다대어촌체험마을,202206,11300,126075.0
9,경상남도,거제시,다대어촌체험마을,202207,10700,126075.0
9,경상남도,거제시,다대어촌체험마을,202208,12075,126075.0
9,경상남도,거제시,다대어촌체험마을,202209,10390,126075.0
9,경상남도,거제시,다대어촌체험마을,202210,12700,126075.0
9,경상남도,거제시,다대어촌체험마을,202211,8450,126075.0
9,경상남도,거제시,다대어촌체험마을,202212,7650,126075.0
10,경상남도,거제시,거제맹종죽테마공원,202201,6845,115518.0
10,경상남도,거제시,거제맹종죽테마공원,202202,6690,115518.0
10,경상남도,거제시,거제맹종죽테마공원,202203,5151,115518.0
10,경상남도,거제시,거제맹종죽테마공원,202204,8606,115518.0
10,경상남도,거제시,거제맹종죽테마공원,202205,16200,115518.0
10,경상남도,거제시,거제맹종죽테마공원,202206,12199,115518.0
10,경상남도,거제시,거제맹종죽테마공원,202207,11097,115518.0
10,경상남도,거제시,거제맹종죽테마공원,202208,13662,115518.0
10,경상남도,거제시,거제맹종죽테마공원,202209,8480,115518.0
10,경상남도,거제시,거제맹종죽테마공원,202210,13389,115518.0
10,경상남도,거제시,거제맹종죽테마공원,202211,8497,115518.0
10,경상남도,거제시,거제맹종죽테마공원,202212,4702,115518.0
11,경상남도,거제시,이수도어촌체험마을,202201,5640,105562.0
11,경상남도,거제시,이수도어촌체험마을,202202,4465,105562.0
11,경상남도,거제시,이수도어촌체험마을,202203,4798,105562.0
11,경상남도,거제시,이수도어촌체험마을,202204,9846,105562.0
11,경상남도,거제시,이수도어촌체험마을,202205,12830,105562.0
11,경상남도,거제시,이수도어촌체험마을,202206,12706,105562.0
11,경상남도,거제시,이수도어촌체험마을,202207,11869,105562.0
11,경상남도,거제시,이수도어촌체험마을,202208,11801,105562.0
11,경상남도,거제시,이수도어촌체험마을,202209,7483,105562.0
11,경상남도,거제시,이수도어촌체험마을,202210,13620,105562.0
11,경상남도,거제시,이수도어촌체험마을,202211,10504,105562.0
11,경상남도,거제시,이수도어촌체험마을,202212,-,105562.0
12,경상남도,거제시,거제관광모노레일,202201,9268,105061.0
12,경상남도,거제시,거제관광모노레일,202202,7244,105061.0
12,경상남도,거제시,거제관광모노레일,202203,6063,105061.0
12,경상남도,거제시,거제관광모노레일,202204,9893,105061.0
12,경상남도,거제시,거제관광모노레일,202205,13125,105061.0
12,경상남도,거제시,거제관광모노레일,202206,12738,105061.0
12,경상남도,거제시,거제관광모노레일,202207,13624,105061.0
12,경상남도,거제시,거제관광모노레일,202208,14206,105061.0
12,경상남도,거제시,거제관광모노레일,202209,8750,105061.0
12,경상남도,거제시,거제관광모노레일,202210,10150,105061.0
12,경상남도,거제시,거제관광모노레일,202211,0,105061.0
12,경상남도,거제시,거제관광모노레일,202212,0,105061.0
13,경상남도,거제시,드비치골프클럽,202201,6835,99344.0
13,경상남도,거제시,드비치골프클럽,202202,6838,99344.0
13,경상남도,거제시,드비치골프클럽,202203,8230,99344.0
13,경상남도,거제시,드비치골프클럽,202204,9424,99344.0
13,경상남도,거제시,드비치골프클럽,202205,8605,99344.0
13,경상남도,거제시,드비치골프클럽,202206,9978,99344.0
13,경상남도,거제시,드비치골프클럽,202207,9533,99344.0
13,경상남도,거제시,드비치골프클럽,202208,9095,99344.0
13,경상남도,거제시,드비치골프클럽,202209,7902,99344.0
13,경상남도,거제시,드비치골프클럽,202210,9038,99344.0
13,경상남도,거제시,드비치골프클럽,202211,7684,99344.0
13,경상남도,거제시,드비치골프클럽,202212,6182,99344.0
14,경상남도,거제시,거제자연휴양림,202201,6485,97136.0
14,경상남도,거제시,거제자연휴양림,202202,7115,97136.0
14,경상남도,거제시,거제자연휴양림,202203,7735,97136.0
14,경상남도,거제시,거제자연휴양림,202204,7410,97136.0
14,경상남도,거제시,거제자연휴양림,202205,8879,97136.0
14,경상남도,거제시,거제자연휴양림,202206,9702,97136.0
14,경상남도,거제시,거제자연휴양림,202207,10756,97136.0
14,경상남도,거제시,거제자연휴양림,202208,12409,97136.0
14,경상남도,거제시,거제자연휴양림,202209,6661,97136.0
14,경상남도,거제시,거제자연휴양림,202210,10973,97136.0
14,경상남도,거제시,거제자연휴양림,202211,8876,97136.0
14,경상남도,거제시,거제자연휴양림,202212,135,97136.0
15,경상남도,거제시,지심도,202201,6113,59991.0
15,경상남도,거제시,지심도,202202,9757,59991.0
15,경상남도,거제시,지심도,202203,9390,59991.0
15,경상남도,거제시,지심도,202204,5028,59991.0
15,경상남도,거제시,지심도,202205,4824,59991.0
15,경상남도,거제시,지심도,202206,4297,59991.0
15,경상남도,거제시,지심도,202207,2756,59991.0
15,경상남도,거제시,지심도,202208,2930,59991.0
15,경상남도,거제시,지심도,202209,1774,59991.0
15,경상남도,거제시,지심도,202210,4551,59991.0
15,경상남도,거제시,지심도,202211,3302,59991.0
15,경상남도,거제시,지심도,202212,5269,59991.0
16,경상남도,거제시,매물도 유람선(선착장~매물도 코스),202201,1863,29964.0
16,경상남도,거제시,매물도 유람선(선착장~매물도 코스),202202,1757,29964.0
16,경상남도,거제시,매물도 유람선(선착장~매물도 코스),202203,1862,29964.0
16,경상남도,거제시,매물도 유람선(선착장~매물도 코스),202204,9542,29964.0
16,경상남도,거제시,매물도 유람선(선착장~매물도 코스),202205,14940,29964.0
16,경상남도,거제시,매물도 유람선(선착장~매물도 코스),202206,0,29964.0
16,경상남도,거제시,매물도 유람선(선착장~매물도 코스),202207,-,29964.0
16,경상남도,거제시,매물도 유람선(선착장~매물도 코스),202208,-,29964.0
16,경상남도,거제시,매물도 유람선(선착장~매물도 코스),202209,-,29964.0
16,경상남도,거제시,매물도 유람선(선착장~매물도 코스),202210,-,29964.0
16,경상남도,거제시,매물도 유람선(선착장~매물도 코스),202211,-,29964.0
16,경상남도,거제시,매물도 유람선(선착장~매물도 코스),202212,-,29964.0
17,경상남도,거제시,장사도 유람선(선착장~장사도 코스),202201,4413,23462.0
17,경상남도,거제시,장사도 유람선(선착장~장사도 코스),202202,4562,23462.0
17,경상남도,거제시,장사도 유람선(선착장~장사도 코스),202203,2255,23462.0
17,경상남도,거제시,장사도 유람선(선착장~장사도 코스),202204,3110,23462.0
17,경상남도,거제시,장사도 유람선(선착장~장사도 코스),202205,4206,23462.0
17,경상남도,거제시,장사도 유람선(선착장~장사도 코스),202206,4916,23462.0
17,경상남도,거제시,장사도 유람선(선착장~장사도 코스),202207,-,23462.0
17,경상남도,거제시,장사도 유람선(선착장~장사도 코스),202208,-,23462.0
17,경상남도,거제시,장사도 유람선(선착장~장사도 코스),202209,-,23462.0
17,경상남도,거제시,장사도 유람선(선착장~장사도 코스),202210,-,23462.0
17,경상남도,거제시,장사도 유람선(선착장~장사도 코스),202211,-,23462.0
17,경상남도,거제시,장사도 유람선(선착장~장사도 코스),202212,-,23462.0
18,경상남도,거제시,해금강 테마박물관,202201,1158,16295.0
18,경상남도,거제시,해금강 테마박물관,202202,924,16295.0
18,경상남도,거제시,해금강 테마박물관,202203,742,16295.0
18,경상남도,거제시,해금강 테마박물관,202204,1014,16295.0
18,경상남도,거제시,해금강 테마박물관,202205,1220,16295.0
18,경상남도,거제시,해금강 테마박물관,202206,1533,16295.0
18,경상남도,거제시,해금강 테마박물관,202207,1785,16295.0
18,경상남도,거제시,해금강 테마박물관,202208,2566,16295.0
18,경상남도,거제시,해금강 테마박물관,202209,1104,16295.0
18,경상남도,거제시,해금강 테마박물관,202210,1801,16295.0
18,경상남도,거제시,해금강 테마박물관,202211,1072,16295.0
18,경상남도,거제시,해금강 테마박물관,202212,1376,16295.0
19,경상남도,거제시,쌍근어촌체험마을,202201,577,9574.0
19,경상남도,거제시,쌍근어촌체험마을,202202,510,9574.0
19,경상남도,거제시,쌍근어촌체험마을,202203,385,9574.0
19,경상남도,거제시,쌍근어촌체험마을,202204,584,9574.0
19,경상남도,거제시,쌍근어촌체험마을,202205,804,9574.0
19,경상남도,거제시,쌍근어촌체험마을,202206,773,9574.0
19,경상남도,거제시,쌍근어촌체험마을,202207,952,9574.0
19,경상남도,거제시,쌍근어촌체험마을,202208,1392,9574.0
19,경상남도,거제시,쌍근어촌체험마을,202209,854,9574.0
19,경상남도,거제시,쌍근어촌체험마을,202210,1135,9574.0
19,경상남도,거제시,쌍근어촌체험마을,202211,774,9574.0
19,경상남도,거제시,쌍근어촌체험마을,202212,834,9574.0
20,경상남도,거제시,씨라인,202201,328,9397.0
20,경상남도,거제시,씨라인,202202,228,9397.0
20,경상남도,거제시,씨라인,202203,195,9397.0
20,경상남도,거제시,씨라인,202204,443,9397.0
20,경상남도,거제시,씨라인,202205,1071,9397.0
20,경상남도,거제시,씨라인,202206,850,9397.0
20,경상남도,거제시,씨라인,202207,1803,9397.0
20,경상남도,거제시,씨라인,202208,2099,9397.0
20,경상남도,거제시,씨라인,202209,324,9397.0
20,경상남도,거제시,씨라인,202210,1185,9397.0
20,경상남도,거제시,씨라인,202211,572,9397.0
20,경상남도,거제시,씨라인,202212,299,9397.0
21,경상남도,거제시,거제요트학교,202201,711,9238.0
21,경상남도,거제시,거제요트학교,202202,770,9238.0
21,경상남도,거제시,거제요트학교,202203,932,9238.0
21,경상남도,거제시,거제요트학교,202204,658,9238.0
21,경상남도,거제시,거제요트학교,202205,633,9238.0
21,경상남도,거제시,거제요트학교,202206,1321,9238.0
21,경상남도,거제시,거제요트학교,202207,1170,9238.0
21,경상남도,거제시,거제요트학교,202208,1367,9238.0
21,경상남도,거제시,거제요트학교,202209,379,9238.0
21,경상남도,거제시,거제요트학교,202210,648,9238.0
21,경상남도,거제시,거제요트학교,202211,481,9238.0
21,경상남도,거제시,거제요트학교,202212,168,9238.0
22,경상남도,거제시,이수도,202201,-,9103.0
22,경상남도,거제시,이수도,202202,-,9103.0
22,경상남도,거제시,이수도,202203,-,9103.0
22,경상남도,거제시,이수도,202204,-,9103.0
22,경상남도,거제시,이수도,202205,-,9103.0
22,경상남도,거제시,이수도,202206,-,9103.0
22,경상남도,거제시,이수도,202207,-,9103.0
22,경상남도,거제시,이수도,202208,-,9103.0
22,경상남도,거제시,이수도,202209,-,9103.0
22,경상남도,거제시,이수도,202210,-,9103.0
22,경상남도,거제시,이수도,202211,-,9103.0
22,경상남도,거제시,이수도,202212,9103,9103.0
23,경상남도,거제시,계도어촌체험마을,202201,0,7860.0
23,경상남도,거제시,계도어촌체험마을,202202,0,7860.0
23,경상남도,거제시,계도어촌체험마을,202203,665,7860.0
23,경상남도,거제시,계도어촌체험마을,202204,741,7860.0
23,경상남도,거제시,계도어촌체험마을,202205,749,7860.0
23,경상남도,거제시,계도어촌체험마을,202206,956,7860.0
23,경상남도,거제시,계도어촌체험마을,202207,1070,7860.0
23,경상남도,거제시,계도어촌체험마을,202208,1058,7860.0
23,경상남도,거제시,계도어촌체험마을,202209,989,7860.0
23,경상남도,거제시,계도어촌체험마을,202210,1045,7860.0
23,경상남도,거제시,계도어촌체험마을,202211,0,7860.0
23,경상남도,거제시,계도어촌체험마을,202212,587,7860.0
24,경상남도,거제시,거제박물관,202201,169,3089.0
24,경상남도,거제시,거제박물관,202202,179,3089.0
24,경상남도,거제시,거제박물관,202203,201,3089.0
24,경상남도,거제시,거제박물관,202204,179,3089.0
24,경상남도,거제시,거제박물관,202205,171,3089.0
24,경상남도,거제시,거제박물관,202206,285,3089.0
24,경상남도,거제시,거제박물관,202207,337,3089.0
24,경상남도,거제시,거제박물관,202208,365,3089.0
24,경상남도,거제시,거제박물관,202209,334,3089.0
24,경상남도,거제시,거제박물관,202210,203,3089.0
24,경상남도,거제시,거제박물관,202211,199,3089.0
24,경상남도,거제시,거제박물관,202212,467,3089.0
