﻿순위,관광지ID,관광지명,분류
1,fb52889f1d613ff2b995edb4ad71c7f2,고현시외버스터미널,교통시설
2,e45969adfacfce16184f83738c2368ca,고현종합시장,시장
3,536b6116fa9f1db1ed9722d6b36be159,한화리조트거제벨버디어,콘도미니엄
4,95d5dbd8c7dec0cbf7a63319ade547dd,소노캄거제,콘도미니엄
5,bfbb62d2f2835661226861807f179a9c,디큐브거제백화점,백화점
6,15609e2befa380c004f01902cbba840b,거제파노라마케이블카,기타레저스포츠
7,af6c66dddcaa0a6799dbfddbb36a56e1,학동흑진주몽돌해변,자연경관(하천/해양)
8,68704dd3250b515fc589231a12a95a90,매미성,역사유적지
9,25e09de943face00d152f3e781485158,거제정글돔,테마공원
10,74e46a7e9365c6fd7ebfdea567445510,바람의언덕,기타문화관광지
11,3c5699d224b7feb3f6c66508a41e65f6,덕포해수욕장,자연경관(하천/해양)
12,faadbc81e813d42235ca33588a3f1c35,거제숲소리공원,도시공원
13,44c0d38dd4325220ef98a1ae6f1641b7,사곡해수욕장,자연경관(하천/해양)
14,1063fe0495baa44afb3dfc91f62f3df9,거제해수보양온천,웰니스관광
15,a42b4dde8771da0b852889d591002ad6,구조라해수욕장,자연경관(하천/해양)
16,99115d875504236a6139eeed5f56818d,옥포국제시장,시장
17,57e0205dc4859872b3e30786de43c5d0,거제삼성호텔,호텔
18,9b859c579d23de11cf05585a5f3b44f5,와현모래숲해변,자연경관(하천/해양)
19,7b9c100bb4df417e6db8c687c1c2018a,거제뷰CC,육상레저스포츠
20,ac6f063c4fe9738a5d5455c58b7ed4cf,거제도,자연경관(하천/해양)
21,0f4502ccfc7788f212feede1e49444dc,명사해수욕장,자연경관(하천/해양)
22,11c8f1da8f1f18145fab839ae0c695a1,지세포방파제,자연경관(하천/해양)
23,b70f9665d8cdc24afd633aec251631ef,버드앤피쉬체험장,기타관광
24,362ce22ba3d706f985f6b787757d1283,거제포로수용소유적공원,역사유적지
25,d9eff627366187e86ecf4415d22e2209,죽림해수욕장,자연경관(하천/해양)
26,4ef3a002d04b89c92f711627548e0a28,흥남해수욕장,자연경관(하천/해양)
27,5cc4cf61f2401f1a8f8fc77ffe5dffa1,망치몽돌해수욕장,자연경관(하천/해양)
28,f94ed053d6b1b19701a5883bc309e561,외포항,교통시설
29,0f01498fd44c07ac03163e1780a00ac4,장승포여객선터미널,교통시설
30,4838d4944221239d9fcb38ebe693ed61,거제목재문화체험장,기타문화관광지
31,8c3f27af9ce559c5e87ad2627cb7d508,칠천도,자연경관(하천/해양)
32,25a6036f0ea42c56b58f3651ab8f10c8,저구항,자연경관(하천/해양)
33,f331ba4b42534b4bfc2b84e853307b2f,거제시청소년수련관,육상레저스포츠
34,54af34f0e62674dd367ee1de5a4e3548,드비치골프클럽,육상레저스포츠
35,c8ca1d98e4271c3cec2586f336c941b9,농소몽돌해수욕장,자연경관(하천/해양)
36,4ca990340bc9d6dcb30040772fcf87d1,지세포항,자연경관(하천/해양)
37,396c36a60f33a8aa97b8c42779a7e691,CGV거제,공연시설
38,2b24a9b4a1a73a067f79be4583ad5dc5,장승포항,자연경관(하천/해양)
39,73d71f7a9534de6a8e6c2857db321121,장승포시외버스터미널,교통시설
40,96a435478eb5262f4e2771b262cfa510,거제자연휴양림,자연공원
41,995e1fda4a2b5f55ef0df50868bf2a8f,가조도,자연경관(하천/해양)
42,2525fb019b7ed6df4f69e7df7e857be7,조선해양문화관,전시시설
43,55a19e6309c7c6b0953e9ef41c2285e0,독봉산웰빙공원,도시공원
44,4d6d29846b24ab1d8f0a1bab1d4c57f7,능포수변공원,도시공원
45,94af31dd7219c3d6b64adaace126c3e8,산달도,자연경관(하천/해양)
46,3b74970d58263a584030e0764f0db363,리우오션레지던스,콘도미니엄
47,ade92cfff310552abea681c769931d77,근포마을동굴,기타관광
48,7711bceace8ea7ff175d4d4b4b13e15f,거제씨월드,테마공원
49,4ff07f1088625733e389d136e48e6b55,남부면수국축제,기타문화관광지
50,04c5ae0e95662e9a8dc9c2cd7e37e95c,리베라호텔거제,호텔
51,b43e49b1fc20ff9f2658bfcc9bcd8586,해금강,복합관광시설
52,e4581ebdd7dc4a71d8ed82497833a573,황포해수욕장,자연경관(하천/해양)
53,f91155372a965c01c8953b59ebb8ca08,계룡산온천,웰니스관광
54,d3e9eb7e344d3c735132913a9f6a5dc5,김영삼대통령생가,역사유적지
55,6961752d9783f560810c4a09e5b90825,양지암조각공원,도시공원
56,2733c445fccee75ed7069012f84ed43f,거제맹종죽테마파크,테마공원
57,875daefcc24feaad3215f7dbb6264e7e,함박금스테이,캠핑
58,3d9382feaf484d2264c6ff2e01046852,학동자동차야영장,캠핑
59,cfdcff0ab807a011e25e0114b572d28b,문동폭포,자연경관(산)
60,a1431cde8d6c3f68e6dea0f47d02cb17,장승포수변공원,도시공원
61,794d40fdfa8ac18ad604289ab46b60c0,옥포대첩기념공원,도시공원
61,0f01f0a8fbdf9de60c8fe537dfe64e0a,노블하우스,펜션/민박
63,56d4b39116dbe60a60a47af3c9cd99ad,아그네스파크,전시시설
64,a1d1aa61b144168bc706619374b88818,옥포수변공원,도시공원
65,5b5dc56b04a47f100cbdb145f8e86ed3,지세포항수변공원,도시공원
66,dded9b0c59ec2507efacb2a177b3824b,구조라유람선터미널,교통시설
67,04f52595a5f6b39ca18cf5a6803e74da,애드미럴호텔,호텔
68,d92e7305d8a521e71cd68abcf2e75db2,유호전망대,랜드마크관광
69,2cb0740331c17a9c648e3a099946ac0b,시방선착장,교통시설
70,4ee9f942a75e632741f3469b53005d92,여차몽돌해수욕장,자연경관(하천/해양)
71,58ca4045a907125f780d327697c5d37d,장승포해안일주도로,데이트코스
72,aa6212693bb7029b1eb3b45f196f84e7,지세포관광유람선,교통시설
73,9d0e2dc84b889ca1ef01ea855b541157,하청야구장,레저스포츠시설
74,82f5642b943ea1592d4cb7af74dc0fbe,능포항,자연경관(하천/해양)
75,a3b50762ba94a13bd2d70d377ce4ada9,덕원해수욕장,자연경관(하천/해양)
76,b645e34c068edafd0a91c2675cbb70c8,능포동방파제,자연경관(하천/해양)
77,ed0aa24f3a6a687669ecd55eb985bede,다솔승마클럽,육상레저스포츠
78,8b50db13e7a05042a1500dc85f4e9fd0,신광사,종교성지
79,f8c38f09f1d8a846211bf81c637f9e3b,오션뷰카트체험장,기타레저스포츠
80,42890fc53562e29fc35b3a1ddf3b5e4a,옥계해수욕장,자연경관(하천/해양)
81,450fe969a9a5981836274d612fcb3796,혜양사,종교성지
82,8672fb8cc551073231dcb001a441e06e,대포항,자연경관(하천/해양)
83,2396021a15e35d1a7579153a04507a07,여차홍포전망대,랜드마크관광
83,f1cbf7052c5b1ead5b2dc45f436402a7,물안해수욕장,자연경관(하천/해양)
85,e1d2d43f8d31a42b1012a01c2eb5d7f2,포로수용소테마파크,기타관광
86,955dfc26a12c1b03725546f4fbea634f,옥포항,자연경관(하천/해양)
86,3938ef43c39711a818fc9172650daa6d,계도방파제,자연경관(하천/해양)
88,a4ad0b76f1776f78bffd11172cfcb3ea,반가운펜션,펜션/민박
89,7bca78e1ec4032c2ad49cdbe8b47f74a,산달바다캠핑장,캠핑
89,4f0ba216da5d0911b1122741f686d7c1,참조은마을,기타숙박
91,2f49e4407b1f4f211286e63a72ce6e40,픽쳐레스크,펜션/민박
91,7215b807d6358f1fa6b6451ffc20d17b,거제시 일운면 공곶이,도시/지역문화관광
93,5a3381da602364fb1d70137957f480b8,프래밀리풀빌라호텔,호텔
94,49669cc7517f9d4dda167e69a090a1f7,해금강유람선터미널,교통시설
95,b34beb0ad967f13523506df648f17924,지세포성,역사유적지
96,b70e9096c0c2fe4758f3cbe24ddd7969,리인스테이,호텔
97,733d4b3baf109ddde0c145e983efed0f,옥포중앙공원,도시공원
98,a9ad4e32c8d841869f4bf5980626344d,와우쥬거제점,테마공원
98,1e30650d4500f5b645ea4e10437304b7,어구항,자연경관(하천/해양)
100,800a520df224072d233326920a69b12c,거제선셋한옥풀빌라&리조트,펜션/민박
