﻿시군구명,시도명,관광지명,구분,방문자수
거제시,경상남도,이수도(거제),자연관광지,6931
거제시,경상남도,바람의 언덕,자연관광지,6649
거제시,경상남도,외도 보타니아,자연관광지,3361
거제시,경상남도,저구항,자연관광지,3016
거제시,경상남도,거제 관광모노레일,체험관광지,2419
거제시,경상남도,거제도 포로수용소 유적공원,역사관광지,2116
거제시,경상남도,거제도 해금강,자연관광지,2031
거제시,경상남도,매미성,자연관광지,1946
거제시,경상남도,거제맹종죽테마공원,자연관광지,1811
거제시,경상남도,학동흑진주몽돌해변,자연관광지,1705
거제시,경상남도,거제식물원(거제정글돔),자연관광지,1674
거제시,경상남도,산방산 비원,자연관광지,1499
거제시,경상남도,지심도,자연관광지,1311
거제시,경상남도,거제씨월드,문화시설,1148
거제시,경상남도,내도(거제),자연관광지,1145
거제시,경상남도,근포동굴,자연관광지,1052
거제시,경상남도,칠천도,자연관광지,1044
거제시,경상남도,해금강유람선,휴양관광지,982
거제시,경상남도,소노캄 거제 마리나베이 요트투어,수상 레포츠,964
거제시,경상남도,거제 대우조선해양 옥포조선소,산업관광지,744
거제시,경상남도,바람곶우체국,산업관광지,716
거제시,경상남도,숲소리공원,자연관광지,706
거제시,경상남도,거제 계도어촌체험마을,체험관광지,600
거제시,경상남도,거제케이블카,자연관광지,573
거제시,경상남도,백만석,음식점,533
거제시,경상남도,거제도,자연관광지,502
거제시,경상남도,학동자동차야영장,육상 레포츠,485
거제시,경상남도,구조라해수욕장,자연관광지,404
거제시,경상남도,한려해상국립공원(거제),자연관광지,381
거제시,경상남도,도장포어촌체험마을,체험관광지,366
거제시,경상남도,여차해변 (여차몽돌해수욕장),자연관광지,364
거제시,경상남도,거제도해수보양온천,휴양관광지,340
거제시,경상남도,어방가,음식점,338
거제시,경상남도,거제 학동리 동백나무 숲 및 팔색조 번식지,자연관광지,330
거제시,경상남도,공곶이,산업관광지,299
거제시,경상남도,해금강테마박물관,문화시설,287
거제시,경상남도,동부저수지,자연관광지,270
거제시,경상남도,흥남해수욕장,자연관광지,270
거제시,경상남도,거제대교,건축/조형물,252
거제시,경상남도,반곡서원(거제),역사관광지,220
거제시,경상남도,한화리조트 거제 벨버디어,휴양관광지,219
거제시,경상남도,버드앤피쉬체험영농조합,산업관광지,208
거제시,경상남도,옛마실펜션[한국관광 품질인증/Korea Quality],숙박시설,198
거제시,경상남도,싱싱게장,음식점,197
거제시,경상남도,함목몽돌해변,자연관광지,182
거제시,경상남도,거제 덕포랜드 씨라인,복합 레포츠,179
거제시,경상남도,신선대 전망대,건축/조형물,176
거제시,경상남도,거제자연휴양림,자연관광지,176
거제시,경상남도,거제도해초쑥 영농조합법인,산업관광지,173
거제시,경상남도,예가,음식점,170
거제시,경상남도,와현모래숲해변,자연관광지,164
거제시,경상남도,외도 구조라 유람선,휴양관광지,163
거제시,경상남도,옥포항 해안둘레길,육상 레포츠,158
거제시,경상남도,여차_홍포간 해안도로,자연관광지,152
거제시,경상남도,거제 둔덕기성.사등성지.오량성,역사관광지,143
거제시,경상남도,거제 우제봉전망대,건축/조형물,140
거제시,경상남도,외포리 대구탕거리,체험관광지,137
거제시,경상남도,거제 구조라관광어촌마을,체험관광지,136
거제시,경상남도,해안거님길,육상 레포츠,132
거제시,경상남도,장승포항,자연관광지,126
거제시,경상남도,[착한가게] 해금강천년송횟집,음식점,116
거제시,경상남도,장사도 유람선,휴양관광지,116
거제시,경상남도,원조거제굴구이,음식점,116
거제시,경상남도,삼거동 청사초롱 체험마을,체험관광지,113
거제시,경상남도,거제어촌민속전시관,문화시설,112
거제시,경상남도,짹짹커피,음식점,109
거제시,경상남도,지세포항수변공원,휴양관광지,104
거제시,경상남도,지심도선착장,자연관광지,98
거제시,경상남도,거제식물원,자연관광지,95
거제시,경상남도,물안해수욕장,자연관광지,94
거제시,경상남도,소낭구펜션[한국관광 품질인증/Korea Quality],숙박시설,94
거제시,경상남도,거제 유호리전망대,건축/조형물,92
거제시,경상남도,거제시농업개발원,자연관광지,92
거제시,경상남도,명사해수욕장,자연관광지,92
거제시,경상남도,거제보재기집,음식점,92
거제시,경상남도,산달도,자연관광지,92
거제시,경상남도,옥산성지,역사관광지,90
거제시,경상남도,두모몽돌해변,자연관광지,86
거제시,경상남도,거제 어구낚시마을,체험관광지,80
거제시,경상남도,대포항 / 대포근포항,자연관광지,78
거제시,경상남도,심해,음식점,77
거제시,경상남도,구영해수욕장,자연관광지,76
거제시,경상남도,학동마을,숙박시설,76
거제시,경상남도,거제자연예술랜드,자연관광지,75
거제시,경상남도,망치몽돌해수욕장,자연관광지,74
거제시,경상남도,사곡해수욕장,자연관광지,72
거제시,경상남도,지세포 낚시공원,수상 레포츠,69
거제시,경상남도,옥포대첩기념공원,휴양관광지,68
거제시,경상남도,거제칠천도크루즈유람선,휴양관광지,66
거제시,경상남도,거제고현시장,쇼핑,66
거제시,경상남도,장승포 해안일주도로,자연관광지,64
거제시,경상남도,소노캄 거제(구 대명리조트 거제마리나),휴양관광지,62
거제시,경상남도,외도와현유람선,휴양관광지,60
거제시,경상남도,거제시관광기념품조합,쇼핑,60
거제시,경상남도,만선호해물칼국수,음식점,58
거제시,경상남도,한꼬막두꼬막,음식점,56
거제시,경상남도,일레븐그릴,음식점,52
거제시,경상남도,계룡산,자연관광지,52
거제시,경상남도,양지암조각공원,문화시설,47
거제시,경상남도,황포해수욕장,자연관광지,46
