﻿순위,관광지ID,업소명,분류
1,3f6f9bba379a679d9318df034ed2a619,오송웨이브,카페/찻집
2,27ff3eb6481cfed05a1d5e9b490f2387,짹짹커피,카페/찻집
3,3e0f9e099db48c1e8b541ea41d1591e4,더블유181,카페/찻집
4,485dbeaf563be4362cea43ee82820f8c,블랙업커피수월점,카페/찻집
5,dfd880fe0c8eabbb5c302db8dc214f16,몰리힐스,카페/찻집
6,d900734aceb12db8728c2f2598750225,마소마레,카페/찻집
7,546664e93ec3b1a6b5c232c5b397c80e,온더선셋,카페/찻집
8,f99b5daf1aa0bb8845a81c9b8392d4cd,스타벅스거제대로DT점,카페/찻집
9,f96c7fa8739718d9a52be840d8642ac5,맥도날드거제옥포SK DT점,간이음식
10,38d5fcc6715ff1a5ee5cc67075f97eb8,하면옥본점,한식
11,f2d4512c22c5d414e6b55c9ca7fe67b5,금농갈비,한식
12,d164718244fc5303caf19db5ccd786d7,심해,카페/찻집
13,5f3203f17e1e5e7c73845f89a7ceea92,롤링핀거제시청점,간이음식
14,256ba5ba6f2bfa34abec788585b47c12,인간미,외국식
15,61d7fb512356f9b3b88301da9b2c10f9,더웨이브147,카페/찻집
16,19f48de3f57740dc6e2051cecf3a5305,세일마트즉석코너,간이음식
17,637f21133feacb96758265f61f0c962b,덕둔버거,간이음식
18,17e46a9f83c6a93aa57bdae5226009e0,시방리카페,카페/찻집
19,2146b76f7f4873ba7c00b40335977dc4,스타벅스거제옥포DT점,카페/찻집
20,8dadec40506ffd900bf94176a0a0b257,성포끝집,전문음식
21,fdf6e9612db1f8440766d3fb1375caf6,만선호해물칼국수,한식
22,20281615fbda13c734bcf49fab199322,둔덕농협한우관,한식
23,dad9abc2462e20aa29afcecb024d3ff4,글래씨스,카페/찻집
24,587886a11b861f4c7c4513c0a9efa894,미피카페,카페/찻집
25,71c293582b3433121d44e87c47f1fe0e,파인에이플러스,전문음식
26,4c41782cce1168031b27836178b340ae,에버어뮤즈,카페/찻집
27,df2a64b143853256affb8a1461510288,수나로이,전문음식
28,c41caf668c57108a217c32a5c41a4f49,아웃백스테이크하우스거제점,전문음식
29,167a0e1fd3f7197da9602ddf0146cd4f,온기당,한식
30,5982991a2830f80a66b154afd7216c5c,모정해물탕,한식
31,1993fd7573ea6b767a4e72f7fb06d779,일공공샤브거제상동점,전문음식
32,7b71b57b1450aeb0b9758a4562985551,델라하이,카페/찻집
33,76f082ae82baf53ea2fb887d449af3ab,두리원,한식
34,95bceddb54443a50e5ca580457db2460,메러디스빅토리,카페/찻집
35,2e0877111d8fa068b2e63d52220ea457,마틴커피,카페/찻집
36,dab247312d1e69c20eb9191e5855a15e,윤돌커피,카페/찻집
37,b9d05a872e13e8bee20308a986d1e9d1,거제보재기집,전문음식
38,cfcb84b8c8a0a30828c5573cfbeee9a0,그루브인,카페/찻집
39,bf266b07f5c84864f700d003f9215714,젬스톤거제점,카페/찻집
40,c07a7dca1d1f2ce18bc91456e9e1b51a,워닉커피로스터스본점,카페/찻집
41,a11dcba2727c49fb63dfb19e31511af5,길손,카페/찻집
42,cf91b8098f16064da3625d087c4dcf4c,대원군숯불갈비,한식
43,c082a6a33cae6c7cb23321eda95d4ffc,키친루셀로,전문음식
44,5cd7f241d5c2bd66ddbc84792ee1e725,외도널서리,카페/찻집
45,05e1e2dc5b8f243110b013fb4d264b97,스타벅스거제고현점,카페/찻집
46,37926e5096ed58204d645b3ad32ee244,쿠우쿠우거제점,전문음식
47,1fe6207c429483eafe9c3beb114f3204,N436,카페/찻집
48,2fb018852e66a038affadf658805cda2,백제칼국수,한식
49,298e67476222ac07a54d687df3df6e78,박영수손짜장[중식],외국식
50,5a022fdaa2c9b5a0ab10cb84217a60b2,엘도라도,카페/찻집
51,cecaa7237ccae9ad5e5df141029884a0,지세포로와,카페/찻집
52,717fe4f4bb96bb8d3b3555e3ed1e5b40,승천냉면갈비찜,한식
53,b37bb6ab391c68444b5c1f7c2092095a,대패생각거제고현점,한식
54,c5b2ad2b5ed67b9819f1002baf83cba9,청마루대구뽈찜,한식
55,ab245c1924252bc76b5722cafc349b8d,도시새우,전문음식
56,e5a2005813c512f8ee3319dd9fab6524,버거킹거제고현점,간이음식
57,f082733d10ea9579b19187d525d82adf,거제빵명장,간이음식
58,86c2bfb9dec28969f75756323a86a4da,투썸플레이스거제아주점,카페/찻집
58,7429be30d2f42c07a0706d0f9a3bc515,버거킹옥포점,간이음식
60,4bea2ecf9c3689b07c0a3f8579d45056,갈매기타운,한식
61,8c4fb57ae5b4a63be80ba8e30334cf49,거장물총칼국수,한식
62,6802ad1aee3567c2735263bec03d706e,아지트,한식
63,6fef30feec36f6af54f7920f0dc20b54,어웨일카페펍,카페/찻집
64,7ca33582dcd8951b7568256bef9403b4,볶다[중식],외국식
65,c1e1ca0acba996c29281351905a4703a,리묘,카페/찻집
66,15ed4d9fc584a9d03d813cf8b4961e5c,오미자가든,한식
67,7eeeb976ac91ae93a7e5d54975020081,해송가,전문음식
68,3828a178ec66e053215b647e38ae9a60,버터앤컵,카페/찻집
69,ab7871750adcdc96a341c37045bbc0a0,물레방아한정식[한식],한식
70,b1e824a903e41dec3fd8c5836004cf66,박가네돌판찜,한식
71,62357306b1f3ba76cfce911e5f9e15aa,멍아일랜드,카페/찻집
72,9818d72467664e0fd43bfbf9d04f8b52,버거킹수월점,간이음식
73,ce39220336370d1712f5d4baf9204215,도미노피자거제고현점,간이음식
74,30f8cb58a8935d2f9eaf50dc886fc7d8,대운분식돈까스,전문음식
75,dd34a4f5f8aec6dfe40d3985136444be,목구멍본점,한식
76,3383bc1ec2bde4cb64ca1d692e870397,믹스토랑고현점,전문음식
77,f40393acce37957811e3638230b64d76,에뜨모르,외국식
78,607b740e01931da9c1849cc908281ec3,카페스테이지,카페/찻집
79,0b623a1a72ce98d67f7810a5f2f13c1d,더꽃매미성점,한식
80,e411f63bbc3892b0918b5c2681208e9e,거제해금강회센터,전문음식
81,7836f9f5bd6afaa2bb975fa0d26b1eb0,이찌3호점,한식
82,d9b1af003b0fef69b3cff06cd8c6d01a,파평옥거제아주점,한식
83,95d870735e4b4d1e83c3d5037c3fef8f,산골애,전문음식
83,f0504744985c1e9de0dbaeadf84f5076,갈비만거제점,한식
85,aa1f5cd72c09a2a5a55dfd78835d874f,천하장사생선구이본점,한식
86,24134bddc5986a6e355da33d9b3ccc62,강성횟집본점,전문음식
87,74804ee4ccdb15c5d704830c2a77733e,곤트란쉐리에거제점,간이음식
88,f9d4c16fb52a15581769b8b84be30964,장수굴국밥,한식
89,d6a61e6b06986a9fdb46f7a7e6a66094,돈돈돈본점,한식
90,4ccdc349f417afc07db912f933acbb39,해피치즈스마일거제점,간이음식
90,03a7b23d3f8c964abce83ba60c65f961,싱싱게장,한식
92,4cfbbbb7a2e3d1e8cfd7cf342a626e29,인더스하버,카페/찻집
93,e8de6a6348455961da862a0b184f4e35,순봉가,한식
94,afb8fb99f4d5c8083f17373a0eeb62ea,볼리에르,카페/찻집
95,daa6cff9ba435d8b3083dd7be5211d71,한꼬막두꼬막,전문음식
96,0cfaec0f2fa2b14e9f6a2d8e5baf1de2,그해거제,카페/찻집
97,49d754b47fb57eaaa67fb3e257956abf,소향다원,한식
98,9fc56e0263b4e84376d0f9ac2204eb3b,장가네일품순두부거제상동점,한식
99,8c3f2f81cf1de0c17424aafa75d4502a,롯데리아거제아주점,간이음식
100,4ad806c6f870ca3d84869a3082360fa5,국자횟집,전문음식
