﻿순위,광역지자체명,기초지자체명,관광지명,기준연월,입장객수,입장객 수 총계
1,경상남도,거제시,포로수용소유적공원,202201,392,2921.0
1,경상남도,거제시,포로수용소유적공원,202202,211,2921.0
1,경상남도,거제시,포로수용소유적공원,202203,311,2921.0
1,경상남도,거제시,포로수용소유적공원,202204,319,2921.0
1,경상남도,거제시,포로수용소유적공원,202205,337,2921.0
1,경상남도,거제시,포로수용소유적공원,202206,284,2921.0
1,경상남도,거제시,포로수용소유적공원,202207,402,2921.0
1,경상남도,거제시,포로수용소유적공원,202208,0,2921.0
1,경상남도,거제시,포로수용소유적공원,202209,0,2921.0
1,경상남도,거제시,포로수용소유적공원,202210,307,2921.0
1,경상남도,거제시,포로수용소유적공원,202211,171,2921.0
1,경상남도,거제시,포로수용소유적공원,202212,187,2921.0
2,경상남도,거제시,거제박물관,202201,0,2.0
2,경상남도,거제시,거제박물관,202202,0,2.0
2,경상남도,거제시,거제박물관,202203,1,2.0
2,경상남도,거제시,거제박물관,202204,0,2.0
2,경상남도,거제시,거제박물관,202205,0,2.0
2,경상남도,거제시,거제박물관,202206,1,2.0
2,경상남도,거제시,거제박물관,202207,0,2.0
2,경상남도,거제시,거제박물관,202208,0,2.0
2,경상남도,거제시,거제박물관,202209,0,2.0
2,경상남도,거제시,거제박물관,202210,0,2.0
2,경상남도,거제시,거제박물관,202211,0,2.0
2,경상남도,거제시,거제박물관,202212,0,2.0
