﻿순위,관광지ID,업소명,분류
1,546664e93ec3b1a6b5c232c5b397c80e,온더선셋,카페/찻집
2,3e0f9e099db48c1e8b541ea41d1591e4,더블유181,카페/찻집
3,d900734aceb12db8728c2f2598750225,마소마레,카페/찻집
4,daa6cff9ba435d8b3083dd7be5211d71,한꼬막두꼬막,전문음식
5,27ff3eb6481cfed05a1d5e9b490f2387,짹짹커피,카페/찻집
6,3f6f9bba379a679d9318df034ed2a619,오송웨이브,카페/찻집
7,fdf6e9612db1f8440766d3fb1375caf6,만선호해물칼국수,한식
8,38d5fcc6715ff1a5ee5cc67075f97eb8,하면옥본점,한식
9,0bdfd8cd07fbca7e807bcb93916da27c,배말칼국수김밥본점,한식
10,55119882bc2c3306d3cbadd17ea2b67b,쌤김밥,간이음식
11,5cd7f241d5c2bd66ddbc84792ee1e725,외도널서리,카페/찻집
12,d164718244fc5303caf19db5ccd786d7,심해,카페/찻집
13,b9d05a872e13e8bee20308a986d1e9d1,거제보재기집,전문음식
14,dd2e51a8f0b26bf2837429e4f968a8be,바람의핫도그본점,간이음식
15,2e0877111d8fa068b2e63d52220ea457,마틴커피,카페/찻집
16,abb6c0008fb58cfc082683e684e75757,예이제게장백반본점,전문음식
17,dad9abc2462e20aa29afcecb024d3ff4,글래씨스,카페/찻집
18,8dadec40506ffd900bf94176a0a0b257,성포끝집,전문음식
19,f99b5daf1aa0bb8845a81c9b8392d4cd,스타벅스거제대로DT점,카페/찻집
20,17e46a9f83c6a93aa57bdae5226009e0,시방리카페,카페/찻집
21,65c153c4c26024c7876f464deec3dd99,대박난맛집,한식
22,24134bddc5986a6e355da33d9b3ccc62,강성횟집본점,전문음식
23,0b623a1a72ce98d67f7810a5f2f13c1d,더꽃매미성점,한식
24,71c293582b3433121d44e87c47f1fe0e,파인에이플러스,전문음식
25,485dbeaf563be4362cea43ee82820f8c,블랙업커피수월점,카페/찻집
26,2146b76f7f4873ba7c00b40335977dc4,스타벅스거제옥포DT점,카페/찻집
27,e9853f93fae71b9dfc8202f2f830392b,어방가,전문음식
28,01ee856ebae41f8779a45d838df2dba8,배말칼국수김밥거제학동점,한식
29,dfd880fe0c8eabbb5c302db8dc214f16,몰리힐스,카페/찻집
30,02b08c3cac17f8b5be89efa44c013b32,바릇,전문음식
31,f96c7fa8739718d9a52be840d8642ac5,맥도날드거제옥포SK DT점,간이음식
32,4e17ffb2794cdc5f36a717f09d676e06,더꽃본점,한식
33,e411f63bbc3892b0918b5c2681208e9e,거제해금강회센터,전문음식
34,03a7b23d3f8c964abce83ba60c65f961,싱싱게장,한식
35,4a2e72a997b17117492bce4b51a0e98a,백만석,한식
36,d68346b7ac3ed5ee6f04a54e1152e867,해뜨는집,전문음식
37,73752768c1457d6859819ca3da5dc022,예이제게장백반구조라점,전문음식
38,f9d4c16fb52a15581769b8b84be30964,장수굴국밥,한식
39,587886a11b861f4c7c4513c0a9efa894,미피카페,카페/찻집
40,256c12bd05ca3951eb69ef97657904e6,거제멸치쌈밥,한식
41,5982991a2830f80a66b154afd7216c5c,모정해물탕,한식
42,af5b462b841ce7200c837ee8645c115d,웅아물회,전문음식
43,74abb9d755e6dd60c3b027038e4ceab7,초정명가,전문음식
44,f2d4512c22c5d414e6b55c9ca7fe67b5,금농갈비,한식
45,637f21133feacb96758265f61f0c962b,덕둔버거,간이음식
46,8c4fb57ae5b4a63be80ba8e30334cf49,거장물총칼국수,한식
47,717fe4f4bb96bb8d3b3555e3ed1e5b40,승천냉면갈비찜,한식
48,f27809016a42abaf5574cbdfe5e47755,배말칼국수김밥고현직영점,한식
49,7b949ed47daf47c0c0845b5df7f440c8,집밥청보리[한식],한식
50,ab7871750adcdc96a341c37045bbc0a0,물레방아한정식[한식],한식
51,05e1e2dc5b8f243110b013fb4d264b97,스타벅스거제고현점,카페/찻집
52,bf755b68052871447b09927d0a4247bf,배말칼국수김밥거제면점,한식
53,fdf654ebf67dc0b6ee0e7fa57e13a9d5,미촌,전문음식
54,61d7fb512356f9b3b88301da9b2c10f9,더웨이브147,카페/찻집
55,d2baaf89dd9a735bd7d2f85b7699f5f5,중앙식당,한식
56,9db2de4857a7579ca5bf1cbfe7c75f11,우진,전문음식
57,49d754b47fb57eaaa67fb3e257956abf,소향다원,한식
58,4c41782cce1168031b27836178b340ae,에버어뮤즈,카페/찻집
59,76f082ae82baf53ea2fb887d449af3ab,두리원,한식
60,1fe6207c429483eafe9c3beb114f3204,N436,카페/찻집
61,60d0c3590c28461c5f7f77f38f55fe11,바삭꽈배기,간이음식
62,f18c5575e83e7dbfc49ad42eba346278,박정현게장백반[한식],한식
63,c7c4ebc1ebbc2207b15eb854a3f53ba3,스타벅스소노캄거제점,카페/찻집
64,a5f1b5a349d58c701c03d60d1570b1f1,포로수용소굴구이고현점,전문음식
65,9a03674c0bc3a5076104d9fd681093af,지심도횟집,전문음식
66,b1e824a903e41dec3fd8c5836004cf66,박가네돌판찜,한식
67,87d18c9bb94006cd0345c2deb0939156,점순이네밥집,한식
68,256ba5ba6f2bfa34abec788585b47c12,인간미,외국식
69,c41caf668c57108a217c32a5c41a4f49,아웃백스테이크하우스거제점,전문음식
70,5f3203f17e1e5e7c73845f89a7ceea92,롤링핀거제시청점,간이음식
71,dd34a4f5f8aec6dfe40d3985136444be,목구멍본점,한식
72,94c5d2351505e5629017b9e26c6d4002,충무김밥,간이음식
73,b55bb94280fb88bfcff637ad897a98c2,신선횟집지세포본점,전문음식
74,c082a6a33cae6c7cb23321eda95d4ffc,키친루셀로,전문음식
75,052b726816ed78d5971900a0da613675,김순희굴국밥&영양솥밥,전문음식
76,e956aee7b01ddc00255598452406a361,항만식당본점,한식
77,20281615fbda13c734bcf49fab199322,둔덕농협한우관,한식
78,cf01eceba678b14eb05506a076b59f9a,삼남매전복과해물뚝배기,전문음식
79,40495e6f5efe3d0372f98abd6fe716ee,원조거제굴구이,전문음식
80,8709d3142d6c6e640db14894b5b54c74,꽃숯갈비,한식
81,c8fd3b133c0e40e9fde920294ee1dadb,1박2일맛있는집,한식
82,0654ff109c9982264be95ace29bac91a,엄선장짬뽕[중식],외국식
83,4545d2f2977ae3af5dca4f767a4cfdb2,맥도날드거제점,간이음식
84,87cd30ab998034af6666a49d0e7877ea,구이조아라,한식
85,63e30b18c8fc86d4ff092d477df5afd8,충남식당,한식
86,167a0e1fd3f7197da9602ddf0146cd4f,온기당,한식
87,763ee2e8dfc32038eb28efba495e4a23,머그정,한식
88,5a022fdaa2c9b5a0ab10cb84217a60b2,엘도라도,카페/찻집
89,e5a2005813c512f8ee3319dd9fab6524,버거킹거제고현점,간이음식
89,c1e1ca0acba996c29281351905a4703a,리묘,카페/찻집
91,1993fd7573ea6b767a4e72f7fb06d779,일공공샤브거제상동점,전문음식
92,44ffa7156886639000fca5fc16fcaa95,싱싱게장거제대명점,전문음식
93,95bceddb54443a50e5ca580457db2460,메러디스빅토리,카페/찻집
94,6fef30feec36f6af54f7920f0dc20b54,어웨일카페펍,카페/찻집
95,e8de6a6348455961da862a0b184f4e35,순봉가,한식
96,607b740e01931da9c1849cc908281ec3,카페스테이지,카페/찻집
97,37926e5096ed58204d645b3ad32ee244,쿠우쿠우거제점,전문음식
98,e0738d62cd7f3ba706bb691a591a6dc2,오복미역거제점,한식
99,749c23484fc69b27a33885fc493c3a4c,천화원[중식],외국식
100,cecaa7237ccae9ad5e5df141029884a0,지세포로와,카페/찻집
