,시군구,소재지,구분
2,산청군,산청군 금서면 친환경로2631번길 12,문화예술회관
7,의령군,의령군 의령읍 의병로24길 31-1,문화예술회관
10,김해시,김해시 김해대로 2062 (내동),문화예술회관
13,창원시,창원시 진해구 진해대로 325 (태백동),문화예술회관
14,창원시,창원시 마산회원구 삼호로 135,문화예술회관
15,창원시,창원시 의창구 중앙로 181 (용호동),문화예술회관
3,김해시,김해시 진례면 진례로 275-51,미술관
4,창원시,창원시 의창구 대산면 유등로,미술관
6,창원시,창원시 마산합포구 문신1길 71 (추산동),미술관
7,창원시,창원시 의창구 용지로 296(경남도립미술관),미술관
17,김해시,경상남도 김해시 삼방동 192번지 ,공연장
18,김해시,경상남도 김해시 대청동 299번지 17통4반 ,공연장
19,김해시,경상남도 김해시 외동 1261-4번지 ,공연장
20,김해시,경상남도 김해시 내동 1131번지 ,공연장
21,김해시,경상남도 김해시 내동 1131번지 ,공연장
22,김해시,경상남도 김해시 봉황동 461-3번지 ,공연장
23,김해시,경상남도 김해시 내동 1131번지 ,공연장
24,김해시,경상남도 김해시 진영읍 여래리 530-2번지 ,공연장
25,김해시,경상남도 김해시 어방동 993번지 ,공연장
26,김해시,경상남도 김해시 율하동 1377번지 ,공연장
36,의령군,경상남도 의령군 의령읍 동동리 877-24번지 ,공연장
44,산청군,경상남도 산청군 금서면 매촌리 80번지 ,공연장
45,산청군,경상남도 산청군 금서면 매촌리 80번지 ,공연장
52,창원시,경상남도 창원시 마산합포구 구산면 반동리 산 121-1 ,공연장
53,창원시,경상남도 창원시 마산회원구 양덕동 532-3번지 ,공연장
54,창원시,경상남도 창원시 진해구 덕산동 584-1번지 ,공연장
55,창원시,경상남도 창원시 의창구 명서동 199-2 대호상가지하1호 ,공연장
56,창원시,경상남도 창원시 의창구 용호동 2번지 ,공연장
57,창원시,경상남도 창원시 의창구 팔용동 30-1 뉴코아아울렛 4263호,공연장
58,창원시,경상남도 창원시 의창구 용호동 73-1번지 레이크펄스 602호,공연장
59,창원시,경상남도 창원시 마산회원구 양덕동 532-3번지 ,공연장
60,창원시,경상남도 창원시 진해구 태백동 98번지 ,공연장
61,창원시,경상남도 창원시 의창구 용호동 2번지 ,공연장
62,창원시,"경상남도 창원시 성산구 중앙동 95-1 하이페르빌딩 지하 1,2층 ",공연장
63,김해시,경상남도 김해시 장유동 839-5 n스퀘어 ,공연장
64,창원시,경상남도 창원시 성산구 중앙동 93-1 지하101~103호 ,공연장
65,김해시,경상남도 김해시 동상동 497-13 ,공연장
66,창원시,경상남도 창원시 성산구 중앙동 97-6 켄버라타운 지하2층 201호 ,공연장
67,창원시,"경상남도 창원시 성산구 중앙동 99-1 메가플렉스 지하 1,2층 ",공연장
68,창원시,경상남도 창원시 성산구 가음동 7-3 가음정빌딩 ,공연장
71,창원시,경상남도 창원시 마산합포구 창동 64-10 1층 ,공연장
72,김해시,경상남도 김해시 봉황동 114 ,공연장
74,창원시,경상남도 창원시 성산구 용호동 73-24 세원상가 ,공연장
76,창원시,경상남도 창원시 마산회원구 내서읍 중리 1054 백로아파트 ,공연장
3,창원시,경상남도 창원시 진해구 용원동 1211-1 ,유원시설업(기타)
5,김해시,경상남도 김해시 신문동 1417 ,종합유원시설업
26,김해시,경상남도 김해시 삼계동 1502-2 삼성아동병원 3층 ,유원시설업(기타)
27,김해시,경상남도 김해시 동상동 992-12번지 ,유원시설업(기타)
28,김해시,경상남도 김해시 외동 1259-2번지 힐튼상가 401호,유원시설업(기타)
29,김해시,경상남도 김해시 외동 1252-2번지 삼우빌딩 108호,유원시설업(기타)
30,김해시,경상남도 김해시 율하동 1335-1번지 경보월드 ,유원시설업(기타)
31,김해시,경상남도 김해시 삼계동 1422-4 ,유원시설업(기타)
32,김해시,경상남도 김해시 신문동 1414번지 롯데아울렛신관 ,유원시설업(기타)
33,김해시,경상남도 김해시 삼문동 562-12번지 ,유원시설업(기타)
34,김해시,경상남도 김해시 율하동 1351-4 경원프라자 301호,유원시설업(기타)
35,김해시,경상남도 김해시 외동 1253-3 경원빌딩 401호,유원시설업(기타)
36,김해시,경상남도 김해시 대청동 52-1번지 601~3호,유원시설업(기타)
37,김해시,경상남도 김해시 주촌면 선지리 1016-2 402~4호,유원시설업(기타)
38,창원시,경상남도 창원시 성산구 중앙동 101-1 경남오피스텔 1003호,시내순환관광업
39,김해시,경상남도 김해시 외동 1264 신세계백화점 5층 ,유원시설업(기타)
40,김해시,경상남도 김해시 부곡동 1159-3 베스트월드 501호,유원시설업(기타)
41,김해시,경상남도 김해시 외동 1249-4번지 한국2차아파트 주상가동 지하201호,유원시설업(기타)
42,김해시,경상남도 김해시 부원동 1043번지 ,유원시설업(기타)
43,김해시,경상남도 김해시 동상동 745-1번지 ,유원시설업(기타)
44,김해시,경상남도 김해시 외동 1264번지 ,유원시설업(기타)
45,김해시,경상남도 김해시 진영읍 여래리 970 ,유원시설업(기타)
46,김해시,경상남도 김해시 진영읍 진영리 1612-4 10층 ,유원시설업(기타)
89,의령군,경상남도 의령군 의령읍 서동리 484-5번지 ,유원시설업(기타)
94,산청군,경상남도 산청군 신등면 모례리 756-5번지 숲속정원관광농원 ,유원시설업(기타)
98,창원시,경상남도 창원시 성산구 상남동 45-1 성원아파트 ,유원시설업(기타)
99,창원시,경상남도 창원시 성산구 용호동 73-1 레이크펄스 ,유원시설업(기타)
100,창원시,경상남도 창원시 진해구 여좌동 761-5번지 ,유원시설업(기타)
101,창원시,경상남도 창원시 진해구 이동 2-2번지 ,유원시설업(기타)
102,창원시,경상남도 창원시 진해구 풍호동 806-18 ,유원시설업(기타)
103,창원시,경상남도 창원시 의창구 봉림동 713-4 ,유원시설업(기타)
104,창원시,경상남도 창원시 의창구 팔용동 30-3 삼성홈플러스 ,유원시설업(기타)
105,창원시,경상남도 창원시 의창구 북면 감계리 236-1 ,유원시설업(기타)
106,창원시,경상남도 창원시 진해구 자은동 136-1번지 자은스퀘어 ,유원시설업(기타)
107,창원시,경상남도 창원시 성산구 가음동 47-2 ,유원시설업(기타)
108,창원시,경상남도 창원시 마산회원구 내서읍 호계리 13-2번지 302호,유원시설업(기타)
109,창원시,경상남도 창원시 마산합포구 신포동1가 2-10 신우희가로밀리온 601호,유원시설업(기타)
110,창원시,"경상남도 창원시 의창구 북면 감계리 234-3번지 MG빌딩,601 602호 ",유원시설업(기타)
111,창원시,경상남도 창원시 성산구 상남동 80 롯데백화점창원점(신관) 7층호,유원시설업(기타)
112,창원시,경상남도 창원시 마산회원구 내서읍 삼계리 742번지 ,유원시설업(기타)
113,창원시,경상남도 창원시 마산회원구 양덕동 12-30번지 생명장한의원 ,유원시설업(기타)
114,창원시,경상남도 창원시 진해구 석동 141-1 ,유원시설업(기타)
115,창원시,경상남도 창원시 마산회원구 양덕동 51-31번지 금천빌딩 ,유원시설업(기타)
116,창원시,경상남도 창원시 마산회원구 양덕동 535 ,유원시설업(기타)
117,창원시,경상남도 창원시 마산회원구 내서읍 삼계리 26-6 ,유원시설업(기타)
118,창원시,경상남도 창원시 마산합포구 현동 374 7층 701호,유원시설업(기타)
119,창원시,경상남도 창원시 성산구 가음동 7-2 더원빌딩 403호,유원시설업(기타)
120,창원시,경상남도 창원시 마산합포구 산호동 338-37 ,유원시설업(기타)
121,창원시,경상남도 창원시 진해구 용원동 1212-16 ,유원시설업(기타)
122,창원시,경상남도 창원시 마산회원구 내서읍 삼계리 27-2 ,유원시설업(기타)
123,창원시,경상남도 창원시 마산합포구 교방동 511 ,유원시설업(기타)
124,창원시,경상남도 창원시 진해구 석동 142-2 ,유원시설업(기타)
125,창원시,경상남도 창원시 마산합포구 해운동 5-95 1층 105호,유원시설업(기타)
126,창원시,경상남도 창원시 마산합포구 창동 137-2 ,유원시설업(기타)
127,창원시,경상남도 창원시 의창구 팔용동 30-1번지 ,유원시설업(기타)
128,창원시,경상남도 창원시 의창구 동읍 월잠리 95번지 ,유원시설업(기타)
129,창원시,경상남도 창원시 마산합포구 구산면 반동리 산 121-1 ,유원시설업(기타)
130,창원시,경상남도 창원시 의창구 북면 신촌리 1533-2 ,유원시설업(기타)
131,창원시,경상남도 창원시 마산회원구 양덕동 149-20 메트로센텀 1동 1302호,유원시설업(기타)
132,창원시,경상남도 창원시 마산합포구 해운동 5-95 해운프라자 ,유원시설업(기타)
133,창원시,경상남도 창원시 성산구 대원동 121 더시티세븐 ,유원시설업(기타)
134,창원시,경상남도 창원시 성산구 대방동 338-4 대풍빌딩 ,유원시설업(기타)
137,김해시,경상남도 김해시 어방동 993 ,일반유원시설업
138,김해시,경상남도 김해시 생림면 마사리 654-4 ,일반유원시설업
139,김해시,경상남도 김해시 어방동 993 ,일반유원시설업
141,김해시,경상남도 김해시 신문동 1414 롯데아울렛 ,일반유원시설업
161,창원시,경상남도 창원시 마산회원구 합성동 126-29 지하1층 ,일반유원시설업
162,창원시,경상남도 창원시 의창구 대원동 123번지 창원컨벤션센터 ,일반유원시설업
264,창원시,경상남도 창원시 진해구 장천동 409-5 제이씨빌딩 701호,유원시설업(기타)
267,창원시,경상남도 창원시 마산합포구 구산면 반동리 산 121-1 ,종합유원시설업
268,김해시,경상남도 김해시 외동 1264 신세계백화점 2층 ,유원시설업(기타)
272,창원시,경상남도 창원시 마산합포구 교방동 385-25 ,유원시설업(기타)
273,창원시,경상남도 창원시 성산구 대원동 123 ,국제회의시설업
275,산청군,경상남도 산청군 시천면 반천리 산 65 서지관광농원 ,유원시설업(기타)
276,창원시,경상남도 창원시 성산구 상남동 79 롯데백화점 3층 ,유원시설업(기타)
277,김해시,경상남도 김해시 외동 1264 ,유원시설업(기타)
281,김해시,경상남도 김해시 외동 1421 이진캐스빌 2차 아파트(상가) 104동 103호,유원시설업(기타)
284,창원시,경상남도 창원시 성산구 중앙동 91 창원이마트 ,유원시설업(기타)
289,김해시,경상남도 김해시 어방동 474-2 ,유원시설업(기타)
295,창원시,"경상남도 창원시 마산합포구 진북면 금산리 437 (외 2번지, 283-1, 449-1) ",유원시설업(기타)
305,창원시,경상남도 창원시 진해구 풍호동 805-5 ,유원시설업(기타)
306,김해시,경상남도 김해시 장유동 840-4 ,유원시설업(기타)
310,김해시,경상남도 김해시 장유동 825-1 ,유원시설업(기타)
311,김해시,경상남도 김해시 외동 1264 이마트 김해점 2층 ,유원시설업(기타)
313,창원시,경상남도 창원시 의창구 용호동 73-61 ,시내순환관광업
314,김해시,경상남도 김해시 삼방동 산 123 ,종합유원시설업
321,김해시,경상남도 김해시 유하동 88번지 ,종합휴양업
322,김해시,경상남도 김해시 유하동 88 ,전문휴양업
327,산청군,경상남도 산청군 시천면 동당리 577 덕산관광휴양지 ,유원시설업(기타)
330,김해시,경상남도 김해시 주촌면 선지리 479-1 ,유원시설업(기타)
332,김해시,경상남도 김해시 생림면 나전리 30-6 ,유원시설업(기타)
339,창원시,경상남도 창원시 마산합포구 구산면 반동리 산 105 중앙광장동 ,유원시설업(기타)
344,김해시,경상남도 김해시 진영읍 진영리 275-25 ,유원시설업(기타)
345,산청군,경상남도 산청군 시천면 사리 258-8 ,유원시설업(기타)
346,김해시,경상남도 김해시 외동 1264 ,유원시설업(기타)
347,창원시,"경상남도 창원시 마산회원구 양덕동 151-1 삼성홈플러스, 5층 ",유원시설업(기타)
1,김해시,김해시 한림면 김해대로 1029-20,박물관
5,김해시,김해시 가야의길 126 (대성동),박물관
7,창원시,창원시 진해구 중원로 1,박물관
17,창원시,창원시 진해구 중원동로 52 (제황산동),박물관
20,김해시,김해시 인제로 197 (어방동),박물관
21,창원시,창원시 의창구 퇴촌로 92 (퇴촌동),박물관
22,산청군,산청군 금서면 동의보감로 555,박물관
