﻿기준연월,광역지자체명,기초지자체명,관광소비액(백만원),전국 대비 관광소비액 비율,전국 관광소비액(백만원)
202202,경상남도,창원시 마산회원구,4291.0,0.18,2401845.0
202201,경상남도,창원시 마산회원구,5531.0,0.2,2818100.0
202203,경상남도,창원시 마산회원구,5058.0,0.18,2825508.0
202204,경상남도,창원시 마산회원구,5998.0,0.18,3415138.0
202205,경상남도,창원시 마산회원구,6800.0,0.18,3810295.0
202206,경상남도,창원시 마산회원구,6246.0,0.17,3614382.0
202207,경상남도,창원시 마산회원구,6417.0,0.17,3687606.0
202208,경상남도,창원시 마산회원구,6285.0,0.17,3619338.0
202211,경상남도,창원시 마산회원구,5752.0,0.17,3381424.0
202212,경상남도,창원시 마산회원구,6724.0,0.19,3522289.0
202210,경상남도,창원시 마산회원구,6558.0,0.17,3847530.0
202209,경상남도,창원시 마산회원구,6060.0,0.18,3443939.0
202102,경상남도,창원시 마산회원구,4625.0,0.2,2283240.0
202107,경상남도,창원시 마산회원구,5291.0,0.2,2659857.0
202110,경상남도,창원시 마산회원구,5700.0,0.18,3171035.0
202109,경상남도,창원시 마산회원구,5218.0,0.19,2738558.0
202111,경상남도,창원시 마산회원구,5839.0,0.19,3064833.0
202101,경상남도,창원시 마산회원구,4506.0,0.22,2016147.0
202103,경상남도,창원시 마산회원구,5374.0,0.2,2716854.0
202104,경상남도,창원시 마산회원구,5402.0,0.2,2756364.0
202105,경상남도,창원시 마산회원구,5883.0,0.2,3001200.0
202108,경상남도,창원시 마산회원구,4433.0,0.17,2600600.0
202106,경상남도,창원시 마산회원구,5368.0,0.19,2803197.0
202112,경상남도,창원시 마산회원구,5652.0,0.2,2854737.0
