﻿시군구명,시도명,관광지명,구분,방문자수
고성군,경상남도,상족암군립공원,자연관광지,5180
고성군,경상남도,구절산,자연관광지,2764
고성군,경상남도,문수암(고성),역사관광지,2573
고성군,경상남도,고성공룡박물관,문화시설,2421
고성군,경상남도,당항포관광지,휴양관광지,1686
고성군,경상남도,고성시장,쇼핑,1597
고성군,경상남도,그레이스 정원,자연관광지,1322
고성군,경상남도,고성 폭포암,역사관광지,973
고성군,경상남도,용암포항(풍양카페리터미널),자연관광지,823
고성군,경상남도,고성당항포랜드,자연관광지,748
고성군,경상남도,고성 솔섬,휴양관광지,553
고성군,경상남도,고성 덕명리 공룡과 새발자국 화석 산지,관광자원,541
고성군,경상남도,연화산도립공원,자연관광지,419
고성군,경상남도,동해 해안길,자연관광지,402
고성군,경상남도,고성군 스포츠파크,육상 레포츠,381
고성군,경상남도,고성 송학동 고분군,역사관광지,378
고성군,경상남도,남산공원오토캠핑장,육상 레포츠,369
고성군,경상남도,주식회사 로카,체험관광지,364
고성군,경상남도,해지개다리,건축/조형물,332
고성군,경상남도,산들바다관광농원,육상 레포츠,328
고성군,경상남도,병풍바위전망대,건축/조형물,315
고성군,경상남도,계승사(고성),역사관광지,296
고성군,경상남도,노벨CC(고성노벨컨트리클럽),육상 레포츠,276
고성군,경상남도,만화방초,자연관광지,271
고성군,경상남도,라파엘펜션글램핑장,육상 레포츠,262
고성군,경상남도,장산숲,자연관광지,257
고성군,경상남도,동화어촌체험마을,체험관광지,248
고성군,경상남도,옥천사(고성),역사관광지,248
고성군,경상남도,남산공원(고성),자연관광지,245
고성군,경상남도,해맞이공원,휴양관광지,239
고성군,경상남도,갈모봉 산림욕장,자연관광지,235
고성군,경상남도,자란도,자연관광지,231
고성군,경상남도,네순도르마,음식점,228
고성군,경상남도,고성 학동마을 옛 담장,역사관광지,225
고성군,경상남도,연화산반딧불이캠핑장,육상 레포츠,222
고성군,경상남도,대충캠핑장,육상 레포츠,215
고성군,경상남도,바닷가에 햇살 한스푼,음식점,214
고성군,경상남도,옹기랑,산업관광지,198
고성군,경상남도,고성문화원(경남),문화시설,193
고성군,경상남도,블루웨일글램핑,육상 레포츠,192
고성군,경상남도,카페 도어스,음식점,188
고성군,경상남도,오두산 치유숲,휴양관광지,181
고성군,경상남도,당항포관광지 펜션 [한국관광 품질인증/Korea Quality],숙박시설,177
고성군,경상남도,박진사고택 [한국관광 품질인증/Korea Quality],숙박시설,173
고성군,경상남도,엄홍길전시관,문화시설,173
고성군,경상남도,고성잔디캠핑장,육상 레포츠,172
고성군,경상남도,소담수목원,자연관광지,172
고성군,경상남도,고성 자란만,자연관광지,169
고성군,경상남도,당항포국민관광단지충무공해전관 (충무공해전관),문화시설,165
고성군,경상남도,아트앤체험캠프,육상 레포츠,162
고성군,경상남도,고성생태학습관,문화시설,159
고성군,경상남도,당항포오토캠핑장,육상 레포츠,150
고성군,경상남도,고성 최필간고택[한국관광 품질인증/Korea Quality],숙박시설,147
고성군,경상남도,상리연꽃공원,휴양관광지,147
고성군,경상남도,고성패밀리캠핑장,육상 레포츠,137
고성군,경상남도,당항포 요트체험,수상 레포츠,137
고성군,경상남도,장의사(고성),역사관광지,135
고성군,경상남도,고성자연사박물관,문화시설,128
고성군,경상남도,맥전포항,자연관광지,126
고성군,경상남도,고성당항포랜드,휴양관광지,121
고성군,경상남도,동해면 작은 구학포 공룡 화석지,관광자원,119
고성군,경상남도,구름위의산책,숙박시설,115
고성군,경상남도,본토대가,음식점,112
고성군,경상남도,고가담(가치를 담다),산업관광지,110
고성군,경상남도,운흥사(경남),역사관광지,105
고성군,경상남도,고성박물관,문화시설,101
고성군,경상남도,당사골흑염소식당,음식점,98
고성군,경상남도,아트인고성,산업관광지,96
고성군,경상남도,얼음골야영장,육상 레포츠,96
고성군,경상남도,장좌리캠핑장,육상 레포츠,96
고성군,경상남도,폴라리스야영장,육상 레포츠,94
고성군,경상남도,나포리횟집,음식점,91
고성군,경상남도,고성소을비포성지,역사관광지,90
고성군,경상남도,통영짬뽕,음식점,89
고성군,경상남도,보현암,역사관광지,87
고성군,경상남도,고성오광대전수회관,문화시설,81
고성군,경상남도,고옥정,음식점,80
고성군,경상남도,프린스호텔[한국관광 품질인증/Korea Quality],숙박시설,79
고성군,경상남도,고성장 (1_ 6일),쇼핑,73
고성군,경상남도,일번수산왕새우,음식점,70
고성군,경상남도,바다공룡(다이노씨 프로젝트),체험관광지,66
고성군,경상남도,무지돌이마을,체험관광지,62
고성군,경상남도,송천참다래마을,체험관광지,62
고성군,경상남도,버금상점,체험관광지,62
고성군,경상남도,제전마을,숙박시설,61
고성군,경상남도,고향식당,음식점,58
고성군,경상남도,고성탈박물관,문화시설,53
고성군,경상남도,하이드아웃,음식점,53
고성군,경상남도,청광새들녘캠핑,육상 레포츠,49
고성군,경상남도,놀터캠핑장,육상 레포츠,48
고성군,경상남도,다이노캠핑장,육상 레포츠,48
고성군,경상남도,고성장산리허씨고가,역사관광지,45
고성군,경상남도,모모회식당,음식점,45
고성군,경상남도,영오캠핑장,육상 레포츠,45
고성군,경상남도,오두산 치유숲,휴양관광지,45
고성군,경상남도,우정장어,음식점,45
고성군,경상남도,오션포레,육상 레포츠,43
고성군,경상남도,오호락,숙박시설,40
고성군,경상남도,위계서원,역사관광지,37
고성군,경상남도,둘리왕새우,음식점,36
