﻿순위,관광지ID,관광지명,분류
1,1375b40ce443787fe950f09760cacaec,고성공룡박물관,문화관광
2,f5888d8a6d8679c4e2cefa526552808d,고성시장,쇼핑
3,463c46a320b57e1dd8f51d0dbebb1926,고성노벨CC,레저스포츠
4,26d97c4808fd195ca43b3174191003d3,그레이스정원,문화관광
5,fe6d6be21009effe1b8b3d8167c98e16,문수암,역사관광
6,9832c597c52dfe1222d912d03a8e0eb0,송학동고분군,역사관광
7,9e277dd2f60dc827c12648b35b951619,당항포관광지,문화관광
8,2658ec15d754daa00fd5dac9fed19695,옥천사,역사관광
9,8be301efda6a2019e3fe336a6e46787f,용암포선착장,기타관광
10,be73b79c6583875cb87e08b25f60d44f,고성공룡세계엑스포,문화관광
11,ba0f6b10467fd61686955ee1182e14de,고성군스포츠파크,문화관광
12,c5c0d309c1d25e67bd07004b588cd5d9,고성CC,레저스포츠
13,90ffe80e3332d30a2e89df5225450950,고성장산숲,기타관광
14,a3de68748830628b860648288d527e48,상리연꽃공원,문화관광
15,d362efe67c999e847b2c9e322f4a5c3f,만화방초,기타관광
16,47ca25402d651ae5d27f54c9562184bf,고성박물관,문화관광
17,550bcb0c5da95a7db13ff6915a66c75b,맥전포항,자연관광
18,ab4a193c7c1232aafe4fa9cbac46ca97,한산마리나리조트,숙박
19,fd7ba8fa67f166fca1121c2fde69e79a,상족암오토캠핑장/제1캠핑장,숙박
20,b986b4f9e383615069c0a0eb7c92ca1f,수남유수지생태공원,문화관광
21,85d680e966003fede8e7985e6f42e3de,공룡타조랜드,체험관광
22,a7b4e8dc98bc00891813c254a58e75c9,고성생태학습관,문화관광
23,7e1929c756f7b30da59c7fbb0baf94d2,라파엘펜션&글램핑,숙박
24,425dfd73fcee0a560b11b4a42d052431,ON모텔,숙박
25,07391b05f8665ab322b660bab472ac1b,고성만화방초수국축제,문화관광
26,e1b3221356396d88574b1b550b19bbfd,폭포암,역사관광
27,eb5a332fa04833e621ab9c7092c4ca89,갈모봉산림욕장,자연관광
28,f04965fd9aa55f630d24e7f744f51252,프린스호텔,숙박
29,3451cb996cf994020aadd8f3a5b25e26,고성군스포츠파크/4구장,문화관광
30,deed61b6a31104f0861a30e492bcebb1,구절폭포,자연관광
31,9f282de6ee0e684eca96a562157611b7,오션스파호텔,숙박
32,e80cdd73e5a2d5899652dcf0d8a48d34,보현암,역사관광
33,4470bd10b6da5f83fb28214641e54371,엄홍길전시관,문화관광
34,98e21d0b10213d8e8ffed7de57dc7db7,해맞이공원,문화관광
35,89fae322bba3e2aa980194360f95a2c4,남산공원,문화관광
36,20bd3945f4621a915d9dd0f333d1e9ef,남산공원오토캠핑장,숙박
37,69c15fc4a17f895eb12192354815fe6c,덕명방파제,자연관광
38,0d6d8009d65317b8c1dc2272b04db1a0,고성군스포츠파크/3구장,문화관광
39,e921b280b986857e336b960bef1e3b76,CGV/고성,문화관광
40,7ed4eeffa6456f1e668e540033e527f2,회화면체육공원,문화관광
41,8cd8dbe853f49626742c574e0d26bb2d,고성블루비치펜션&글램핑,숙박
42,d45db05f1a169c5580619565e2bd72d7,ZAZA모텔,숙박
43,b2b1db71512f2227494e37fc3f15e6cf,상족암오토캠핑장/제2캠핑장,숙박
44,3d19ae2b1ce63cbdca449a35a09311ce,남포항,자연관광
45,ba5bf67f03800fe3505aaa52792541da,풍양카페리터미널,기타관광
46,34d71968bcb1c1101f8d0d931c711754,보현사,역사관광
47,acd74f8012bcd01337b0bca3194711c8,우두포방파제,자연관광
48,1b65e2a1de76c76ee1f5afcde4818a8d,솔섬,자연관광
49,a5c2db703dc5fa69f74c490ded51b541,해지개다리,기타관광
50,d52b0571c98da17e0c8177ace9bb64e4,명품무인호텔시그니처,숙박
51,5ec63dec2dabd0943c4d7b258e3f413b,용암포항,자연관광
52,0baa440cfd665b51d4025411fcd17e86,고성탈박물관,문화관광
53,adb06ef680e1b3f8a90f56ad20c8fb1d,호텔위드세븐,숙박
54,bce55fa533495b1ef96e828b7b55cfdc,스카이무인텔,숙박
55,879d3b17bdd294e9770c9af98e13a99d,다이노캠핑장,숙박
56,c9e0b1e32e2911ede03f47208d7a7c7f,궁전모텔,숙박
57,f7476749d31e3c30834369f0c3535242,고성군야구장,문화관광
58,90161ed4ac84408a4fddb65d7748bb3b,아네뜨모텔,숙박
59,cd6b08775b890e2d119d02a10cce0ea3,고성당항포랜드,문화관광
60,1ec7849f3b65cff5036514f044f195c5,상족몽돌해수욕장,자연관광
61,a3e6b39fd221c4617f177bd6d49e0fb6,우등모텔,숙박
62,383bb42f33218cef8a2352356f969060,수남유수지생태공원/어린이모험놀이터,문화관광
63,208b659fedf0bb4b78ad9aa50ecf3207,영동둔치공원,문화관광
64,f1550c581e0a6b23460c856959b9122a,공룡시장,쇼핑
65,7b7d059685526b5589c0288c3a148a01,장항방파제,자연관광
66,eb454fd22ab971fe16a107f70bac37c1,고성소을비포성지,역사관광
67,291999e0b240fd311244af518bdb662a,아미가모텔,숙박
68,9467e68b8626ac8b8bbdaed2d8342e08,보브모텔,숙박
69,800d08907be2aa3b80450dcc07575a67,경상남도청소년수련원,레저스포츠
70,6593b7f3d3718ddbeb3c3f9bcde4ebb5,당항포오토캠핑장,숙박
71,114602c68a57df58945cef50b5c3e72b,친구수산,체험관광
72,ecccf85346b81e05fed3444d432662ed,오호락펜션,숙박
73,dd5f71715615d64530e05f672daa67a1,고성독수리생태체험관,문화관광
74,9a7813612cfb5b59c8d719f9df897643,상족암유람선,기타관광
75,a6d351c53ef20c587f05937a8cdb69b4,맥전포서방파제,자연관광
76,df6a8e201089c80473fef062bbea4e32,고성잔디캠핑장,숙박
77,f604284676256eb9661b65c3b91eb6be,놀터캠핑장,숙박
78,0f6932ca62439b1f99548acf77d5b88f,구절산출렁다리,기타관광
79,3da5e8a7eb0edd1a70733e03957401f7,고성상리연꽃축제,문화관광
80,c00f93e02693afe23176023140a46225,대가저수지,자연관광
81,2efb47c1166c90b5b61bb3cb74d19e36,배둔시장,쇼핑
82,6fd60641a076e07c48b5303fc637cae5,비비파크펜션,숙박
83,39ac5d5aa709374ea38ecadf96644a95,오션포레,숙박
84,f1f3114758af2f7940bdf06cf4abd08c,대가면십리벚꽃길,기타관광
85,d6e0aafdeafac0204b028e3e962d91d5,연화산계곡,자연관광
86,a4630e89de7f8a9a3753a11cce7f7795,고성학동마을옛담장,역사관광
87,91da78d33b3300496b0ce2d7e75d8bfe,아트앤체험캠프,숙박
88,ee3488c89e1e359e0a3ac551b27bb2b9,고성드론전용비행시험장,레저스포츠
89,ff154ca0f9c864d8b0d2ccd4e5c2644f,쉴모텔,숙박
90,59d6f519321f6d5796347b5df6a30f48,동진대교가있는해안도로,기타관광
91,ab93522605362880aca9067163d73c42,오오유맨손캠핑,숙박
92,22f413ae7872fedf8830a8c9307b080d,몽모텔,숙박
93,dd48de70e1149c07f871aa5896046602,산들바다관광농원,숙박
94,a7a3e09db7b6b4ae72e78cb99d9639d6,고성가리비수산물축제,문화관광
95,43255b7f214a95fa8ed7c1df2a477096,오두산치유숲,자연관광
96,53530c3c78e9b1b50e3ef1d4a7d90399,해지개해안둘레길,레저스포츠
97,21312db30a2bcdca40d3118fc962ab81,임포항,자연관광
98,a612fa0ebed6adfe929e5720c0780849,하우올리관광농원,숙박
99,73c501ad5fadd497955838a07ddc21b4,성일모텔,숙박
100,8b504677b19d49549e12d871b247923c,대충캠핑장,숙박
