﻿순위,광역지자체명,기초지자체명,관광지명,기준연월,입장객수,입장객총계
1,경상남도,고성군,당항포,202301,3734,238438.0
1,경상남도,고성군,당항포,202302,6684,238438.0
1,경상남도,고성군,당항포,202303,8129,238438.0
1,경상남도,고성군,당항포,202304,13861,238438.0
1,경상남도,고성군,당항포,202305,10186,238438.0
1,경상남도,고성군,당항포,202306,7089,238438.0
1,경상남도,고성군,당항포,202307,4232,238438.0
1,경상남도,고성군,당항포,202308,4457,238438.0
1,경상남도,고성군,당항포,202309,30221,238438.0
1,경상남도,고성군,당항포,202310,148520,238438.0
1,경상남도,고성군,당항포,202311,284,238438.0
1,경상남도,고성군,당항포,202312,1041,238438.0
2,경상남도,고성군,공룡박물관,202301,6858,129881.0
2,경상남도,고성군,공룡박물관,202302,9989,129881.0
2,경상남도,고성군,공룡박물관,202303,9421,129881.0
2,경상남도,고성군,공룡박물관,202304,13485,129881.0
2,경상남도,고성군,공룡박물관,202305,12767,129881.0
2,경상남도,고성군,공룡박물관,202306,12103,129881.0
2,경상남도,고성군,공룡박물관,202307,11178,129881.0
2,경상남도,고성군,공룡박물관,202308,16518,129881.0
2,경상남도,고성군,공룡박물관,202309,9360,129881.0
2,경상남도,고성군,공룡박물관,202310,12279,129881.0
2,경상남도,고성군,공룡박물관,202311,7018,129881.0
2,경상남도,고성군,공룡박물관,202312,8905,129881.0
