﻿순위,중심관광지ID,중심관광지명,중심시도명,중심시군구명,중심카테고리 명_중,연관관광지ID,연관관광지명,연관관광지시도명,연관관광지시군구명,구분
1,1375b40ce443787fe950f09760cacaec,고성공룡박물관,경상남도,고성군,문화관광,7c656d8d0275adad574ffdd0058ad5f4,삼천포용궁수산시장,경상남도,사천시,쇼핑
2,1375b40ce443787fe950f09760cacaec,고성공룡박물관,경상남도,고성군,문화관광,d603c017e3fd0d35cbd0726314556db0,사천바다케이블카/대방정류장,경상남도,사천시,기타관광
3,1375b40ce443787fe950f09760cacaec,고성공룡박물관,경상남도,고성군,문화관광,be73b79c6583875cb87e08b25f60d44f,고성공룡세계엑스포,경상남도,고성군,문화관광
4,1375b40ce443787fe950f09760cacaec,고성공룡박물관,경상남도,고성군,문화관광,fc687580da6d4b017d1f6aaea88d4070,이마트/통영점,경상남도,통영시,쇼핑
5,1375b40ce443787fe950f09760cacaec,고성공룡박물관,경상남도,고성군,문화관광,f0b5fdaba0892ead37a6296850b8d55d,통영중앙전통시장,경상남도,통영시,쇼핑
6,1375b40ce443787fe950f09760cacaec,고성공룡박물관,경상남도,고성군,문화관광,50db1b39fae31c812daaa7cfbcbd7693,남일대해수욕장,경상남도,사천시,자연관광
7,1375b40ce443787fe950f09760cacaec,고성공룡박물관,경상남도,고성군,문화관광,debc1ccce264c3331b742addc7d87132,홈플러스/삼천포점,경상남도,사천시,쇼핑
8,1375b40ce443787fe950f09760cacaec,고성공룡박물관,경상남도,고성군,문화관광,df796403a83d5d1af5ec8b9814a0a68c,이마트/사천점,경상남도,사천시,쇼핑
9,1375b40ce443787fe950f09760cacaec,고성공룡박물관,경상남도,고성군,문화관광,f5888d8a6d8679c4e2cefa526552808d,고성시장,경상남도,고성군,쇼핑
10,1375b40ce443787fe950f09760cacaec,고성공룡박물관,경상남도,고성군,문화관광,b698d5e11a18a20fc655cd089c9d54e1,아르떼리조트,경상남도,사천시,숙박
11,1375b40ce443787fe950f09760cacaec,고성공룡박물관,경상남도,고성군,문화관광,ae7d924a33490c489607d881b6eec82a,항공우주박물관,경상남도,사천시,문화관광
12,1375b40ce443787fe950f09760cacaec,고성공룡박물관,경상남도,고성군,문화관광,8faa72942fe2f8a2f931c8b9e4772526,삼천포항,경상남도,사천시,자연관광
13,1375b40ce443787fe950f09760cacaec,고성공룡박물관,경상남도,고성군,문화관광,7df26ac7506e24b49b92cd5338b876f7,남파랑가,경상남도,고성군,음식
14,1375b40ce443787fe950f09760cacaec,고성공룡박물관,경상남도,고성군,문화관광,47ca25402d651ae5d27f54c9562184bf,고성박물관,경상남도,고성군,문화관광
15,1375b40ce443787fe950f09760cacaec,고성공룡박물관,경상남도,고성군,문화관광,fd7ba8fa67f166fca1121c2fde69e79a,상족암오토캠핑장/제1캠핑장,경상남도,고성군,숙박
16,1375b40ce443787fe950f09760cacaec,고성공룡박물관,경상남도,고성군,문화관광,26d97c4808fd195ca43b3174191003d3,그레이스정원,경상남도,고성군,문화관광
17,1375b40ce443787fe950f09760cacaec,고성공룡박물관,경상남도,고성군,문화관광,7b949ed47daf47c0c0845b5df7f440c8,집밥청보리/[한식],경상남도,거제시,음식
17,1375b40ce443787fe950f09760cacaec,고성공룡박물관,경상남도,고성군,문화관광,af939c4bf05d29ebb3be416b9c4173ae,블루웨일글램핑,경상남도,고성군,숙박
17,1375b40ce443787fe950f09760cacaec,고성공룡박물관,경상남도,고성군,문화관광,daa6cff9ba435d8b3083dd7be5211d71,한꼬막두꼬막,경상남도,거제시,음식
20,1375b40ce443787fe950f09760cacaec,고성공룡박물관,경상남도,고성군,문화관광,8dfcd4e89c0b8e1d1ab91d493a602222,대월,경상남도,통영시,음식
21,1375b40ce443787fe950f09760cacaec,고성공룡박물관,경상남도,고성군,문화관광,de94f2de746c7c834d85b9ced39f72f3,흙시루가든,경상남도,고성군,음식
22,1375b40ce443787fe950f09760cacaec,고성공룡박물관,경상남도,고성군,문화관광,aa188e12a82bf65e487b0f2eeb12a4ab,아라마루아쿠아리움,경상남도,사천시,문화관광
23,1375b40ce443787fe950f09760cacaec,고성공룡박물관,경상남도,고성군,문화관광,53b32f312946d0e4491841f5bdb1b51f,독일마을,경상남도,남해군,기타관광
24,1375b40ce443787fe950f09760cacaec,고성공룡박물관,경상남도,고성군,문화관광,24db6fe27e76e2692c9983e096eaf635,하주옥,경상남도,사천시,음식
25,1375b40ce443787fe950f09760cacaec,고성공룡박물관,경상남도,고성군,문화관광,45e8224cb7214652fd91bddffbf0c9c2,삼천포돌게장/[한식],경상남도,사천시,음식
26,1375b40ce443787fe950f09760cacaec,고성공룡박물관,경상남도,고성군,문화관광,85d680e966003fede8e7985e6f42e3de,공룡타조랜드,경상남도,고성군,체험관광
27,1375b40ce443787fe950f09760cacaec,고성공룡박물관,경상남도,고성군,문화관광,4a09b46791b30ae30b3886a26efb3bb6,부자손짜장/[중식],경상남도,사천시,음식
28,1375b40ce443787fe950f09760cacaec,고성공룡박물관,경상남도,고성군,문화관광,a509ef855dbeb12c3edca7c7c6226c22,남양토담오리,경상남도,사천시,음식
29,1375b40ce443787fe950f09760cacaec,고성공룡박물관,경상남도,고성군,문화관광,9e277dd2f60dc827c12648b35b951619,당항포관광지,경상남도,고성군,문화관광
30,1375b40ce443787fe950f09760cacaec,고성공룡박물관,경상남도,고성군,문화관광,a5b6be46322730c5fa71f0b7f02c3c2d,스탠포드호텔앤리조트/통영,경상남도,통영시,숙박
31,1375b40ce443787fe950f09760cacaec,고성공룡박물관,경상남도,고성군,문화관광,15a9cf0252efa88a20d6c4324e255291,본토대가,경상남도,고성군,음식
32,1375b40ce443787fe950f09760cacaec,고성공룡박물관,경상남도,고성군,문화관광,f1550c581e0a6b23460c856959b9122a,공룡시장,경상남도,고성군,쇼핑
33,1375b40ce443787fe950f09760cacaec,고성공룡박물관,경상남도,고성군,문화관광,4909ef238dc6192fc606e396d3008ad3,가든개미집,경상남도,고성군,음식
34,1375b40ce443787fe950f09760cacaec,고성공룡박물관,경상남도,고성군,문화관광,550bcb0c5da95a7db13ff6915a66c75b,맥전포항,경상남도,고성군,자연관광
35,1375b40ce443787fe950f09760cacaec,고성공룡박물관,경상남도,고성군,문화관광,eb5a332fa04833e621ab9c7092c4ca89,갈모봉산림욕장,경상남도,고성군,자연관광
36,1375b40ce443787fe950f09760cacaec,고성공룡박물관,경상남도,고성군,문화관광,6f6bf04f94fbecd60f6a53a11bfe41b6,삼천포맛집정서방,경상남도,사천시,음식
37,1375b40ce443787fe950f09760cacaec,고성공룡박물관,경상남도,고성군,문화관광,b95fe3d8cec2f855dd29e6b558553a6e,통영짬뽕,경상남도,고성군,음식
38,1375b40ce443787fe950f09760cacaec,고성공룡박물관,경상남도,고성군,문화관광,a91d328bd77e5e104684c4ab8cde41fe,통영유람선터미널,경상남도,통영시,기타관광
39,1375b40ce443787fe950f09760cacaec,고성공룡박물관,경상남도,고성군,문화관광,6fa5b03103d03e49bc97eba14b978827,배말칼국수김밥/사천케이블카점,경상남도,사천시,음식
40,1375b40ce443787fe950f09760cacaec,고성공룡박물관,경상남도,고성군,문화관광,43f9bd4f55f920d2261fcb805a5b0ec8,사천면옥,경상남도,사천시,음식
41,1375b40ce443787fe950f09760cacaec,고성공룡박물관,경상남도,고성군,문화관광,58f76c22677c5b39d196de58a947b924,금호리조트/통영마리나,경상남도,통영시,숙박
42,1375b40ce443787fe950f09760cacaec,고성공룡박물관,경상남도,고성군,문화관광,7e1929c756f7b30da59c7fbb0baf94d2,라파엘펜션&글램핑,경상남도,고성군,숙박
43,1375b40ce443787fe950f09760cacaec,고성공룡박물관,경상남도,고성군,문화관광,13a02a32135a6aebf1f209d1a41082dd,메가커피/죽림점,경상남도,통영시,음식
44,1375b40ce443787fe950f09760cacaec,고성공룡박물관,경상남도,고성군,문화관광,73ba7af2bc06d3c3b9eafb730872c7c4,60계치킨/경남삼천포점,경상남도,사천시,음식
44,1375b40ce443787fe950f09760cacaec,고성공룡박물관,경상남도,고성군,문화관광,11caeab914002213d300fca3362fea7e,오카페,경상남도,사천시,음식
46,1375b40ce443787fe950f09760cacaec,고성공룡박물관,경상남도,고성군,문화관광,d6486e090e1ff2c315345759d58f5251,스타벅스/사천벌리점,경상남도,사천시,음식
47,1375b40ce443787fe950f09760cacaec,고성공룡박물관,경상남도,고성군,문화관광,a8b3a4e039036bdafa98d8e818c09892,대가돌솥밥,경상남도,고성군,음식
48,1375b40ce443787fe950f09760cacaec,고성공룡박물관,경상남도,고성군,문화관광,a76bd58d73edd8099a359f81035d6c2b,사천케이블카자연휴양림,경상남도,사천시,자연관광
49,1375b40ce443787fe950f09760cacaec,고성공룡박물관,경상남도,고성군,문화관광,634f906fcab3f3ade8fd4e5545727ee0,고옥정,경상남도,고성군,음식
50,1375b40ce443787fe950f09760cacaec,고성공룡박물관,경상남도,고성군,문화관광,8c29b280e9e3b199067ab87d49e48d14,동피랑벽화마을,경상남도,통영시,기타관광
