﻿순위,광역지자체명,기초지자체명,관광지명,기준연월,입장객수,입장객총계
1,경상남도,김해시,롯데워터파크,202301,27239,614348.0
1,경상남도,김해시,롯데워터파크,202302,34060,614348.0
1,경상남도,김해시,롯데워터파크,202303,1846,614348.0
1,경상남도,김해시,롯데워터파크,202304,6698,614348.0
1,경상남도,김해시,롯데워터파크,202305,33360,614348.0
1,경상남도,김해시,롯데워터파크,202306,64587,614348.0
1,경상남도,김해시,롯데워터파크,202307,171073,614348.0
1,경상남도,김해시,롯데워터파크,202308,216921,614348.0
1,경상남도,김해시,롯데워터파크,202309,29344,614348.0
1,경상남도,김해시,롯데워터파크,202310,7546,614348.0
1,경상남도,김해시,롯데워터파크,202311,4916,614348.0
1,경상남도,김해시,롯데워터파크,202312,16758,614348.0
2,경상남도,김해시,김해서부문화센터,202301,32797,457840.0
2,경상남도,김해시,김해서부문화센터,202302,34607,457840.0
2,경상남도,김해시,김해서부문화센터,202303,35695,457840.0
2,경상남도,김해시,김해서부문화센터,202304,36891,457840.0
2,경상남도,김해시,김해서부문화센터,202305,37608,457840.0
2,경상남도,김해시,김해서부문화센터,202306,35810,457840.0
2,경상남도,김해시,김해서부문화센터,202307,40076,457840.0
2,경상남도,김해시,김해서부문화센터,202308,40150,457840.0
2,경상남도,김해시,김해서부문화센터,202309,41745,457840.0
2,경상남도,김해시,김해서부문화센터,202310,41664,457840.0
2,경상남도,김해시,김해서부문화센터,202311,41636,457840.0
2,경상남도,김해시,김해서부문화센터,202312,39161,457840.0
3,경상남도,김해시,가야 컨트리클럽,202301,14424,255240.0
3,경상남도,김해시,가야 컨트리클럽,202302,18471,255240.0
3,경상남도,김해시,가야 컨트리클럽,202303,23733,255240.0
3,경상남도,김해시,가야 컨트리클럽,202304,21783,255240.0
3,경상남도,김해시,가야 컨트리클럽,202305,24289,255240.0
3,경상남도,김해시,가야 컨트리클럽,202306,26490,255240.0
3,경상남도,김해시,가야 컨트리클럽,202307,22946,255240.0
3,경상남도,김해시,가야 컨트리클럽,202308,21318,255240.0
3,경상남도,김해시,가야 컨트리클럽,202309,22625,255240.0
3,경상남도,김해시,가야 컨트리클럽,202310,23714,255240.0
3,경상남도,김해시,가야 컨트리클럽,202311,20167,255240.0
3,경상남도,김해시,가야 컨트리클럽,202312,15280,255240.0
4,경상남도,김해시,김해가야테마파크,202301,20498,215727.0
4,경상남도,김해시,김해가야테마파크,202302,14496,215727.0
4,경상남도,김해시,김해가야테마파크,202303,9960,215727.0
4,경상남도,김해시,김해가야테마파크,202304,25884,215727.0
4,경상남도,김해시,김해가야테마파크,202305,20261,215727.0
4,경상남도,김해시,김해가야테마파크,202306,15021,215727.0
4,경상남도,김해시,김해가야테마파크,202307,10158,215727.0
4,경상남도,김해시,김해가야테마파크,202308,9268,215727.0
4,경상남도,김해시,김해가야테마파크,202309,16443,215727.0
4,경상남도,김해시,김해가야테마파크,202310,40650,215727.0
4,경상남도,김해시,김해가야테마파크,202311,16478,215727.0
4,경상남도,김해시,김해가야테마파크,202312,16610,215727.0
5,경상남도,김해시,김해낙동강레일파크,202301,8070,188033.0
5,경상남도,김해시,김해낙동강레일파크,202302,11027,188033.0
5,경상남도,김해시,김해낙동강레일파크,202303,16484,188033.0
5,경상남도,김해시,김해낙동강레일파크,202304,20273,188033.0
5,경상남도,김해시,김해낙동강레일파크,202305,14376,188033.0
5,경상남도,김해시,김해낙동강레일파크,202306,18486,188033.0
5,경상남도,김해시,김해낙동강레일파크,202307,14334,188033.0
5,경상남도,김해시,김해낙동강레일파크,202308,17582,188033.0
5,경상남도,김해시,김해낙동강레일파크,202309,19960,188033.0
5,경상남도,김해시,김해낙동강레일파크,202310,26651,188033.0
5,경상남도,김해시,김해낙동강레일파크,202311,11291,188033.0
5,경상남도,김해시,김해낙동강레일파크,202312,9499,188033.0
6,경상남도,김해시,정산컨트리클럽,202301,7610,134184.0
6,경상남도,김해시,정산컨트리클럽,202302,10011,134184.0
6,경상남도,김해시,정산컨트리클럽,202303,13037,134184.0
6,경상남도,김해시,정산컨트리클럽,202304,12704,134184.0
6,경상남도,김해시,정산컨트리클럽,202305,12761,134184.0
6,경상남도,김해시,정산컨트리클럽,202306,13291,134184.0
6,경상남도,김해시,정산컨트리클럽,202307,12184,134184.0
6,경상남도,김해시,정산컨트리클럽,202308,11938,134184.0
6,경상남도,김해시,정산컨트리클럽,202309,11643,134184.0
6,경상남도,김해시,정산컨트리클럽,202310,12092,134184.0
6,경상남도,김해시,정산컨트리클럽,202311,9075,134184.0
6,경상남도,김해시,정산컨트리클럽,202312,7838,134184.0
7,경상남도,김해시,가야랜드,202301,6349,130327.0
7,경상남도,김해시,가야랜드,202302,7260,130327.0
7,경상남도,김해시,가야랜드,202303,16338,130327.0
7,경상남도,김해시,가야랜드,202304,18955,130327.0
7,경상남도,김해시,가야랜드,202305,11660,130327.0
7,경상남도,김해시,가야랜드,202306,12168,130327.0
7,경상남도,김해시,가야랜드,202307,3274,130327.0
7,경상남도,김해시,가야랜드,202308,2799,130327.0
7,경상남도,김해시,가야랜드,202309,10611,130327.0
7,경상남도,김해시,가야랜드,202310,23603,130327.0
7,경상남도,김해시,가야랜드,202311,7563,130327.0
7,경상남도,김해시,가야랜드,202312,9747,130327.0
8,경상남도,김해시,김해문화의 전당,202301,3523,114935.0
8,경상남도,김해시,김해문화의 전당,202302,4579,114935.0
8,경상남도,김해시,김해문화의 전당,202303,6225,114935.0
8,경상남도,김해시,김해문화의 전당,202304,5137,114935.0
8,경상남도,김해시,김해문화의 전당,202305,12254,114935.0
8,경상남도,김해시,김해문화의 전당,202306,9272,114935.0
8,경상남도,김해시,김해문화의 전당,202307,4417,114935.0
8,경상남도,김해시,김해문화의 전당,202308,5062,114935.0
8,경상남도,김해시,김해문화의 전당,202309,9693,114935.0
8,경상남도,김해시,김해문화의 전당,202310,16404,114935.0
8,경상남도,김해시,김해문화의 전당,202311,14142,114935.0
8,경상남도,김해시,김해문화의 전당,202312,24227,114935.0
9,경상남도,김해시,김해상록GC,202301,5289,101889.0
9,경상남도,김해시,김해상록GC,202302,7260,101889.0
9,경상남도,김해시,김해상록GC,202303,9208,101889.0
9,경상남도,김해시,김해상록GC,202304,9486,101889.0
9,경상남도,김해시,김해상록GC,202305,9198,101889.0
9,경상남도,김해시,김해상록GC,202306,9702,101889.0
9,경상남도,김해시,김해상록GC,202307,9454,101889.0
9,경상남도,김해시,김해상록GC,202308,9632,101889.0
9,경상남도,김해시,김해상록GC,202309,9284,101889.0
9,경상남도,김해시,김해상록GC,202310,9459,101889.0
9,경상남도,김해시,김해상록GC,202311,7618,101889.0
9,경상남도,김해시,김해상록GC,202312,6299,101889.0
10,경상남도,김해시,클레이아크,202301,3794,74433.0
10,경상남도,김해시,클레이아크,202302,3430,74433.0
10,경상남도,김해시,클레이아크,202303,2837,74433.0
10,경상남도,김해시,클레이아크,202304,5042,74433.0
10,경상남도,김해시,클레이아크,202305,5943,74433.0
10,경상남도,김해시,클레이아크,202306,3294,74433.0
10,경상남도,김해시,클레이아크,202307,5149,74433.0
10,경상남도,김해시,클레이아크,202308,5533,74433.0
10,경상남도,김해시,클레이아크,202309,4576,74433.0
10,경상남도,김해시,클레이아크,202310,21338,74433.0
10,경상남도,김해시,클레이아크,202311,7657,74433.0
10,경상남도,김해시,클레이아크,202312,5840,74433.0
11,경상남도,김해시,깨어있는시민 문화체험전시관,202301,3939,67750.0
11,경상남도,김해시,깨어있는시민 문화체험전시관,202302,4907,67750.0
11,경상남도,김해시,깨어있는시민 문화체험전시관,202303,4304,67750.0
11,경상남도,김해시,깨어있는시민 문화체험전시관,202304,6804,67750.0
11,경상남도,김해시,깨어있는시민 문화체험전시관,202305,11226,67750.0
11,경상남도,김해시,깨어있는시민 문화체험전시관,202306,7665,67750.0
11,경상남도,김해시,깨어있는시민 문화체험전시관,202307,4779,67750.0
11,경상남도,김해시,깨어있는시민 문화체험전시관,202308,5266,67750.0
11,경상남도,김해시,깨어있는시민 문화체험전시관,202309,4257,67750.0
11,경상남도,김해시,깨어있는시민 문화체험전시관,202310,5830,67750.0
11,경상남도,김해시,깨어있는시민 문화체험전시관,202311,4411,67750.0
11,경상남도,김해시,깨어있는시민 문화체험전시관,202312,4362,67750.0
12,경상남도,김해시,부경동물원,202301,2882,25713.0
12,경상남도,김해시,부경동물원,202302,4699,25713.0
12,경상남도,김해시,부경동물원,202303,4069,25713.0
12,경상남도,김해시,부경동물원,202304,4881,25713.0
12,경상남도,김해시,부경동물원,202305,4105,25713.0
12,경상남도,김해시,부경동물원,202306,4355,25713.0
12,경상남도,김해시,부경동물원,202307,722,25713.0
12,경상남도,김해시,부경동물원,202308,0,25713.0
12,경상남도,김해시,부경동물원,202309,0,25713.0
12,경상남도,김해시,부경동물원,202310,-,25713.0
12,경상남도,김해시,부경동물원,202311,-,25713.0
12,경상남도,김해시,부경동물원,202312,-,25713.0
13,경상남도,김해시,신어산자연숲캠핑장,202301,955,17471.0
13,경상남도,김해시,신어산자연숲캠핑장,202302,940,17471.0
13,경상남도,김해시,신어산자연숲캠핑장,202303,1063,17471.0
13,경상남도,김해시,신어산자연숲캠핑장,202304,1609,17471.0
13,경상남도,김해시,신어산자연숲캠핑장,202305,1765,17471.0
13,경상남도,김해시,신어산자연숲캠핑장,202306,1817,17471.0
13,경상남도,김해시,신어산자연숲캠핑장,202307,1172,17471.0
13,경상남도,김해시,신어산자연숲캠핑장,202308,1211,17471.0
13,경상남도,김해시,신어산자연숲캠핑장,202309,1694,17471.0
13,경상남도,김해시,신어산자연숲캠핑장,202310,2389,17471.0
13,경상남도,김해시,신어산자연숲캠핑장,202311,1512,17471.0
13,경상남도,김해시,신어산자연숲캠핑장,202312,1344,17471.0
14,경상남도,김해시,김해생림오토캠핑장,202301,1760,15120.0
14,경상남도,김해시,김해생림오토캠핑장,202302,1934,15120.0
14,경상남도,김해시,김해생림오토캠핑장,202303,2423,15120.0
14,경상남도,김해시,김해생림오토캠핑장,202304,2718,15120.0
14,경상남도,김해시,김해생림오토캠핑장,202305,2025,15120.0
14,경상남도,김해시,김해생림오토캠핑장,202306,2346,15120.0
14,경상남도,김해시,김해생림오토캠핑장,202307,494,15120.0
14,경상남도,김해시,김해생림오토캠핑장,202308,0,15120.0
14,경상남도,김해시,김해생림오토캠핑장,202309,0,15120.0
14,경상남도,김해시,김해생림오토캠핑장,202310,0,15120.0
14,경상남도,김해시,김해생림오토캠핑장,202311,0,15120.0
14,경상남도,김해시,김해생림오토캠핑장,202312,1420,15120.0
15,경상남도,김해시,한옥체험관,202301,524,6750.0
15,경상남도,김해시,한옥체험관,202302,543,6750.0
15,경상남도,김해시,한옥체험관,202303,401,6750.0
15,경상남도,김해시,한옥체험관,202304,487,6750.0
15,경상남도,김해시,한옥체험관,202305,538,6750.0
15,경상남도,김해시,한옥체험관,202306,489,6750.0
15,경상남도,김해시,한옥체험관,202307,715,6750.0
15,경상남도,김해시,한옥체험관,202308,577,6750.0
15,경상남도,김해시,한옥체험관,202309,520,6750.0
15,경상남도,김해시,한옥체험관,202310,662,6750.0
15,경상남도,김해시,한옥체험관,202311,646,6750.0
15,경상남도,김해시,한옥체험관,202312,648,6750.0
