﻿시군구명,시도명,관광지명,구분,방문자수
김해시,경상남도,김해가야테마파크,휴양관광지,2795
김해시,경상남도,가야랜드,휴양관광지,2068
김해시,경상남도,부경축산물주촌도매시장,쇼핑,1885
김해시,경상남도,수로왕릉,역사관광지,1659
김해시,경상남도,공무원연금공단 김해상록골프클럽 / 김해상록cc,육상 레포츠,1611
김해시,경상남도,김해 롯데워터파크,휴양관광지,1416
김해시,경상남도,김해 분산성,역사관광지,1191
김해시,경상남도,한림술뫼파크골프장,육상 레포츠,1131
김해시,경상남도,김해가야테마파크,자연관광지,958
김해시,경상남도,김해생림오토캠핑장,육상 레포츠,932
김해시,경상남도,김해 구지봉,역사관광지,835
김해시,경상남도,김해농수산물종합유통센터,쇼핑,709
김해시,경상남도,개리비안비치펜션,숙박시설,697
김해시,경상남도,덴바스타 테마 키즈호텔,숙박시설,631
김해시,경상남도,낙동강 레일파크,휴양관광지,606
김해시,경상남도,김해천문대,자연관광지,567
김해시,경상남도,진례저수지(진례 평지못 저수지),자연관광지,536
김해시,경상남도,가야컨트리클럽,육상 레포츠,522
김해시,경상남도,진영 봉하마을과 노무현 대통령 생가,역사관광지,501
김해시,경상남도,대청계곡대나무숲,자연관광지,499
김해시,경상남도,[백년가게]대동할매국수,음식점,499
김해시,경상남도,해은사(김해),역사관광지,468
김해시,경상남도,클라우드 베리체험농장,산업관광지,445
김해시,경상남도,클레이아크 김해미술관,문화시설,442
김해시,경상남도,장유대청계곡,자연관광지,436
김해시,경상남도,김해 대성동 고분군,역사관광지,430
김해시,경상남도,예닮,산업관광지,430
김해시,경상남도,진례저수지(진례 평지못 저수지),자연관광지,419
김해시,경상남도,진영역철도박물관,문화시설,412
김해시,경상남도,옛고을(김해),음식점,395
김해시,경상남도,낙동강 레일파크,자연관광지,386
김해시,경상남도,김해문화원,문화시설,356
김해시,경상남도,김해 분청도자박물관,문화시설,355
김해시,경상남도,진영전통시장,쇼핑,346
김해시,경상남도,김해생태체험학교 참빛,체험관광지,301
김해시,경상남도,용전숲(용전마을 당산숲),자연관광지,300
김해시,경상남도,연지공원,휴양관광지,297
김해시,경상남도,흥부암(김해),역사관광지,292
김해시,경상남도,김해 와인동굴,산업관광지,278
김해시,경상남도,장유 누리길,육상 레포츠,269
김해시,경상남도,김해 부경동물원,휴양관광지,257
김해시,경상남도,김해 봉황동 유적,역사관광지,254
김해시,경상남도,풍천숯불장어,음식점,247
김해시,경상남도,수안마을,체험관광지,240
김해시,경상남도,장유전통시장(장유재래시장),쇼핑,232
김해시,경상남도,장척계곡,자연관광지,218
김해시,경상남도,봉하마을,체험관광지,205
김해시,경상남도,신어산자연숲캠핑장,육상 레포츠,204
김해시,경상남도,장유사(김해),역사관광지,195
김해시,경상남도,모산공원,휴양관광지,193
김해시,경상남도,우곡저수지,자연관광지,178
김해시,경상남도,가야의 거리,체험관광지,171
김해시,경상남도,초원랜드,음식점,167
김해시,경상남도,김해 수로왕비릉,역사관광지,166
김해시,경상남도,김해한옥체험관[한국관광 품질인증/Korea Quality],숙박시설,165
김해시,경상남도,은하사(김해),역사관광지,163
김해시,경상남도,카페 로시,음식점,163
김해시,경상남도,롯데프리미엄아울렛 김해점,쇼핑,158
김해시,경상남도,가야랜드달빛야영장,육상 레포츠,147
김해시,경상남도,장유율하카페거리,체험관광지,146
김해시,경상남도,월봉서원,역사관광지,141
김해시,경상남도,김해카라반르몽드,육상 레포츠,139
김해시,경상남도,무척산,자연관광지,137
김해시,경상남도,국립김해박물관,문화시설,133
김해시,경상남도,쿼크커피바,음식점,133
김해시,경상남도,모단아트(모단공예협동조합),체험관광지,132
김해시,경상남도,룰루낭만협동조합,산업관광지,131
김해시,경상남도,봉황대공원,휴양관광지,131
김해시,경상남도,수릉원,휴양관광지,131
김해시,경상남도,삼방시장,쇼핑,128
김해시,경상남도,금병공원,휴양관광지,126
김해시,경상남도,봄내,음식점,121
김해시,경상남도,대법륜사,역사관광지,118
김해시,경상남도,국립김해박물관 어린이박물관,문화시설,116
김해시,경상남도,낙동강철교전망대,건축/조형물,114
김해시,경상남도,술뫼생태공원,자연관광지,107
김해시,경상남도,우곡저수지,자연관광지,104
김해시,경상남도,거북공원,휴양관광지,103
김해시,경상남도,천문대오토캠핑장,육상 레포츠,102
김해시,경상남도,김해 부경동물원,자연관광지,100
김해시,경상남도,김해 양동리 고분군,역사관광지,100
김해시,경상남도,관음정사(김해),역사관광지,98
김해시,경상남도,미양서원,역사관광지,98
김해시,경상남도,치레상점,체험관광지,98
김해시,경상남도,김해향교,역사관광지,96
김해시,경상남도,모은암,역사관광지,96
김해시,경상남도,동림사(김해),역사관광지,95
김해시,경상남도,대성동고분박물관,문화시설,93
김해시,경상남도,구천서원(김해),역사관광지,92
김해시,경상남도,깨어있는시민 문화체험전시관,문화시설,92
김해시,경상남도,글로벌푸드타운,체험관광지,90
김해시,경상남도,이가네 가야밀면,음식점,90
김해시,경상남도,봉자매협동조합,체험관광지,88
김해시,경상남도,김해민속박물관,문화시설,86
김해시,경상남도,아제돼지국밥 김해율하본점,음식점,86
김해시,경상남도,기억저장소뜨듯 협동조합,체험관광지,85
김해시,경상남도,세인즈가든,음식점,84
김해시,경상남도,밀양돼지국밥,음식점,83
김해시,경상남도,초선대마애석불,역사관광지,80
김해시,경상남도,김해목재문화박물관,문화시설,79
