﻿순위,관광지ID,업소명,분류
1,3b2936b4df60e0404fae72386e07ddf8,맥도날드김해장유DT점,간이음식
2,121330311f3c67e4500d09b87c658fea,쿠우쿠우김해장유점,전문음식
3,029f83ea443b306a7e03ccbe6aab1da0,맥도날드김해삼정DT점,간이음식
4,68073d66a90a1fc6cb82a790019ce99b,배가네흥동수제비흥동점,한식
5,12b128b1aa889fe7792f7643820d7942,대동할매국수,한식
6,d52fc3fb7581253e18c3c423454e7d40,샤브20김해봉황점,전문음식
7,7de296369b320f8e12e9136e05cae139,맥도날드김해외동DT점,간이음식
8,20a6140cc4114ba6a0e5ad4f220658e2,김덕규과자점내동점,간이음식
9,f4ab2877d5f32bffed3370489382a62f,밀양돼지국밥,한식
10,bf028e52e4f62765487f6574235bb02c,올오버베이커리&커피,간이음식
11,cd08f90865e59f462e092d2209aae9d9,스타벅스김해대로DT점,카페/찻집
12,3e4d8071a0f0a690078650f0e0aef47d,홍철책빵김해DT점,간이음식
13,03d1b3a4084f96ff9361a48643c79045,맥도날드김해삼계DT점,간이음식
14,a205a7ab227c055617fcd082eadf0499,스타벅스김해주촌DT점,카페/찻집
15,23447956cdb17d0c1caa52a778de35c9,봄내,한식
16,4edea2e34c218ec8f2bfa514b463e12a,더부엌,한식
17,712a6f04ccb84ac7f1c34c6d552c42a0,코지하우스김해점,외국식
18,2c55ac61a3ab740cc145022b3d7dc8b3,롯데리아김해내외DI점,간이음식
19,1870d0a56692aff5ffc59b1a4fa73f39,스타벅스김해진영DT점,카페/찻집
20,7a1f403fa23a5e1c0ebe9c81930e7c98,외식명가오립스,전문음식
21,e747eb14f5dc1220f76ff75da3b9cebc,스타벅스김해율하점,카페/찻집
22,4dd9ef7741311db420a482e7a192d95a,곤지곤지장유점 [한식],한식
23,744392c3b910fb58a8f08b8ff83c112e,빈인더바스켓,카페/찻집
24,4756bbdf6c49eee7f9160b37d59ac2db,팥고방,카페/찻집
25,931036e2bda486648de954568b98cefd,스타벅스장유대청점,카페/찻집
26,f1bd7fba2533f89b9b7476c22904e8a1,샤브20장유점,전문음식
27,f4dfe92a212abc129e5200075c874e4e,스타벅스서김해IC DT점,카페/찻집
28,f08a33c9d01a61c6c205abb6e4462f12,오지테이블,전문음식
29,2d35d9ed3f396c2c03cbc347c1c87be1,버거킹김해장유DT점,간이음식
30,a0cfb8351a9c9033db74634bfcb6804f,커피앤더코이,카페/찻집
31,84d4306aabeccf938b4ef074d8ce127a,언엔드,카페/찻집
32,1ef0e4d17d756cf9638ec8be7b7ddfb9,더도이종가집돼지국밥김해점,한식
33,89d3a568ddb3855ecd5809bd2e899eb0,어방동핏제리아,간이음식
34,bf5bcd9e86fb902f8830b468f2556557,엔제리너스김해봉황DI점,카페/찻집
35,b7034992ab73b0dfabc79eb2e5fb176f,스타벅스김해가야로DT점,카페/찻집
36,f93d894e2a95f350087d3e1425447143,구산동돼지국밥,한식
37,8f9f13f4480385ea0f416df1a04c692a,스타벅스김해구산DT점,카페/찻집
38,553191b1796213eceda7fdefda963551,솟대마을,전문음식
39,21aab890f094415a2604012dda74f37b,라포레이팝,카페/찻집
40,b78ec933b2cf6dd45038cc86611eea49,롯데리아김해북부점,간이음식
41,2ca316d8a11f6289833ba96b2af06b09,올리앤김해점,외국식
42,5dd065992e4e555ae12e22d19cf3ad43,영진돼지국밥장유점,한식
43,6d9c5c1c4b72ace0387d95fed11b3f5c,공원돈까스,전문음식
44,46c41fe739421babd0fb8a6804957a8b,갑오삼계탕본점,한식
45,9c847d2ed7fc05fa7264d1a28f50432a,라인25,카페/찻집
46,46aaf18b4ae43583d7a4380e2eed09c5,파우제앤숨,카페/찻집
47,6314a6379a6a9b90c1f16fd2ecce3b11,버거킹서김해DT점,간이음식
48,bb719666651617c2fbc5999a7f6d4596,산정[한식],한식
49,c9895566abe4298e5f7b3d2fd7880c8c,초원랜드,전문음식
50,6110fce26f5013557347ace786cd8eb0,오가네본점,전문음식
51,25ce9e5412cbb531f9afbc9c509e2082,가야밀면젤미,전문음식
52,4a24d68019f53db0b72865d4c73bba1f,착한낙지김해점,전문음식
53,1200a174e16ee8167c223512f3fdf571,버거킹동김해DT점,간이음식
54,8244dd28965a04d222b7f91e36a03643,투썸플레이스김해대로점,카페/찻집
55,14f0975d2bf5176404e0391f75232970,가얏골감자탕본점,한식
56,1098625a309c5206e81d47c53797bcea,카사벨라,전문음식
57,818e8681edbd38ad48ef7bdc56512071,스타벅스장유율하점,카페/찻집
58,a0c4ddbe36aad6a9bc51d7d0f892c33c,서부커피로스터스봉황점,카페/찻집
59,c337801bb609e260b80db90494720191,고구려[중식],외국식
60,b51c14a80559d69475824d440c5564f2,한림칼국수,한식
61,84e1df3fd583113ef5e4aa02d956540f,피어어피어,카페/찻집
62,e39d3fd2b0f36bda0147efedd58a3c13,오봉집김해장유점,한식
63,ed65716f18252dcd831ad0a88a34f252,무봉리토종순대국장유점,한식
64,0a9ba35c4b7039a002eb1b43b4fbf956,카페위드자연과함께,카페/찻집
65,bd04f857c1e8b3a595ba0dc3a97bb1ac,에븐,카페/찻집
66,cbe22ecc4a9ba1566e0bbe5314c55712,착한쭈꾸미,전문음식
67,7405f38d8c918f06a0fa1b8c9876dec4,금동가,전문음식
68,fc408e6bdf09491e7a71937125ef8e8d,정은이네,간이음식
69,5b40b2ca029df88e8890a54b33bf3a2f,로담,한식
70,61ada3421bd0c8e25160c7c3d626d533,더파티김해점,전문음식
71,eff968e43d1ea37811219a4bd7ab767a,장유율하카페거리,음식점기타
72,2a95c1972b78a96955db13a08cc7bd84,스타벅스김해금관대로DT점,카페/찻집
73,715612242710b8473dbab7294ebbd9b8,더세하,카페/찻집
74,d331a9535f2ad2abe21d40f4b52e5073,이가육율하점,한식
75,45cf4c5271710ac270cc36808d01f725,크리스피크림도넛김해봉황점,간이음식
76,719b35fae69ec0415934307c34a1c82a,어방낙지,전문음식
77,f35caf83631e1c7c374652fe5e9e4986,고반식당김해율하점,한식
78,76150424d85f7dc86d430c12b3298008,김해맛집장인갈비,한식
79,abf22a200f2e7259e1d6c70c8ef0889c,쿼크커피바,카페/찻집
80,42ed7ee8642cd70a79a0554690698725,못난이가마솥순두부,한식
81,3d438a9285323695bd5a3c18b032014c,올오버키친,외국식
81,6028741e46492dee66a04553611ac85d,스테이어스,간이음식
83,7a39356c9f88ee0ad1086d50b090a10a,버거킹김해진영FS점,간이음식
83,8513e9bfc01ce9c536ef32e550801ade,수백당돼지국밥김해점,한식
85,3ddfc64ba7b2270348117b2d3b310cb1,아제돼지국밥김해율하점,한식
86,9421745fd281a7d7739fae88cc73055b,정성별미국수,한식
87,ae3ac5d9c888719cc244ba16d8975f8e,국수가,한식
88,828acd681ae92f32981c1d6953b3d20b,수라상[한식],한식
89,e88fc02ef37b4bd3391a724f92266426,김씨화덕,전문음식
90,2fa9c14aa706bb9868b348f3e13097f0,이가네가야밀면,한식
91,35c5fc55dacce36886add8c3341321bd,스타벅스김해율하신도시점,카페/찻집
92,d42d58e4c32454fa65a0d59da0216dd1,딥밀,카페/찻집
93,337899cfc17dd39c7ce0dc461483f061,연지가든,전문음식
94,601278f9f716b581515181d60f2cd837,백프로갈비,한식
94,59e381e133f0adbe24759f35326069c4,비오동,전문음식
96,f1ed11a93d8eee8268ad0523e8232dd9,푸주옥,한식
97,b0831b1a2ec319e96911043d2a1eb61b,스타벅스김해외동DT점,카페/찻집
98,63abddc5be89435f33e84cd8f6c397e8,명륜진사갈비김해 내외점,한식
99,962b58e17b21c37975fd72d35f7b6f0d,전설의짬뽕순두부솥밥,한식
100,74e3c34074f4a0d2dd2bf03aa226d0b1,일공공샤브김해주촌점,전문음식
