﻿순위,광역지자체명,기초지자체명,관광지명,기준연월,입장객수,입장객 수 총계
1,경상남도,김해시,김해가야테마파크,202301,0,39748.0
1,경상남도,김해시,김해가야테마파크,202302,0,39748.0
1,경상남도,김해시,김해가야테마파크,202303,0,39748.0
1,경상남도,김해시,김해가야테마파크,202304,2651,39748.0
1,경상남도,김해시,김해가야테마파크,202305,2678,39748.0
1,경상남도,김해시,김해가야테마파크,202306,3696,39748.0
1,경상남도,김해시,김해가야테마파크,202307,6430,39748.0
1,경상남도,김해시,김해가야테마파크,202308,5126,39748.0
1,경상남도,김해시,김해가야테마파크,202309,4988,39748.0
1,경상남도,김해시,김해가야테마파크,202310,5847,39748.0
1,경상남도,김해시,김해가야테마파크,202311,4657,39748.0
1,경상남도,김해시,김해가야테마파크,202312,3675,39748.0
2,경상남도,김해시,김해낙동강레일파크,202301,0,24438.0
2,경상남도,김해시,김해낙동강레일파크,202302,0,24438.0
2,경상남도,김해시,김해낙동강레일파크,202303,0,24438.0
2,경상남도,김해시,김해낙동강레일파크,202304,0,24438.0
2,경상남도,김해시,김해낙동강레일파크,202305,0,24438.0
2,경상남도,김해시,김해낙동강레일파크,202306,0,24438.0
2,경상남도,김해시,김해낙동강레일파크,202307,4975,24438.0
2,경상남도,김해시,김해낙동강레일파크,202308,3942,24438.0
2,경상남도,김해시,김해낙동강레일파크,202309,4141,24438.0
2,경상남도,김해시,김해낙동강레일파크,202310,5186,24438.0
2,경상남도,김해시,김해낙동강레일파크,202311,3692,24438.0
2,경상남도,김해시,김해낙동강레일파크,202312,2502,24438.0
3,경상남도,김해시,클레이아크,202301,0,251.0
3,경상남도,김해시,클레이아크,202302,0,251.0
3,경상남도,김해시,클레이아크,202303,0,251.0
3,경상남도,김해시,클레이아크,202304,0,251.0
3,경상남도,김해시,클레이아크,202305,0,251.0
3,경상남도,김해시,클레이아크,202306,0,251.0
3,경상남도,김해시,클레이아크,202307,0,251.0
3,경상남도,김해시,클레이아크,202308,0,251.0
3,경상남도,김해시,클레이아크,202309,0,251.0
3,경상남도,김해시,클레이아크,202310,47,251.0
3,경상남도,김해시,클레이아크,202311,10,251.0
3,경상남도,김해시,클레이아크,202312,194,251.0
4,경상남도,김해시,한옥체험관,202301,0,168.0
4,경상남도,김해시,한옥체험관,202302,0,168.0
4,경상남도,김해시,한옥체험관,202303,0,168.0
4,경상남도,김해시,한옥체험관,202304,0,168.0
4,경상남도,김해시,한옥체험관,202305,0,168.0
4,경상남도,김해시,한옥체험관,202306,0,168.0
4,경상남도,김해시,한옥체험관,202307,0,168.0
4,경상남도,김해시,한옥체험관,202308,0,168.0
4,경상남도,김해시,한옥체험관,202309,0,168.0
4,경상남도,김해시,한옥체험관,202310,61,168.0
4,경상남도,김해시,한옥체험관,202311,29,168.0
4,경상남도,김해시,한옥체험관,202312,78,168.0
5,경상남도,김해시,정산컨트리클럽,202301,0,89.0
5,경상남도,김해시,정산컨트리클럽,202302,0,89.0
5,경상남도,김해시,정산컨트리클럽,202303,3,89.0
5,경상남도,김해시,정산컨트리클럽,202304,21,89.0
5,경상남도,김해시,정산컨트리클럽,202305,8,89.0
5,경상남도,김해시,정산컨트리클럽,202306,11,89.0
5,경상남도,김해시,정산컨트리클럽,202307,16,89.0
5,경상남도,김해시,정산컨트리클럽,202308,0,89.0
5,경상남도,김해시,정산컨트리클럽,202309,5,89.0
5,경상남도,김해시,정산컨트리클럽,202310,14,89.0
5,경상남도,김해시,정산컨트리클럽,202311,11,89.0
5,경상남도,김해시,정산컨트리클럽,202312,0,89.0
