﻿순위,중심관광지ID,중심관광지명,중심시도명,중심시군구명,중심카테고리 명_중,연관관광지ID,연관관광지명,연관관광지시도명,연관관광지시군구명,구분
1,ae8da164ba9b3b5d7ffb4cd33b5af12a,롯데프리미엄아울렛/김해점,경상남도,김해시,쇼핑,f6c97cb6960eb549ec39ec011cac287a,코스트코홀세일/김해점,경상남도,김해시,쇼핑
2,ae8da164ba9b3b5d7ffb4cd33b5af12a,롯데프리미엄아울렛/김해점,경상남도,김해시,쇼핑,a737021e330b207e10a3a7b4e475eb01,신세계백화점/김해점,경상남도,김해시,쇼핑
3,ae8da164ba9b3b5d7ffb4cd33b5af12a,롯데프리미엄아울렛/김해점,경상남도,김해시,쇼핑,3e4d8071a0f0a690078650f0e0aef47d,홍철책빵/김해DT점,경상남도,김해시,음식
4,ae8da164ba9b3b5d7ffb4cd33b5af12a,롯데프리미엄아울렛/김해점,경상남도,김해시,쇼핑,590e9a0e0458a2e8cfa072e3fc84eda2,이마트/김해점,경상남도,김해시,쇼핑
5,ae8da164ba9b3b5d7ffb4cd33b5af12a,롯데프리미엄아울렛/김해점,경상남도,김해시,쇼핑,c5a13ceb89b80cd872f8993854534b24,롯데백화점/창원점,경상남도,창원시 성산구,쇼핑
6,ae8da164ba9b3b5d7ffb4cd33b5af12a,롯데프리미엄아울렛/김해점,경상남도,김해시,쇼핑,bbdf4317c2f9f42491e32e9068081a4a,롯데마트/장유점,경상남도,김해시,쇼핑
7,ae8da164ba9b3b5d7ffb4cd33b5af12a,롯데프리미엄아울렛/김해점,경상남도,김해시,쇼핑,84d4306aabeccf938b4ef074d8ce127a,언엔드,경상남도,김해시,음식
8,ae8da164ba9b3b5d7ffb4cd33b5af12a,롯데프리미엄아울렛/김해점,경상남도,김해시,쇼핑,c909521480364c962733d2e223a551ba,김해롯데워터파크/본관,경상남도,김해시,문화관광
9,ae8da164ba9b3b5d7ffb4cd33b5af12a,롯데프리미엄아울렛/김해점,경상남도,김해시,쇼핑,23447956cdb17d0c1caa52a778de35c9,봄내,경상남도,김해시,음식
10,ae8da164ba9b3b5d7ffb4cd33b5af12a,롯데프리미엄아울렛/김해점,경상남도,김해시,쇼핑,1da6ab039d7e6db23de9e98de29dd5e7,연지공원,경상남도,김해시,문화관광
11,ae8da164ba9b3b5d7ffb4cd33b5af12a,롯데프리미엄아울렛/김해점,경상남도,김해시,쇼핑,f08a33c9d01a61c6c205abb6e4462f12,오지테이블,경상남도,김해시,음식
12,ae8da164ba9b3b5d7ffb4cd33b5af12a,롯데프리미엄아울렛/김해점,경상남도,김해시,쇼핑,bf028e52e4f62765487f6574235bb02c,올오버베이커리&커피,경상남도,김해시,음식
13,ae8da164ba9b3b5d7ffb4cd33b5af12a,롯데프리미엄아울렛/김해점,경상남도,김해시,쇼핑,a0cfb8351a9c9033db74634bfcb6804f,커피앤더코이,경상남도,김해시,음식
14,ae8da164ba9b3b5d7ffb4cd33b5af12a,롯데프리미엄아울렛/김해점,경상남도,김해시,쇼핑,43137792e3e4fc130b8a1d2e2e01cc4a,홈플러스/김해점,경상남도,김해시,쇼핑
15,ae8da164ba9b3b5d7ffb4cd33b5af12a,롯데프리미엄아울렛/김해점,경상남도,김해시,쇼핑,ce13b76fb1d0a17667648ca56b868eb9,수안마을수국정원축제,경상남도,김해시,문화관광
16,ae8da164ba9b3b5d7ffb4cd33b5af12a,롯데프리미엄아울렛/김해점,경상남도,김해시,쇼핑,f2a77e5d31c9e6954467845848b1acef,김해분청도자기축제,경상남도,김해시,문화관광
17,ae8da164ba9b3b5d7ffb4cd33b5af12a,롯데프리미엄아울렛/김해점,경상남도,김해시,쇼핑,d6969a78df3833550473eec818395741,장유대청계곡,경상남도,김해시,자연관광
18,ae8da164ba9b3b5d7ffb4cd33b5af12a,롯데프리미엄아울렛/김해점,경상남도,김해시,쇼핑,121330311f3c67e4500d09b87c658fea,쿠우쿠우/김해장유점,경상남도,김해시,음식
19,ae8da164ba9b3b5d7ffb4cd33b5af12a,롯데프리미엄아울렛/김해점,경상남도,김해시,쇼핑,e69dd75a6a5f723cdf03a88243ec5a51,진해군항제,경상남도,창원시 진해구,문화관광
20,ae8da164ba9b3b5d7ffb4cd33b5af12a,롯데프리미엄아울렛/김해점,경상남도,김해시,쇼핑,4edea2e34c218ec8f2bfa514b463e12a,더부엌,경상남도,김해시,음식
21,ae8da164ba9b3b5d7ffb4cd33b5af12a,롯데프리미엄아울렛/김해점,경상남도,김해시,쇼핑,9dc00774b1a62402471d3c0a0559f7e7,CGV/김해율하,경상남도,김해시,문화관광
22,ae8da164ba9b3b5d7ffb4cd33b5af12a,롯데프리미엄아울렛/김해점,경상남도,김해시,쇼핑,a64a89f1f5c98d1553e9044aca4b76c4,부경동물원,경상남도,김해시,문화관광
23,ae8da164ba9b3b5d7ffb4cd33b5af12a,롯데프리미엄아울렛/김해점,경상남도,김해시,쇼핑,68073d66a90a1fc6cb82a790019ce99b,배가네흥동수제비/흥동점,경상남도,김해시,음식
24,ae8da164ba9b3b5d7ffb4cd33b5af12a,롯데프리미엄아울렛/김해점,경상남도,김해시,쇼핑,744392c3b910fb58a8f08b8ff83c112e,빈인더바스켓,경상남도,김해시,음식
25,ae8da164ba9b3b5d7ffb4cd33b5af12a,롯데프리미엄아울렛/김해점,경상남도,김해시,쇼핑,3b2936b4df60e0404fae72386e07ddf8,맥도날드/김해장유DT점,경상남도,김해시,음식
26,ae8da164ba9b3b5d7ffb4cd33b5af12a,롯데프리미엄아울렛/김해점,경상남도,김해시,쇼핑,715612242710b8473dbab7294ebbd9b8,더세하,경상남도,김해시,음식
27,ae8da164ba9b3b5d7ffb4cd33b5af12a,롯데프리미엄아울렛/김해점,경상남도,김해시,쇼핑,4756bbdf6c49eee7f9160b37d59ac2db,팥고방,경상남도,김해시,음식
28,ae8da164ba9b3b5d7ffb4cd33b5af12a,롯데프리미엄아울렛/김해점,경상남도,김해시,쇼핑,4dd9ef7741311db420a482e7a192d95a,곤지곤지/장유점 [한식],경상남도,김해시,음식
29,ae8da164ba9b3b5d7ffb4cd33b5af12a,롯데프리미엄아울렛/김해점,경상남도,김해시,쇼핑,d33d838cbf3416a68ba8a405f16cdb25,장유스파랜드,경상남도,김해시,체험관광
30,ae8da164ba9b3b5d7ffb4cd33b5af12a,롯데프리미엄아울렛/김해점,경상남도,김해시,쇼핑,e21d2b281d64cac6e004075024830417,롯데영플라자/창원점,경상남도,창원시 성산구,쇼핑
31,ae8da164ba9b3b5d7ffb4cd33b5af12a,롯데프리미엄아울렛/김해점,경상남도,김해시,쇼핑,e747eb14f5dc1220f76ff75da3b9cebc,스타벅스/김해율하점,경상남도,김해시,음식
32,ae8da164ba9b3b5d7ffb4cd33b5af12a,롯데프리미엄아울렛/김해점,경상남도,김해시,쇼핑,6def1a8aca5b86a51388a93705cb7d4e,아이스퀘어호텔,경상남도,김해시,숙박
33,ae8da164ba9b3b5d7ffb4cd33b5af12a,롯데프리미엄아울렛/김해점,경상남도,김해시,쇼핑,25ce9e5412cbb531f9afbc9c509e2082,가야밀면젤미,경상남도,김해시,음식
34,ae8da164ba9b3b5d7ffb4cd33b5af12a,롯데프리미엄아울렛/김해점,경상남도,김해시,쇼핑,abf22a200f2e7259e1d6c70c8ef0889c,쿼크커피바,경상남도,김해시,음식
35,ae8da164ba9b3b5d7ffb4cd33b5af12a,롯데프리미엄아울렛/김해점,경상남도,김해시,쇼핑,818e8681edbd38ad48ef7bdc56512071,스타벅스/장유율하점,경상남도,김해시,음식
36,ae8da164ba9b3b5d7ffb4cd33b5af12a,롯데프리미엄아울렛/김해점,경상남도,김해시,쇼핑,cafff4d1022bf3fd2c40969ce1aea38b,가야랜드,경상남도,김해시,문화관광
37,ae8da164ba9b3b5d7ffb4cd33b5af12a,롯데프리미엄아울렛/김해점,경상남도,김해시,쇼핑,649f5ee4affd3f165edf61ee75695fdc,이마트/창원점,경상남도,창원시 성산구,쇼핑
38,ae8da164ba9b3b5d7ffb4cd33b5af12a,롯데프리미엄아울렛/김해점,경상남도,김해시,쇼핑,9f0f5cca07c663c3ada5d80f4b960ce9,김해가야딸기테마파크,경상남도,김해시,체험관광
39,ae8da164ba9b3b5d7ffb4cd33b5af12a,롯데프리미엄아울렛/김해점,경상남도,김해시,쇼핑,21fb2b0a8b88e60805ef49b002e4efbc,신세계백화점/마산점,경상남도,창원시 마산합포구,쇼핑
40,ae8da164ba9b3b5d7ffb4cd33b5af12a,롯데프리미엄아울렛/김해점,경상남도,김해시,쇼핑,931036e2bda486648de954568b98cefd,스타벅스/장유대청점,경상남도,김해시,음식
41,ae8da164ba9b3b5d7ffb4cd33b5af12a,롯데프리미엄아울렛/김해점,경상남도,김해시,쇼핑,84e1df3fd583113ef5e4aa02d956540f,피어어피어,경상남도,김해시,음식
42,ae8da164ba9b3b5d7ffb4cd33b5af12a,롯데프리미엄아울렛/김해점,경상남도,김해시,쇼핑,4a24d68019f53db0b72865d4c73bba1f,착한낙지/김해점,경상남도,김해시,음식
43,ae8da164ba9b3b5d7ffb4cd33b5af12a,롯데프리미엄아울렛/김해점,경상남도,김해시,쇼핑,1098625a309c5206e81d47c53797bcea,카사벨라,경상남도,김해시,음식
44,ae8da164ba9b3b5d7ffb4cd33b5af12a,롯데프리미엄아울렛/김해점,경상남도,김해시,쇼핑,f4ab2877d5f32bffed3370489382a62f,밀양돼지국밥,경상남도,김해시,음식
45,ae8da164ba9b3b5d7ffb4cd33b5af12a,롯데프리미엄아울렛/김해점,경상남도,김해시,쇼핑,a205a7ab227c055617fcd082eadf0499,스타벅스/김해주촌DT점,경상남도,김해시,음식
46,ae8da164ba9b3b5d7ffb4cd33b5af12a,롯데프리미엄아울렛/김해점,경상남도,김해시,쇼핑,bd04f857c1e8b3a595ba0dc3a97bb1ac,에븐,경상남도,김해시,음식
47,ae8da164ba9b3b5d7ffb4cd33b5af12a,롯데프리미엄아울렛/김해점,경상남도,김해시,쇼핑,83c10536c16f815988d5c16a31d10303,대동생태체육공원,경상남도,김해시,문화관광
48,ae8da164ba9b3b5d7ffb4cd33b5af12a,롯데프리미엄아울렛/김해점,경상남도,김해시,쇼핑,eff968e43d1ea37811219a4bd7ab767a,장유율하카페거리,경상남도,김해시,음식
49,ae8da164ba9b3b5d7ffb4cd33b5af12a,롯데프리미엄아울렛/김해점,경상남도,김해시,쇼핑,95a3fd777d5de23a9bcd73a4c1787e98,해이담커피,경상남도,김해시,음식
50,ae8da164ba9b3b5d7ffb4cd33b5af12a,롯데프리미엄아울렛/김해점,경상남도,김해시,쇼핑,2f6844463edbd246febb860385a93766,롯데마트맥스/창원중앙점,경상남도,창원시 성산구,쇼핑
