,index,Unnamed: 0,시군구,소재지,Latitude,Longitude,구분,geometry,facility_id,버스정류장,자전거정류장,주차장,지하철
,2,10,김해시,김해시 김해대로 2062 (내동),35.2424768,128.8631869,문화예술회관,POINT (128.8631869 35.2424768),0,0.0,0.0,0.0,0.0
,3,13,창원시,창원시 진해구 진해대로 325 (태백동),35.1698332,128.6660838,문화예술회관,POINT (128.6660838 35.1698332),1,0.0,0.0,0.0,0.0
0.0,4,14,창원시,창원시 마산회원구 삼호로 135,35.2258547,128.5772581,문화예술회관,POINT (128.5772581 35.2258547),2,26.0,5.0,3.0,0.0
,5,15,창원시,창원시 의창구 중앙로 181 (용호동),35.2340868,128.6818106,문화예술회관,POINT (128.6818106 35.2340868),3,0.0,0.0,0.0,0.0
1.0,6,3,김해시,김해시 진례면 진례로 275-51,35.2504743,128.7449535,미술관,POINT (128.7449535 35.2504743),4,7.0,4.0,0.0,0.0
2.0,7,4,창원시,창원시 의창구 대산면 유등로,35.3373751,128.7377228,미술관,POINT (128.7377228 35.3373751),5,4.0,6.0,1.0,0.0
3.0,8,6,창원시,창원시 마산합포구 문신1길 71 (추산동),35.2048601,128.5709784,미술관,POINT (128.5709784 35.2048601),6,8.0,1.0,1.0,0.0
4.0,9,7,창원시,창원시 의창구 용지로 296(경남도립미술관),35.2394936,128.6908218,미술관,POINT (128.6908218 35.2394936),7,1.0,0.0,0.0,0.0
5.0,10,17,김해시,경상남도 김해시 삼방동 192번지,35.2445406,128.9102038,공연장,POINT (128.9102038 35.2445406),8,24.0,1.0,1.0,0.0
6.0,11,18,김해시,경상남도 김해시 대청동 299번지 17통4반,35.1916555,128.798513,공연장,POINT (128.798513 35.1916555),9,34.0,7.0,0.0,0.0
7.0,12,19,김해시,경상남도 김해시 외동 1261-4번지,35.2316307,128.8706987,공연장,POINT (128.8706987 35.2316307),10,17.0,2.0,2.0,0.0
8.0,13,20,김해시,경상남도 김해시 내동 1131번지,35.2436551,128.8698995,공연장,POINT (128.8698995 35.2436551),11,20.0,4.0,0.0,0.0
9.0,14,21,김해시,경상남도 김해시 내동 1131번지,35.2436551,128.8698995,공연장,POINT (128.8698995 35.2436551),12,34.0,23.0,2.0,1.0
10.0,15,22,김해시,경상남도 김해시 봉황동 461-3번지,35.232751,128.8743868,공연장,POINT (128.8743868 35.232751),13,31.0,16.0,1.0,1.0
11.0,16,23,김해시,경상남도 김해시 내동 1131번지,35.2436551,128.8698995,공연장,POINT (128.8698995 35.2436551),14,31.0,16.0,1.0,1.0
12.0,17,24,김해시,경상남도 김해시 진영읍 여래리 530-2번지,35.3043728,128.7370017,공연장,POINT (128.7370017 35.3043728),15,26.0,10.0,5.0,1.0
13.0,18,25,김해시,경상남도 김해시 어방동 993번지,35.25273,128.8905637,공연장,POINT (128.8905637 35.25273),16,31.0,16.0,1.0,1.0
14.0,19,26,김해시,경상남도 김해시 율하동 1377번지,35.1726125,128.820823,공연장,POINT (128.820823 35.1726125),17,49.0,5.0,1.0,0.0
15.0,23,52,창원시,경상남도 창원시 마산합포구 구산면 반동리 산 121-1,35.0802855,128.5843801,공연장,POINT (128.5843801 35.0802855),18,0.0,0.0,2.0,0.0
16.0,24,53,창원시,경상남도 창원시 마산회원구 양덕동 532-3번지,35.2258547,128.5772581,공연장,POINT (128.5772581 35.2258547),19,25.0,3.0,0.0,0.0
,25,54,창원시,경상남도 창원시 진해구 덕산동 584-1번지,35.1427416999999,128.6908946,공연장,POINT (128.6908946 35.1427416999999),20,0.0,0.0,0.0,0.0
,26,55,창원시,경상남도 창원시 의창구 명서동 199-2 대호상가지하1호,35.2429836,128.6485964,공연장,POINT (128.6485964 35.2429836),21,0.0,0.0,0.0,0.0
,27,56,창원시,경상남도 창원시 의창구 용호동 2번지,35.2296016,128.6833355,공연장,POINT (128.6833355 35.2296016),22,0.0,0.0,0.0,0.0
17.0,28,57,창원시,경상남도 창원시 의창구 팔용동 30-1 뉴코아아울렛 4263호,35.234597,128.641997,공연장,POINT (128.641997 35.234597),23,1.0,0.0,0.0,0.0
18.0,29,58,창원시,경상남도 창원시 의창구 용호동 73-1번지 레이크펄스 602호,35.2306365,128.6806786,공연장,POINT (128.6806786 35.2306365),24,7.0,4.0,0.0,0.0
19.0,30,59,창원시,경상남도 창원시 마산회원구 양덕동 532-3번지,35.2258547,128.5772581,공연장,POINT (128.5772581 35.2258547),25,0.0,2.0,0.0,0.0
20.0,31,60,창원시,경상남도 창원시 진해구 태백동 98번지,35.1691827,128.6596358,공연장,POINT (128.6596358 35.1691827),26,20.0,10.0,0.0,0.0
21.0,32,61,창원시,경상남도 창원시 의창구 용호동 2번지,35.2296016,128.6833355,공연장,POINT (128.6833355 35.2296016),27,17.0,12.0,2.0,0.0
22.0,33,62,창원시,"경상남도 창원시 성산구 중앙동 95-1 하이페르빌딩 지하 1,2층 ",35.2241192,128.67807,공연장,POINT (128.67807 35.2241192),28,20.0,6.0,3.0,0.0
23.0,34,63,김해시,경상남도 김해시 장유동 839-5 n스퀘어,35.1706691,128.8224876,공연장,POINT (128.8224876 35.1706691),29,16.0,12.0,4.0,0.0
24.0,35,64,창원시,경상남도 창원시 성산구 중앙동 93-1 지하101~103호,35.2247917,128.6798657,공연장,POINT (128.6798657 35.2247917),30,7.0,4.0,0.0,0.0
25.0,36,65,김해시,경상남도 김해시 동상동 497-13,35.2365203,128.8897963,공연장,POINT (128.8897963 35.2365203),31,4.0,1.0,0.0,0.0
26.0,37,66,창원시,경상남도 창원시 성산구 중앙동 97-6 켄버라타운 지하2층 201호,35.2212077,128.6768256,공연장,POINT (128.6768256 35.2212077),32,17.0,12.0,2.0,0.0
27.0,38,67,창원시,"경상남도 창원시 성산구 중앙동 99-1 메가플렉스 지하 1,2층 ",35.2213491,128.6757204,공연장,POINT (128.6757204 35.2213491),33,17.0,10.0,3.0,0.0
28.0,39,68,창원시,경상남도 창원시 성산구 가음동 7-3 가음정빌딩,35.2094117,128.6887881,공연장,POINT (128.6887881 35.2094117),34,27.0,2.0,0.0,0.0
29.0,40,71,창원시,경상남도 창원시 마산합포구 창동 64-10 1층,35.2065274,128.5743416,공연장,POINT (128.5743416 35.2065274),35,19.0,12.0,4.0,0.0
30.0,41,72,김해시,경상남도 김해시 봉황동 114,35.2287971,128.8769328,공연장,POINT (128.8769328 35.2287971),36,14.0,0.0,0.0,0.0
31.0,42,74,창원시,경상남도 창원시 성산구 용호동 73-24 세원상가,35.2299967,128.681028,공연장,POINT (128.681028 35.2299967),37,14.0,9.0,3.0,0.0
32.0,43,76,창원시,경상남도 창원시 마산회원구 내서읍 중리 1054 백로아파트,35.2437032,128.5059709,공연장,POINT (128.5059709 35.2437032),38,12.0,5.0,3.0,0.0
33.0,44,3,창원시,경상남도 창원시 진해구 용원동 1211-1,35.1020429,128.8103006,유원시설업(기타),POINT (128.8103006 35.1020429),39,3.0,7.0,0.0,0.0
34.0,45,5,김해시,경상남도 김해시 신문동 1417,35.1804063,128.8286965,종합유원시설업,POINT (128.8286965 35.1804063),40,24.0,2.0,1.0,0.0
35.0,46,26,김해시,경상남도 김해시 삼계동 1502-2 삼성아동병원 3층,35.2604136,128.8690663,유원시설업(기타),POINT (128.8690663 35.2604136),41,25.0,8.0,3.0,1.0
36.0,47,27,김해시,경상남도 김해시 동상동 992-12번지,35.2337278,128.8828488,유원시설업(기타),POINT (128.8828488 35.2337278),42,16.0,12.0,3.0,0.0
37.0,48,28,김해시,경상남도 김해시 외동 1259-2번지 힐튼상가 401호,35.2340715,128.8673397,유원시설업(기타),POINT (128.8673397 35.2340715),43,9.0,1.0,0.0,0.0
38.0,49,29,김해시,경상남도 김해시 외동 1252-2번지 삼우빌딩 108호,35.2342109,128.8658541,유원시설업(기타),POINT (128.8658541 35.2342109),44,18.0,3.0,1.0,0.0
39.0,50,30,김해시,경상남도 김해시 율하동 1335-1번지 경보월드,35.1721368,128.813754,유원시설업(기타),POINT (128.813754 35.1721368),45,3.0,0.0,0.0,0.0
40.0,51,31,김해시,경상남도 김해시 삼계동 1422-4,35.2681076,128.8635768,유원시설업(기타),POINT (128.8635768 35.2681076),46,37.0,4.0,2.0,1.0
41.0,52,32,김해시,경상남도 김해시 신문동 1414번지 롯데아울렛신관,35.1850539,128.8290167,유원시설업(기타),POINT (128.8290167 35.1850539),47,34.0,3.0,6.0,0.0
42.0,53,33,김해시,경상남도 김해시 삼문동 562-12번지,35.1878182,128.8071353,유원시설업(기타),POINT (128.8071353 35.1878182),48,27.0,30.0,3.0,1.0
43.0,54,34,김해시,경상남도 김해시 율하동 1351-4 경원프라자 301호,35.1724433,128.8152316,유원시설업(기타),POINT (128.8152316 35.1724433),49,23.0,27.0,4.0,0.0
44.0,55,35,김해시,경상남도 김해시 외동 1253-3 경원빌딩 401호,35.2328264,128.8655545,유원시설업(기타),POINT (128.8655545 35.2328264),50,20.0,8.0,4.0,0.0
45.0,56,36,김해시,경상남도 김해시 대청동 52-1번지 601~3호,35.1935363,128.7964664,유원시설업(기타),POINT (128.7964664 35.1935363),51,26.0,1.0,0.0,1.0
46.0,57,37,김해시,경상남도 김해시 주촌면 선지리 1016-2 402~4호,35.2413303,128.8445367,유원시설업(기타),POINT (128.8445367 35.2413303),52,4.0,0.0,0.0,0.0
47.0,58,38,창원시,경상남도 창원시 성산구 중앙동 101-1 경남오피스텔 1003호,35.2193131999999,128.6752529,시내순환관광업,POINT (128.6752529 35.2193131999999),53,12.0,5.0,0.0,0.0
48.0,59,39,김해시,경상남도 김해시 외동 1264 신세계백화점 5층,35.229131,128.872148,유원시설업(기타),POINT (128.872148 35.229131),54,23.0,6.0,4.0,0.0
49.0,60,40,김해시,경상남도 김해시 부곡동 1159-3 베스트월드 501호,35.203742,128.8083915,유원시설업(기타),POINT (128.8083915 35.203742),55,27.0,27.0,3.0,0.0
50.0,61,41,김해시,경상남도 김해시 외동 1249-4번지 한국2차아파트 주상가동 지하201호,35.2309858,128.8638899,유원시설업(기타),POINT (128.8638899 35.2309858),56,16.0,4.0,0.0,0.0
,62,42,김해시,경상남도 김해시 부원동 1043번지,35.2250721,128.8832573,유원시설업(기타),POINT (128.8832573 35.2250721),57,0.0,0.0,0.0,0.0
51.0,63,43,김해시,경상남도 김해시 동상동 745-1번지,35.2341513,128.8849891,유원시설업(기타),POINT (128.8849891 35.2341513),58,12.0,7.0,2.0,0.0
52.0,64,44,김해시,경상남도 김해시 외동 1264번지,35.229131,128.872148,유원시설업(기타),POINT (128.872148 35.229131),59,39.0,9.0,1.0,2.0
53.0,65,45,김해시,경상남도 김해시 진영읍 여래리 970,35.3066009,128.7376248,유원시설업(기타),POINT (128.7376248 35.3066009),60,34.0,7.0,2.0,0.0
54.0,66,46,김해시,경상남도 김해시 진영읍 진영리 1612-4 10층,35.3082373,128.729891,유원시설업(기타),POINT (128.729891 35.3082373),61,25.0,18.0,1.0,0.0
55.0,69,98,창원시,경상남도 창원시 성산구 상남동 45-1 성원아파트,35.2173123,128.6907088,유원시설업(기타),POINT (128.6907088 35.2173123),62,14.0,6.0,1.0,1.0
56.0,70,99,창원시,경상남도 창원시 성산구 용호동 73-1 레이크펄스,35.2306365,128.6806786,유원시설업(기타),POINT (128.6806786 35.2306365),63,28.0,1.0,6.0,0.0
57.0,71,100,창원시,경상남도 창원시 진해구 여좌동 761-5번지,35.1525398,128.6653733,유원시설업(기타),POINT (128.6653733 35.1525398),64,39.0,9.0,1.0,2.0
58.0,72,101,창원시,경상남도 창원시 진해구 이동 2-2번지,35.1561318,128.6984719,유원시설업(기타),POINT (128.6984719 35.1561318),65,38.0,5.0,0.0,0.0
59.0,73,102,창원시,경상남도 창원시 진해구 풍호동 806-18,35.1358599,128.7089898,유원시설업(기타),POINT (128.7089898 35.1358599),66,31.0,2.0,1.0,0.0
,74,103,창원시,경상남도 창원시 의창구 봉림동 713-4,35.250455,128.6672076,유원시설업(기타),POINT (128.6672076 35.250455),67,0.0,0.0,0.0,0.0
,75,104,창원시,경상남도 창원시 의창구 팔용동 30-3 삼성홈플러스,35.2341189,128.6436851,유원시설업(기타),POINT (128.6436851 35.2341189),68,0.0,0.0,0.0,0.0
60.0,76,105,창원시,경상남도 창원시 의창구 북면 감계리 236-1,35.2989714,128.5871345,유원시설업(기타),POINT (128.5871345 35.2989714),69,22.0,7.0,0.0,0.0
61.0,77,106,창원시,경상남도 창원시 진해구 자은동 136-1번지 자은스퀘어,35.1552745,128.7140628,유원시설업(기타),POINT (128.7140628 35.1552745),70,16.0,12.0,4.0,0.0
62.0,78,107,창원시,경상남도 창원시 성산구 가음동 47-2,35.2040276,128.7031302,유원시설업(기타),POINT (128.7031302 35.2040276),71,16.0,2.0,0.0,0.0
63.0,79,108,창원시,경상남도 창원시 마산회원구 내서읍 호계리 13-2번지 302호,35.2667659,128.5273685,유원시설업(기타),POINT (128.5273685 35.2667659),72,11.0,7.0,0.0,0.0
64.0,80,109,창원시,경상남도 창원시 마산합포구 신포동1가 2-10 신우희가로밀리온 601호,35.1986067,128.5713737,유원시설업(기타),POINT (128.5713737 35.1986067),73,12.0,3.0,0.0,0.0
65.0,81,110,창원시,"경상남도 창원시 의창구 북면 감계리 234-3번지 MG빌딩,601 602호 ",35.2989714,128.5871345,유원시설업(기타),POINT (128.5871345 35.2989714),74,7.0,4.0,0.0,0.0
66.0,82,111,창원시,경상남도 창원시 성산구 상남동 80 롯데백화점창원점(신관) 7층호,35.2245748,128.6830114,유원시설업(기타),POINT (128.6830114 35.2245748),75,18.0,6.0,3.0,0.0
67.0,83,112,창원시,경상남도 창원시 마산회원구 내서읍 삼계리 742번지,35.2342397,128.4904907,유원시설업(기타),POINT (128.4904907 35.2342397),76,9.0,2.0,0.0,0.0
68.0,84,113,창원시,경상남도 창원시 마산회원구 양덕동 12-30번지 생명장한의원,35.2326858,128.5829676,유원시설업(기타),POINT (128.5829676 35.2326858),77,14.0,1.0,0.0,0.0
69.0,85,114,창원시,경상남도 창원시 진해구 석동 141-1,35.1522318,128.7037883,유원시설업(기타),POINT (128.7037883 35.1522318),78,34.0,6.0,0.0,0.0
70.0,86,115,창원시,경상남도 창원시 마산회원구 양덕동 51-31번지 금천빌딩,35.2297516,128.5854166,유원시설업(기타),POINT (128.5854166 35.2297516),79,9.0,1.0,0.0,0.0
71.0,87,116,창원시,경상남도 창원시 마산회원구 양덕동 535,35.2268808,128.5788233,유원시설업(기타),POINT (128.5788233 35.2268808),80,27.0,6.0,0.0,0.0
72.0,88,117,창원시,경상남도 창원시 마산회원구 내서읍 삼계리 26-6,35.2322424,128.5034981,유원시설업(기타),POINT (128.5034981 35.2322424),81,9.0,2.0,0.0,0.0
73.0,89,118,창원시,경상남도 창원시 마산합포구 현동 374 7층 701호,35.1505937,128.5540035,유원시설업(기타),POINT (128.5540035 35.1505937),82,20.0,13.0,4.0,0.0
74.0,90,119,창원시,경상남도 창원시 성산구 가음동 7-2 더원빌딩 403호,35.2096137,128.6889634,유원시설업(기타),POINT (128.6889634 35.2096137),83,5.0,0.0,0.0,0.0
75.0,91,120,창원시,경상남도 창원시 마산합포구 산호동 338-37,35.2086116,128.5824478,유원시설업(기타),POINT (128.5824478 35.2086116),84,22.0,4.0,1.0,0.0
76.0,92,121,창원시,경상남도 창원시 진해구 용원동 1212-16,35.1016721,128.8114962,유원시설업(기타),POINT (128.8114962 35.1016721),85,11.0,6.0,0.0,0.0
77.0,93,122,창원시,경상남도 창원시 마산회원구 내서읍 삼계리 27-2,35.2323655,128.5044402,유원시설업(기타),POINT (128.5044402 35.2323655),86,14.0,4.0,1.0,0.0
78.0,94,123,창원시,경상남도 창원시 마산합포구 교방동 511,35.2167191,128.5623296,유원시설업(기타),POINT (128.5623296 35.2167191),87,7.0,4.0,0.0,0.0
79.0,95,124,창원시,경상남도 창원시 진해구 석동 142-2,35.1518017,128.7027218,유원시설업(기타),POINT (128.7027218 35.1518017),88,16.0,1.0,1.0,0.0
80.0,96,125,창원시,경상남도 창원시 마산합포구 해운동 5-95 1층 105호,35.1793105,128.5592931,유원시설업(기타),POINT (128.5592931 35.1793105),89,6.0,3.0,0.0,0.0
81.0,97,126,창원시,경상남도 창원시 마산합포구 창동 137-2,35.2059388,128.5751959,유원시설업(기타),POINT (128.5751959 35.2059388),90,3.0,7.0,0.0,0.0
82.0,98,127,창원시,경상남도 창원시 의창구 팔용동 30-1번지,35.234597,128.641997,유원시설업(기타),POINT (128.641997 35.234597),91,15.0,1.0,0.0,0.0
83.0,99,128,창원시,경상남도 창원시 의창구 동읍 월잠리 95번지,35.3071595,128.6869604,유원시설업(기타),POINT (128.6869604 35.3071595),92,16.0,3.0,1.0,0.0
84.0,100,129,창원시,경상남도 창원시 마산합포구 구산면 반동리 산 121-1,35.0802855,128.5843801,유원시설업(기타),POINT (128.5843801 35.0802855),93,16.0,1.0,1.0,0.0
85.0,101,130,창원시,경상남도 창원시 의창구 북면 신촌리 1533-2,35.3489702,128.6088022,유원시설업(기타),POINT (128.6088022 35.3489702),94,11.0,1.0,0.0,0.0
86.0,102,131,창원시,경상남도 창원시 마산회원구 양덕동 149-20 메트로센텀 1동 1302호,35.2234392,128.5859205,유원시설업(기타),POINT (128.5859205 35.2234392),95,11.0,6.0,0.0,0.0
87.0,103,132,창원시,경상남도 창원시 마산합포구 해운동 5-95 해운프라자,35.1793105,128.5592931,유원시설업(기타),POINT (128.5592931 35.1793105),96,26.0,3.0,0.0,0.0
88.0,104,133,창원시,경상남도 창원시 성산구 대원동 121 더시티세븐,35.2400442,128.6528882,유원시설업(기타),POINT (128.6528882 35.2400442),97,24.0,3.0,1.0,0.0
89.0,105,134,창원시,경상남도 창원시 성산구 대방동 338-4 대풍빌딩,35.2160435,128.7075083,유원시설업(기타),POINT (128.7075083 35.2160435),98,20.0,6.0,3.0,0.0
90.0,106,137,김해시,경상남도 김해시 어방동 993,35.25273,128.8905637,일반유원시설업,POINT (128.8905637 35.25273),99,3.0,0.0,0.0,0.0
91.0,107,138,김해시,경상남도 김해시 생림면 마사리 654-4,35.3718452,128.8208867,일반유원시설업,POINT (128.8208867 35.3718452),100,1.0,0.0,0.0,0.0
92.0,108,139,김해시,경상남도 김해시 어방동 993,35.25273,128.8905637,일반유원시설업,POINT (128.8905637 35.25273),101,12.0,1.0,0.0,0.0
93.0,109,141,김해시,경상남도 김해시 신문동 1414 롯데아울렛,35.1850539,128.8290167,일반유원시설업,POINT (128.8290167 35.1850539),102,21.0,6.0,0.0,0.0
94.0,110,161,창원시,경상남도 창원시 마산회원구 합성동 126-29 지하1층,35.2377256,128.583099,일반유원시설업,POINT (128.583099 35.2377256),103,26.0,3.0,0.0,0.0
95.0,111,162,창원시,경상남도 창원시 의창구 대원동 123번지 창원컨벤션센터,35.2385744,128.6568092,일반유원시설업,POINT (128.6568092 35.2385744),104,15.0,6.0,0.0,0.0
96.0,112,264,창원시,경상남도 창원시 진해구 장천동 409-5 제이씨빌딩 701호,35.1307101,128.7078924,유원시설업(기타),POINT (128.7078924 35.1307101),105,20.0,6.0,0.0,0.0
97.0,113,267,창원시,경상남도 창원시 마산합포구 구산면 반동리 산 121-1,35.0802855,128.5843801,종합유원시설업,POINT (128.5843801 35.0802855),106,0.0,0.0,2.0,0.0
98.0,114,268,김해시,경상남도 김해시 외동 1264 신세계백화점 2층,35.229131,128.872148,유원시설업(기타),POINT (128.872148 35.229131),107,4.0,0.0,1.0,0.0
99.0,115,272,창원시,경상남도 창원시 마산합포구 교방동 385-25,35.2109477,128.5646,유원시설업(기타),POINT (128.5646 35.2109477),108,0.0,0.0,2.0,0.0
100.0,116,273,창원시,경상남도 창원시 성산구 대원동 123,35.2385744,128.6568092,국제회의시설업,POINT (128.6568092 35.2385744),109,4.0,0.0,0.0,0.0
101.0,118,276,창원시,경상남도 창원시 성산구 상남동 79 롯데백화점 3층,35.2245415,128.6819144,유원시설업(기타),POINT (128.6819144 35.2245415),110,27.0,9.0,1.0,0.0
102.0,119,277,김해시,경상남도 김해시 외동 1264,35.229131,128.872148,유원시설업(기타),POINT (128.872148 35.229131),111,6.0,6.0,0.0,0.0
103.0,120,281,김해시,경상남도 김해시 외동 1421 이진캐스빌 2차 아파트(상가) 104동 103호,35.2321589,128.8507287,유원시설업(기타),POINT (128.8507287 35.2321589),112,18.0,2.0,0.0,0.0
104.0,121,284,창원시,경상남도 창원시 성산구 중앙동 91 창원이마트,35.2266563,128.6802026,유원시설업(기타),POINT (128.6802026 35.2266563),113,1.0,0.0,0.0,0.0
105.0,122,289,김해시,경상남도 김해시 어방동 474-2,35.2436127,128.9041702,유원시설업(기타),POINT (128.9041702 35.2436127),114,39.0,9.0,1.0,2.0
106.0,123,295,창원시,"경상남도 창원시 마산합포구 진북면 금산리 437 (외 2번지, 283-1, 449-1) ",35.1545856,128.444001,유원시설업(기타),POINT (128.444001 35.1545856),115,11.0,0.0,0.0,0.0
107.0,124,305,창원시,경상남도 창원시 진해구 풍호동 805-5,35.1351588,128.7074075,유원시설업(기타),POINT (128.7074075 35.1351588),116,6.0,6.0,0.0,0.0
,125,306,김해시,경상남도 김해시 장유동 840-4,35.1709482,128.8233231,유원시설업(기타),POINT (128.8233231 35.1709482),117,0.0,0.0,0.0,0.0
108.0,126,310,김해시,경상남도 김해시 장유동 825-1,35.1724042,128.8233558,유원시설업(기타),POINT (128.8233558 35.1724042),118,21.0,14.0,5.0,0.0
109.0,127,311,김해시,경상남도 김해시 외동 1264 이마트 김해점 2층,35.2302741,128.8718129,유원시설업(기타),POINT (128.8718129 35.2302741),119,39.0,9.0,1.0,2.0
110.0,128,313,창원시,경상남도 창원시 의창구 용호동 73-61,35.2286734,128.6790208,시내순환관광업,POINT (128.6790208 35.2286734),120,22.0,2.0,0.0,0.0
111.0,129,314,김해시,경상남도 김해시 삼방동 산 123,35.2620849,128.9022688,종합유원시설업,POINT (128.9022688 35.2620849),121,18.0,13.0,5.0,0.0
112.0,130,321,김해시,경상남도 김해시 유하동 88번지,35.2201789,128.8199149,종합휴양업,POINT (128.8199149 35.2201789),122,13.0,3.0,0.0,0.0
113.0,131,322,김해시,경상남도 김해시 유하동 88,35.2201789,128.8199149,전문휴양업,POINT (128.8199149 35.2201789),123,5.0,0.0,0.0,0.0
114.0,133,330,김해시,경상남도 김해시 주촌면 선지리 479-1,35.2393125,128.8425419,유원시설업(기타),POINT (128.8425419 35.2393125),124,13.0,2.0,0.0,0.0
115.0,134,332,김해시,경상남도 김해시 생림면 나전리 30-6,35.2751259,128.8869678,유원시설업(기타),POINT (128.8869678 35.2751259),125,27.0,2.0,0.0,0.0
116.0,135,339,창원시,경상남도 창원시 마산합포구 구산면 반동리 산 105 중앙광장동,35.0770583,128.5877878,유원시설업(기타),POINT (128.5877878 35.0770583),126,24.0,2.0,0.0,0.0
117.0,136,344,김해시,경상남도 김해시 진영읍 진영리 275-25,35.3048078,128.7283931,유원시설업(기타),POINT (128.7283931 35.3048078),127,41.0,13.0,1.0,2.0
118.0,138,346,김해시,경상남도 김해시 외동 1264,35.229131,128.872148,유원시설업(기타),POINT (128.872148 35.229131),128,16.0,12.0,3.0,0.0
119.0,139,347,창원시,"경상남도 창원시 마산회원구 양덕동 151-1 삼성홈플러스, 5층 ",35.2226498,128.5857481,유원시설업(기타),POINT (128.5857481 35.2226498),129,3.0,0.0,0.0,0.0
120.0,140,1,김해시,김해시 한림면 김해대로 1029-20,35.2943733,128.7945742,박물관,POINT (128.7945742 35.2943733),130,9.0,0.0,0.0,0.0
121.0,141,5,김해시,김해시 가야의길 126 (대성동),35.2374065,128.8737462,박물관,POINT (128.8737462 35.2374065),131,9.0,0.0,0.0,0.0
,142,7,창원시,창원시 진해구 중원로 1,35.1440057,128.6582846,박물관,POINT (128.6582846 35.1440057),132,0.0,0.0,0.0,0.0
122.0,143,17,창원시,창원시 진해구 중원동로 52 (제황산동),35.1489111,128.6639905,박물관,POINT (128.6639905 35.1489111),133,8.0,0.0,0.0,0.0
123.0,144,20,김해시,김해시 인제로 197 (어방동),35.2503874,128.9011775,박물관,POINT (128.9011775 35.2503874),134,2.0,0.0,0.0,0.0
124.0,145,21,창원시,창원시 의창구 퇴촌로 92 (퇴촌동),35.250146,128.6961221,박물관,POINT (128.6961221 35.250146),135,2.0,0.0,0.0,0.0
