﻿순위,광역지자체명,기초지자체명,관광지명,기준연월,입장객수,입장객 수 총계
1,경상남도,남해군,한려해상국립공원 금산(복곡주차장),202301,46841,585036.0
1,경상남도,남해군,한려해상국립공원 금산(복곡주차장),202302,51178,585036.0
1,경상남도,남해군,한려해상국립공원 금산(복곡주차장),202303,52013,585036.0
1,경상남도,남해군,한려해상국립공원 금산(복곡주차장),202304,61875,585036.0
1,경상남도,남해군,한려해상국립공원 금산(복곡주차장),202305,52882,585036.0
1,경상남도,남해군,한려해상국립공원 금산(복곡주차장),202306,46848,585036.0
1,경상남도,남해군,한려해상국립공원 금산(복곡주차장),202307,35266,585036.0
1,경상남도,남해군,한려해상국립공원 금산(복곡주차장),202308,53266,585036.0
1,경상남도,남해군,한려해상국립공원 금산(복곡주차장),202309,35090,585036.0
1,경상남도,남해군,한려해상국립공원 금산(복곡주차장),202310,64060,585036.0
1,경상남도,남해군,한려해상국립공원 금산(복곡주차장),202311,47040,585036.0
1,경상남도,남해군,한려해상국립공원 금산(복곡주차장),202312,38677,585036.0
2,경상남도,남해군,파독전시관,202301,20852,307634.0
2,경상남도,남해군,파독전시관,202302,24171,307634.0
2,경상남도,남해군,파독전시관,202303,24165,307634.0
2,경상남도,남해군,파독전시관,202304,33978,307634.0
2,경상남도,남해군,파독전시관,202305,32493,307634.0
2,경상남도,남해군,파독전시관,202306,28194,307634.0
2,경상남도,남해군,파독전시관,202307,27963,307634.0
2,경상남도,남해군,파독전시관,202308,35879,307634.0
2,경상남도,남해군,파독전시관,202309,16350,307634.0
2,경상남도,남해군,파독전시관,202310,28985,307634.0
2,경상남도,남해군,파독전시관,202311,16975,307634.0
2,경상남도,남해군,파독전시관,202312,17629,307634.0
3,경상남도,남해군,남해편백자연휴양림,202301,9204,137157.0
3,경상남도,남해군,남해편백자연휴양림,202302,9743,137157.0
3,경상남도,남해군,남해편백자연휴양림,202303,10848,137157.0
3,경상남도,남해군,남해편백자연휴양림,202304,14131,137157.0
3,경상남도,남해군,남해편백자연휴양림,202305,12129,137157.0
3,경상남도,남해군,남해편백자연휴양림,202306,14544,137157.0
3,경상남도,남해군,남해편백자연휴양림,202307,12868,137157.0
3,경상남도,남해군,남해편백자연휴양림,202308,6863,137157.0
3,경상남도,남해군,남해편백자연휴양림,202309,13392,137157.0
3,경상남도,남해군,남해편백자연휴양림,202310,15703,137157.0
3,경상남도,남해군,남해편백자연휴양림,202311,9770,137157.0
3,경상남도,남해군,남해편백자연휴양림,202312,7962,137157.0
4,경상남도,남해군,원예예술촌,202301,4672,123073.0
4,경상남도,남해군,원예예술촌,202302,5399,123073.0
4,경상남도,남해군,원예예술촌,202303,12206,123073.0
4,경상남도,남해군,원예예술촌,202304,23995,123073.0
4,경상남도,남해군,원예예술촌,202305,18960,123073.0
4,경상남도,남해군,원예예술촌,202306,12210,123073.0
4,경상남도,남해군,원예예술촌,202307,5549,123073.0
4,경상남도,남해군,원예예술촌,202308,6863,123073.0
4,경상남도,남해군,원예예술촌,202309,6800,123073.0
4,경상남도,남해군,원예예술촌,202310,14418,123073.0
4,경상남도,남해군,원예예술촌,202311,7998,123073.0
4,경상남도,남해군,원예예술촌,202312,4003,123073.0
5,경상남도,남해군,아난티남해(골프장),202301,6526,104342.0
5,경상남도,남해군,아난티남해(골프장),202302,7271,104342.0
5,경상남도,남해군,아난티남해(골프장),202303,9309,104342.0
5,경상남도,남해군,아난티남해(골프장),202304,9038,104342.0
5,경상남도,남해군,아난티남해(골프장),202305,9418,104342.0
5,경상남도,남해군,아난티남해(골프장),202306,10074,104342.0
5,경상남도,남해군,아난티남해(골프장),202307,9211,104342.0
5,경상남도,남해군,아난티남해(골프장),202308,8436,104342.0
5,경상남도,남해군,아난티남해(골프장),202309,9311,104342.0
5,경상남도,남해군,아난티남해(골프장),202310,10286,104342.0
5,경상남도,남해군,아난티남해(골프장),202311,8595,104342.0
5,경상남도,남해군,아난티남해(골프장),202312,6867,104342.0
6,경상남도,남해군,남해스포츠파크,202301,1973,78888.0
6,경상남도,남해군,남해스포츠파크,202302,12753,78888.0
6,경상남도,남해군,남해스포츠파크,202303,4230,78888.0
6,경상남도,남해군,남해스포츠파크,202304,3550,78888.0
6,경상남도,남해군,남해스포츠파크,202305,17960,78888.0
6,경상남도,남해군,남해스포츠파크,202306,7268,78888.0
6,경상남도,남해군,남해스포츠파크,202307,7290,78888.0
6,경상남도,남해군,남해스포츠파크,202308,6740,78888.0
6,경상남도,남해군,남해스포츠파크,202309,4202,78888.0
6,경상남도,남해군,남해스포츠파크,202310,4352,78888.0
6,경상남도,남해군,남해스포츠파크,202311,4420,78888.0
6,경상남도,남해군,남해스포츠파크,202312,4150,78888.0
7,경상남도,남해군,섬이정원,202301,937,42668.0
7,경상남도,남해군,섬이정원,202302,1580,42668.0
7,경상남도,남해군,섬이정원,202303,2705,42668.0
7,경상남도,남해군,섬이정원,202304,5323,42668.0
7,경상남도,남해군,섬이정원,202305,5762,42668.0
7,경상남도,남해군,섬이정원,202306,6680,42668.0
7,경상남도,남해군,섬이정원,202307,3916,42668.0
7,경상남도,남해군,섬이정원,202308,4416,42668.0
7,경상남도,남해군,섬이정원,202309,2899,42668.0
7,경상남도,남해군,섬이정원,202310,4961,42668.0
7,경상남도,남해군,섬이정원,202311,2130,42668.0
7,경상남도,남해군,섬이정원,202312,1359,42668.0
8,경상남도,남해군,남해유배문학관,202301,1793,42527.0
8,경상남도,남해군,남해유배문학관,202302,1998,42527.0
8,경상남도,남해군,남해유배문학관,202303,2622,42527.0
8,경상남도,남해군,남해유배문학관,202304,3694,42527.0
8,경상남도,남해군,남해유배문학관,202305,3314,42527.0
8,경상남도,남해군,남해유배문학관,202306,9416,42527.0
8,경상남도,남해군,남해유배문학관,202307,2358,42527.0
8,경상남도,남해군,남해유배문학관,202308,3519,42527.0
8,경상남도,남해군,남해유배문학관,202309,2533,42527.0
8,경상남도,남해군,남해유배문학관,202310,4451,42527.0
8,경상남도,남해군,남해유배문학관,202311,2648,42527.0
8,경상남도,남해군,남해유배문학관,202312,4181,42527.0
9,경상남도,남해군,남해 양떼목장 양모리학교,202301,1482,39009.0
9,경상남도,남해군,남해 양떼목장 양모리학교,202302,1276,39009.0
9,경상남도,남해군,남해 양떼목장 양모리학교,202303,2340,39009.0
9,경상남도,남해군,남해 양떼목장 양모리학교,202304,3763,39009.0
9,경상남도,남해군,남해 양떼목장 양모리학교,202305,6412,39009.0
9,경상남도,남해군,남해 양떼목장 양모리학교,202306,4121,39009.0
9,경상남도,남해군,남해 양떼목장 양모리학교,202307,2134,39009.0
9,경상남도,남해군,남해 양떼목장 양모리학교,202308,2657,39009.0
9,경상남도,남해군,남해 양떼목장 양모리학교,202309,3805,39009.0
9,경상남도,남해군,남해 양떼목장 양모리학교,202310,4053,39009.0
9,경상남도,남해군,남해 양떼목장 양모리학교,202311,3802,39009.0
9,경상남도,남해군,남해 양떼목장 양모리학교,202312,3164,39009.0
10,경상남도,남해군,거북선전시관,202301,5360,38409.0
10,경상남도,남해군,거북선전시관,202302,2896,38409.0
10,경상남도,남해군,거북선전시관,202303,3947,38409.0
10,경상남도,남해군,거북선전시관,202304,4611,38409.0
10,경상남도,남해군,거북선전시관,202305,4210,38409.0
10,경상남도,남해군,거북선전시관,202306,3404,38409.0
10,경상남도,남해군,거북선전시관,202307,2205,38409.0
10,경상남도,남해군,거북선전시관,202308,2842,38409.0
10,경상남도,남해군,거북선전시관,202309,2543,38409.0
10,경상남도,남해군,거북선전시관,202310,3091,38409.0
10,경상남도,남해군,거북선전시관,202311,1652,38409.0
10,경상남도,남해군,거북선전시관,202312,1648,38409.0
11,경상남도,남해군,사우스케이프(골프장),202301,813,37332.0
11,경상남도,남해군,사우스케이프(골프장),202302,2658,37332.0
11,경상남도,남해군,사우스케이프(골프장),202303,2794,37332.0
11,경상남도,남해군,사우스케이프(골프장),202304,3838,37332.0
11,경상남도,남해군,사우스케이프(골프장),202305,4425,37332.0
11,경상남도,남해군,사우스케이프(골프장),202306,4106,37332.0
11,경상남도,남해군,사우스케이프(골프장),202307,2342,37332.0
11,경상남도,남해군,사우스케이프(골프장),202308,3033,37332.0
11,경상남도,남해군,사우스케이프(골프장),202309,3345,37332.0
11,경상남도,남해군,사우스케이프(골프장),202310,4437,37332.0
11,경상남도,남해군,사우스케이프(골프장),202311,3550,37332.0
11,경상남도,남해군,사우스케이프(골프장),202312,1991,37332.0
12,경상남도,남해군,힐링숲타운,202301,1722,29708.0
12,경상남도,남해군,힐링숲타운,202302,2048,29708.0
12,경상남도,남해군,힐링숲타운,202303,0,29708.0
12,경상남도,남해군,힐링숲타운,202304,3267,29708.0
12,경상남도,남해군,힐링숲타운,202305,4546,29708.0
12,경상남도,남해군,힐링숲타운,202306,3276,29708.0
12,경상남도,남해군,힐링숲타운,202307,2723,29708.0
12,경상남도,남해군,힐링숲타운,202308,3462,29708.0
12,경상남도,남해군,힐링숲타운,202309,2162,29708.0
12,경상남도,남해군,힐링숲타운,202310,2729,29708.0
12,경상남도,남해군,힐링숲타운,202311,1722,29708.0
12,경상남도,남해군,힐링숲타운,202312,2051,29708.0
13,경상남도,남해군,이순신영상관,202301,1077,20732.0
13,경상남도,남해군,이순신영상관,202302,906,20732.0
13,경상남도,남해군,이순신영상관,202303,1331,20732.0
13,경상남도,남해군,이순신영상관,202304,2235,20732.0
13,경상남도,남해군,이순신영상관,202305,1905,20732.0
13,경상남도,남해군,이순신영상관,202306,2023,20732.0
13,경상남도,남해군,이순신영상관,202307,1808,20732.0
13,경상남도,남해군,이순신영상관,202308,2267,20732.0
13,경상남도,남해군,이순신영상관,202309,1312,20732.0
13,경상남도,남해군,이순신영상관,202310,2262,20732.0
13,경상남도,남해군,이순신영상관,202311,1735,20732.0
13,경상남도,남해군,이순신영상관,202312,1871,20732.0
14,경상남도,남해군,조도,202301,1052,12761.0
14,경상남도,남해군,조도,202302,940,12761.0
14,경상남도,남해군,조도,202303,1168,12761.0
14,경상남도,남해군,조도,202304,978,12761.0
14,경상남도,남해군,조도,202305,1071,12761.0
14,경상남도,남해군,조도,202306,1196,12761.0
14,경상남도,남해군,조도,202307,972,12761.0
14,경상남도,남해군,조도,202308,1074,12761.0
14,경상남도,남해군,조도,202309,1054,12761.0
14,경상남도,남해군,조도,202310,1299,12761.0
14,경상남도,남해군,조도,202311,1043,12761.0
14,경상남도,남해군,조도,202312,914,12761.0
15,경상남도,남해군,토피아랜드 테마정원,202301,623,12725.0
15,경상남도,남해군,토피아랜드 테마정원,202302,1047,12725.0
15,경상남도,남해군,토피아랜드 테마정원,202303,1038,12725.0
15,경상남도,남해군,토피아랜드 테마정원,202304,1316,12725.0
15,경상남도,남해군,토피아랜드 테마정원,202305,1171,12725.0
15,경상남도,남해군,토피아랜드 테마정원,202306,981,12725.0
15,경상남도,남해군,토피아랜드 테마정원,202307,888,12725.0
15,경상남도,남해군,토피아랜드 테마정원,202308,868,12725.0
15,경상남도,남해군,토피아랜드 테마정원,202309,1031,12725.0
15,경상남도,남해군,토피아랜드 테마정원,202310,1804,12725.0
15,경상남도,남해군,토피아랜드 테마정원,202311,857,12725.0
15,경상남도,남해군,토피아랜드 테마정원,202312,1101,12725.0
16,경상남도,남해군,남해국제탈공연예술촌,202301,323,7390.0
16,경상남도,남해군,남해국제탈공연예술촌,202302,289,7390.0
16,경상남도,남해군,남해국제탈공연예술촌,202303,191,7390.0
16,경상남도,남해군,남해국제탈공연예술촌,202304,431,7390.0
16,경상남도,남해군,남해국제탈공연예술촌,202305,594,7390.0
16,경상남도,남해군,남해국제탈공연예술촌,202306,633,7390.0
16,경상남도,남해군,남해국제탈공연예술촌,202307,781,7390.0
16,경상남도,남해군,남해국제탈공연예술촌,202308,1289,7390.0
16,경상남도,남해군,남해국제탈공연예술촌,202309,842,7390.0
16,경상남도,남해군,남해국제탈공연예술촌,202310,465,7390.0
16,경상남도,남해군,남해국제탈공연예술촌,202311,923,7390.0
16,경상남도,남해군,남해국제탈공연예술촌,202312,629,7390.0
17,경상남도,남해군,노도,202301,362,6469.0
17,경상남도,남해군,노도,202302,438,6469.0
17,경상남도,남해군,노도,202303,516,6469.0
17,경상남도,남해군,노도,202304,596,6469.0
17,경상남도,남해군,노도,202305,449,6469.0
17,경상남도,남해군,노도,202306,480,6469.0
17,경상남도,남해군,노도,202307,560,6469.0
17,경상남도,남해군,노도,202308,595,6469.0
17,경상남도,남해군,노도,202309,697,6469.0
17,경상남도,남해군,노도,202310,792,6469.0
17,경상남도,남해군,노도,202311,521,6469.0
17,경상남도,남해군,노도,202312,463,6469.0
18,경상남도,남해군,남해군 요트학교,202301,0,1522.0
18,경상남도,남해군,남해군 요트학교,202302,4,1522.0
18,경상남도,남해군,남해군 요트학교,202303,0,1522.0
18,경상남도,남해군,남해군 요트학교,202304,0,1522.0
18,경상남도,남해군,남해군 요트학교,202305,479,1522.0
18,경상남도,남해군,남해군 요트학교,202306,443,1522.0
18,경상남도,남해군,남해군 요트학교,202307,345,1522.0
18,경상남도,남해군,남해군 요트학교,202308,62,1522.0
18,경상남도,남해군,남해군 요트학교,202309,134,1522.0
18,경상남도,남해군,남해군 요트학교,202310,55,1522.0
18,경상남도,남해군,남해군 요트학교,202311,0,1522.0
18,경상남도,남해군,남해군 요트학교,202312,0,1522.0
