﻿순위,관광지ID,업소명,분류
1,12b128b1aa889fe7792f7643820d7942,대동할매국수,한식
2,8001ff5b16db4bd0068a16e279aa2a73,포븐,카페/찻집
3,f4ab2877d5f32bffed3370489382a62f,밀양돼지국밥,한식
4,809e9d7f9eff1a56b1b3a8a0a31a0fbc,한우마을설창점,전문음식
5,23447956cdb17d0c1caa52a778de35c9,봄내,한식
6,3e4d8071a0f0a690078650f0e0aef47d,홍철책빵김해DT점,간이음식
7,68073d66a90a1fc6cb82a790019ce99b,배가네흥동수제비흥동점,한식
8,70112562dd15d7e0e32fc8e7b848752c,기와집순두부,한식
9,46aaf18b4ae43583d7a4380e2eed09c5,파우제앤숨,카페/찻집
10,3b2936b4df60e0404fae72386e07ddf8,맥도날드김해장유DT점,간이음식
11,cd08f90865e59f462e092d2209aae9d9,스타벅스김해대로DT점,카페/찻집
12,1870d0a56692aff5ffc59b1a4fa73f39,스타벅스김해진영DT점,카페/찻집
13,67d6f7f549405a134c2784137b9e1aac,폴인커피,카페/찻집
14,4756bbdf6c49eee7f9160b37d59ac2db,팥고방,카페/찻집
15,63abddc5be89435f33e84cd8f6c397e8,명륜진사갈비김해 내외점,한식
16,121330311f3c67e4500d09b87c658fea,쿠우쿠우김해장유점,전문음식
17,029f83ea443b306a7e03ccbe6aab1da0,맥도날드김해삼정DT점,간이음식
18,553191b1796213eceda7fdefda963551,솟대마을,전문음식
19,a0cc1cbfe673f3415f5253bd65eaff87,카페사계,카페/찻집
20,eff968e43d1ea37811219a4bd7ab767a,장유율하카페거리,음식점기타
21,12bbe509cb4cffa2aaa703cf91395eee,진땡이코다리찜,한식
22,3d5705b26474a6bc79939f7f7771ca76,다수식당,한식
23,84d4306aabeccf938b4ef074d8ce127a,언엔드,카페/찻집
24,6a7b996969181f190f7e7dcfbfb3e7af,샤브올데이김해주촌점,전문음식
25,bf028e52e4f62765487f6574235bb02c,올오버베이커리&커피,간이음식
26,20a6140cc4114ba6a0e5ad4f220658e2,김덕규베이커리내동점,간이음식
27,931036e2bda486648de954568b98cefd,스타벅스장유대청점,카페/찻집
28,194601fe415ea3bd4a47c1db18df92c8,흥보추어탕,한식
29,4dd9ef7741311db420a482e7a192d95a,곤지곤지장유점 [한식],한식
30,6ad0a8b2e2d938e456cc7f415213db55,명월,카페/찻집
31,4edea2e34c218ec8f2bfa514b463e12a,더부엌,한식
32,a205a7ab227c055617fcd082eadf0499,스타벅스김해주촌DT점,카페/찻집
33,42c90ef929316d71901e5221d274ce4e,대동할매국수,간이음식
34,7de296369b320f8e12e9136e05cae139,맥도날드김해외동DT점,간이음식
35,61ada3421bd0c8e25160c7c3d626d533,더파티김해점,전문음식
36,25ce9e5412cbb531f9afbc9c509e2082,젤미가야밀면,전문음식
37,4a24d68019f53db0b72865d4c73bba1f,착한낙지김해점,전문음식
37,d52fc3fb7581253e18c3c423454e7d40,샤브20김해봉황점,전문음식
39,3926299de96c71b3aabd2b9c660a3b06,맛찬들왕소금구이율하점,한식
40,8aee0d9d58838957ab4a4b787cf9a371,샤브올데이김해장유점,전문음식
41,03d1b3a4084f96ff9361a48643c79045,맥도날드김해삼계DT점,간이음식
42,cbe22ecc4a9ba1566e0bbe5314c55712,착한쭈꾸미,전문음식
43,a405cb9e49ba86b0724e10ab59692690,예가은,전문음식
44,bb719666651617c2fbc5999a7f6d4596,산정[한식],한식
45,7317a068bd6b40fc5f62e3205eb92b26,예향정진영점,한식
46,f4dfe92a212abc129e5200075c874e4e,스타벅스서김해IC DT점,카페/찻집
47,46c41fe739421babd0fb8a6804957a8b,갑오삼계탕본점,한식
48,bf5bcd9e86fb902f8830b468f2556557,엔제리너스김해봉황DI점,카페/찻집
49,7a1f403fa23a5e1c0ebe9c81930e7c98,외식명가오립스,한식
50,5b40b2ca029df88e8890a54b33bf3a2f,로담,한식
51,f73c98b4e3dd9502bdca7bc341868cb7,가야부처스,한식
52,a0cfb8351a9c9033db74634bfcb6804f,커피앤더코이,카페/찻집
53,e1d7d5a76ceb6729d22f125b7afb5138,알베로,카페/찻집
54,ad2b5bb6af0169afd114520cf8aeb25e,버드나무집,전문음식
55,1098625a309c5206e81d47c53797bcea,카사벨라,전문음식
56,e747eb14f5dc1220f76ff75da3b9cebc,스타벅스김해율하점,카페/찻집
57,2c55ac61a3ab740cc145022b3d7dc8b3,롯데리아김해내외DI점,간이음식
58,b150a1b06463c76b9c6227d3ef5fbb88,명륜진사갈비김해진영점,한식
59,083fe84b8e5a850531bb9d3d4d8831e5,서소문장유점,전문음식
60,e2026f51b4ebdc4aabcac67a58561437,더부엌김해점,한식
61,712a6f04ccb84ac7f1c34c6d552c42a0,코지하우스김해점,외국식
62,ca9d19f253f41569502664895692728b,향옥정,전문음식
63,4af034888caf6bb625c22f5f7938bd4e,예가추어탕장유점,한식
64,f06b813f81c39494b7898baa0d86adb6,풍천어탕,한식
65,b96fd1b90b4a23595db9365ab1c5bf7c,장유오리하우스,전문음식
66,58e1d1edcadb890b3f8519b7cd002069,아덴플러스가야점,카페/찻집
67,f1bd7fba2533f89b9b7476c22904e8a1,샤브20김해장유점,전문음식
68,f93d894e2a95f350087d3e1425447143,구산동돼지국밥,한식
69,6877b682e9fd93b6f5560eed6ecf2da8,은율당,카페/찻집
70,8f9f13f4480385ea0f416df1a04c692a,스타벅스김해구산DT점,카페/찻집
71,4a361116d4759db13ec26b93a28427f0,명태정가대청계곡점,한식
72,ea541f603c3719792f007d56a7ed48ce,신라가든,한식
73,8513e9bfc01ce9c536ef32e550801ade,수백당돼지국밥김해점,한식
74,336677e49a7299fe507e0e30fb5a65d1,돌담집,한식
75,0a9ba35c4b7039a002eb1b43b4fbf956,카페위드자연과함께,카페/찻집
76,cc8196507dedf2659b0ae2cca8f845a5,에디스키친,전문음식
77,ae3ac5d9c888719cc244ba16d8975f8e,국수가,한식
78,b7034992ab73b0dfabc79eb2e5fb176f,스타벅스김해가야로DT점,카페/찻집
79,45cf4c5271710ac270cc36808d01f725,크리스피크림도넛김해봉황점,간이음식
80,828acd681ae92f32981c1d6953b3d20b,수라상[한식],한식
81,818e8681edbd38ad48ef7bdc56512071,스타벅스장유율하점,카페/찻집
82,86e36a6955edfc81a9ef38663602e77d,신전떡볶이장유대청점,간이음식
83,0d4455c05022128875f894e3b5d99708,벨라비타,카페/찻집
84,84e1df3fd583113ef5e4aa02d956540f,피어어피어,카페/찻집
85,f1ed11a93d8eee8268ad0523e8232dd9,푸주옥,한식
86,1ef0e4d17d756cf9638ec8be7b7ddfb9,더도이종가집돼지국밥김해점,한식
87,89d3a568ddb3855ecd5809bd2e899eb0,어방동핏제리아,간이음식
88,42ed7ee8642cd70a79a0554690698725,못난이가마솥순두부,한식
89,9c847d2ed7fc05fa7264d1a28f50432a,라인25,카페/찻집
90,719b35fae69ec0415934307c34a1c82a,어방낙지,전문음식
91,2fa9c14aa706bb9868b348f3e13097f0,이가네가야밀면,한식
92,7a39356c9f88ee0ad1086d50b090a10a,버거킹김해진영FS점,간이음식
93,715612242710b8473dbab7294ebbd9b8,더세하,카페/찻집
94,2d35d9ed3f396c2c03cbc347c1c87be1,버거킹김해장유DT점,간이음식
95,20191a37a1b56bef50a21b2b7a6348f5,세인즈가든,전문음식
96,9721bf3587fc1b844d0531fa13c6c8d5,코지하우스진영점,전문음식
97,b0831b1a2ec319e96911043d2a1eb61b,스타벅스김해외동DT점,카페/찻집
98,de981fac75af8c1f5c3ddef8f2d1503f,천하장사,전문음식
99,b31f80b713661ecd06e8fe39f8316bed,백송삼계탕,한식
100,4a0765022c9ecbab4e0be66a86ebb5e2,초원가든,한식
