﻿순위,중심관광지ID,중심관광지명,중심시도명,중심시군구명,중심카테고리 명_중,연관관광지ID,연관관광지명,연관관광지시도명,연관관광지시군구명,구분
1,ae8da164ba9b3b5d7ffb4cd33b5af12a,롯데프리미엄아울렛/김해점,경상남도,김해시,쇼핑,a737021e330b207e10a3a7b4e475eb01,신세계백화점/김해점,경상남도,김해시,쇼핑
2,ae8da164ba9b3b5d7ffb4cd33b5af12a,롯데프리미엄아울렛/김해점,경상남도,김해시,쇼핑,8001ff5b16db4bd0068a16e279aa2a73,포븐,경상남도,김해시,음식
3,ae8da164ba9b3b5d7ffb4cd33b5af12a,롯데프리미엄아울렛/김해점,경상남도,김해시,쇼핑,c5a13ceb89b80cd872f8993854534b24,롯데백화점/창원점,경상남도,창원시 성산구,쇼핑
4,ae8da164ba9b3b5d7ffb4cd33b5af12a,롯데프리미엄아울렛/김해점,경상남도,김해시,쇼핑,23447956cdb17d0c1caa52a778de35c9,봄내,경상남도,김해시,음식
5,ae8da164ba9b3b5d7ffb4cd33b5af12a,롯데프리미엄아울렛/김해점,경상남도,김해시,쇼핑,c909521480364c962733d2e223a551ba,김해롯데워터파크/본관,경상남도,김해시,문화관광
6,ae8da164ba9b3b5d7ffb4cd33b5af12a,롯데프리미엄아울렛/김해점,경상남도,김해시,쇼핑,60c6134c76ff516321692dc80503b65d,롯데호텔앤리조트/김해,경상남도,김해시,숙박
7,ae8da164ba9b3b5d7ffb4cd33b5af12a,롯데프리미엄아울렛/김해점,경상남도,김해시,쇼핑,3e4d8071a0f0a690078650f0e0aef47d,홍철책빵/김해DT점,경상남도,김해시,음식
8,ae8da164ba9b3b5d7ffb4cd33b5af12a,롯데프리미엄아울렛/김해점,경상남도,김해시,쇼핑,a0cc1cbfe673f3415f5253bd65eaff87,카페사계,경상남도,김해시,음식
9,ae8da164ba9b3b5d7ffb4cd33b5af12a,롯데프리미엄아울렛/김해점,경상남도,김해시,쇼핑,8aee0d9d58838957ab4a4b787cf9a371,샤브올데이/김해장유점,경상남도,김해시,음식
10,ae8da164ba9b3b5d7ffb4cd33b5af12a,롯데프리미엄아울렛/김해점,경상남도,김해시,쇼핑,ce13b76fb1d0a17667648ca56b868eb9,수안마을수국정원축제,경상남도,김해시,문화관광
11,ae8da164ba9b3b5d7ffb4cd33b5af12a,롯데프리미엄아울렛/김해점,경상남도,김해시,쇼핑,d6969a78df3833550473eec818395741,장유대청계곡,경상남도,김해시,자연관광
12,ae8da164ba9b3b5d7ffb4cd33b5af12a,롯데프리미엄아울렛/김해점,경상남도,김해시,쇼핑,1da6ab039d7e6db23de9e98de29dd5e7,연지공원,경상남도,김해시,문화관광
13,ae8da164ba9b3b5d7ffb4cd33b5af12a,롯데프리미엄아울렛/김해점,경상남도,김해시,쇼핑,6ad0a8b2e2d938e456cc7f415213db55,명월,경상남도,김해시,음식
14,ae8da164ba9b3b5d7ffb4cd33b5af12a,롯데프리미엄아울렛/김해점,경상남도,김해시,쇼핑,9dc00774b1a62402471d3c0a0559f7e7,CGV/김해율하,경상남도,김해시,문화관광
15,ae8da164ba9b3b5d7ffb4cd33b5af12a,롯데프리미엄아울렛/김해점,경상남도,김해시,쇼핑,06c3486aee49bfde73bd6ddc0461fa4e,휘게,경상남도,김해시,음식
16,ae8da164ba9b3b5d7ffb4cd33b5af12a,롯데프리미엄아울렛/김해점,경상남도,김해시,쇼핑,4edea2e34c218ec8f2bfa514b463e12a,더부엌,경상남도,김해시,음식
17,ae8da164ba9b3b5d7ffb4cd33b5af12a,롯데프리미엄아울렛/김해점,경상남도,김해시,쇼핑,25ce9e5412cbb531f9afbc9c509e2082,젤미가야밀면,경상남도,김해시,음식
18,ae8da164ba9b3b5d7ffb4cd33b5af12a,롯데프리미엄아울렛/김해점,경상남도,김해시,쇼핑,68073d66a90a1fc6cb82a790019ce99b,배가네흥동수제비/흥동점,경상남도,김해시,음식
19,ae8da164ba9b3b5d7ffb4cd33b5af12a,롯데프리미엄아울렛/김해점,경상남도,김해시,쇼핑,183bc091657c0180023dc28db938977a,CGV/김해장유,경상남도,김해시,문화관광
20,ae8da164ba9b3b5d7ffb4cd33b5af12a,롯데프리미엄아울렛/김해점,경상남도,김해시,쇼핑,d33d838cbf3416a68ba8a405f16cdb25,장유스파랜드,경상남도,김해시,체험관광
21,ae8da164ba9b3b5d7ffb4cd33b5af12a,롯데프리미엄아울렛/김해점,경상남도,김해시,쇼핑,bf028e52e4f62765487f6574235bb02c,올오버베이커리&커피,경상남도,김해시,음식
22,ae8da164ba9b3b5d7ffb4cd33b5af12a,롯데프리미엄아울렛/김해점,경상남도,김해시,쇼핑,4dd9ef7741311db420a482e7a192d95a,곤지곤지/장유점 [한식],경상남도,김해시,음식
23,ae8da164ba9b3b5d7ffb4cd33b5af12a,롯데프리미엄아울렛/김해점,경상남도,김해시,쇼핑,88b1fd7fe33a0ec997575b13367e7afb,김해가야테마파크,경상남도,김해시,문화관광
24,ae8da164ba9b3b5d7ffb4cd33b5af12a,롯데프리미엄아울렛/김해점,경상남도,김해시,쇼핑,121330311f3c67e4500d09b87c658fea,쿠우쿠우/김해장유점,경상남도,김해시,음식
25,ae8da164ba9b3b5d7ffb4cd33b5af12a,롯데프리미엄아울렛/김해점,경상남도,김해시,쇼핑,4756bbdf6c49eee7f9160b37d59ac2db,팥고방,경상남도,김해시,음식
26,ae8da164ba9b3b5d7ffb4cd33b5af12a,롯데프리미엄아울렛/김해점,경상남도,김해시,쇼핑,5946a42ff5ed4ee947dec0211847ce16,김해꽃축제,경상남도,김해시,문화관광
27,ae8da164ba9b3b5d7ffb4cd33b5af12a,롯데프리미엄아울렛/김해점,경상남도,김해시,쇼핑,02e15fc4c5cfbd5e1ad1f763daa06c8f,수제비칼국수,경상남도,김해시,음식
28,ae8da164ba9b3b5d7ffb4cd33b5af12a,롯데프리미엄아울렛/김해점,경상남도,김해시,쇼핑,83c10536c16f815988d5c16a31d10303,대동생태체육공원,경상남도,김해시,문화관광
29,ae8da164ba9b3b5d7ffb4cd33b5af12a,롯데프리미엄아울렛/김해점,경상남도,김해시,쇼핑,eff968e43d1ea37811219a4bd7ab767a,장유율하카페거리,경상남도,김해시,음식
30,ae8da164ba9b3b5d7ffb4cd33b5af12a,롯데프리미엄아울렛/김해점,경상남도,김해시,쇼핑,84d4306aabeccf938b4ef074d8ce127a,언엔드,경상남도,김해시,음식
31,ae8da164ba9b3b5d7ffb4cd33b5af12a,롯데프리미엄아울렛/김해점,경상남도,김해시,쇼핑,3b7ad92826f8515e330172642bfa72a1,국립김해박물관,경상남도,김해시,문화관광
32,ae8da164ba9b3b5d7ffb4cd33b5af12a,롯데프리미엄아울렛/김해점,경상남도,김해시,쇼핑,e21d2b281d64cac6e004075024830417,롯데영플라자/창원점,경상남도,창원시 성산구,쇼핑
33,ae8da164ba9b3b5d7ffb4cd33b5af12a,롯데프리미엄아울렛/김해점,경상남도,김해시,쇼핑,2a6565e6a7029b3b8fab62f9eba19c28,용당나루매화공원,경상남도,김해시,문화관광
34,ae8da164ba9b3b5d7ffb4cd33b5af12a,롯데프리미엄아울렛/김해점,경상남도,김해시,쇼핑,9f6edc304ef198a3379151f18b5fe35e,조만강생태체육공원,경상남도,김해시,문화관광
35,ae8da164ba9b3b5d7ffb4cd33b5af12a,롯데프리미엄아울렛/김해점,경상남도,김해시,쇼핑,a0cfb8351a9c9033db74634bfcb6804f,커피앤더코이,경상남도,김해시,음식
36,ae8da164ba9b3b5d7ffb4cd33b5af12a,롯데프리미엄아울렛/김해점,경상남도,김해시,쇼핑,44fc77c9ca814584b35aabcc63cd6f67,뉴코아아울렛/창원점,경상남도,창원시 의창구,쇼핑
37,ae8da164ba9b3b5d7ffb4cd33b5af12a,롯데프리미엄아울렛/김해점,경상남도,김해시,쇼핑,3dc0d2030da1f2043f7ce1d7bba163b9,김수로왕릉,경상남도,김해시,역사관광
38,ae8da164ba9b3b5d7ffb4cd33b5af12a,롯데프리미엄아울렛/김해점,경상남도,김해시,쇼핑,f2a77e5d31c9e6954467845848b1acef,김해분청도자기축제,경상남도,김해시,문화관광
39,ae8da164ba9b3b5d7ffb4cd33b5af12a,롯데프리미엄아울렛/김해점,경상남도,김해시,쇼핑,595dffc9e4638100b1811e737032242e,장유사,경상남도,김해시,역사관광
40,ae8da164ba9b3b5d7ffb4cd33b5af12a,롯데프리미엄아울렛/김해점,경상남도,김해시,쇼핑,207f622c6a484908ce85356c9fd886b8,가야문화축제,경상남도,김해시,문화관광
41,ae8da164ba9b3b5d7ffb4cd33b5af12a,롯데프리미엄아울렛/김해점,경상남도,김해시,쇼핑,e747eb14f5dc1220f76ff75da3b9cebc,스타벅스/김해율하점,경상남도,김해시,음식
42,ae8da164ba9b3b5d7ffb4cd33b5af12a,롯데프리미엄아울렛/김해점,경상남도,김해시,쇼핑,ae3ac5d9c888719cc244ba16d8975f8e,국수가,경상남도,김해시,음식
43,ae8da164ba9b3b5d7ffb4cd33b5af12a,롯데프리미엄아울렛/김해점,경상남도,김해시,쇼핑,8b49553e7b37eefb2ace27838cbac4ab,성흥사계곡,경상남도,창원시 진해구,자연관광
44,ae8da164ba9b3b5d7ffb4cd33b5af12a,롯데프리미엄아울렛/김해점,경상남도,김해시,쇼핑,931036e2bda486648de954568b98cefd,스타벅스/장유대청점,경상남도,김해시,음식
45,ae8da164ba9b3b5d7ffb4cd33b5af12a,롯데프리미엄아울렛/김해점,경상남도,김해시,쇼핑,358a240bc667dbb7b692c2bded292c53,모하,경상남도,김해시,음식
46,ae8da164ba9b3b5d7ffb4cd33b5af12a,롯데프리미엄아울렛/김해점,경상남도,김해시,쇼핑,46c41fe739421babd0fb8a6804957a8b,갑오삼계탕/본점,경상남도,김해시,음식
47,ae8da164ba9b3b5d7ffb4cd33b5af12a,롯데프리미엄아울렛/김해점,경상남도,김해시,쇼핑,3b2936b4df60e0404fae72386e07ddf8,맥도날드/김해장유DT점,경상남도,김해시,음식
48,ae8da164ba9b3b5d7ffb4cd33b5af12a,롯데프리미엄아울렛/김해점,경상남도,김해시,쇼핑,6def1a8aca5b86a51388a93705cb7d4e,아이스퀘어호텔,경상남도,김해시,숙박
49,ae8da164ba9b3b5d7ffb4cd33b5af12a,롯데프리미엄아울렛/김해점,경상남도,김해시,쇼핑,4a24d68019f53db0b72865d4c73bba1f,착한낙지/김해점,경상남도,김해시,음식
50,ae8da164ba9b3b5d7ffb4cd33b5af12a,롯데프리미엄아울렛/김해점,경상남도,김해시,쇼핑,4b97de82b40b762cd0e4b2b94eb0b891,히어로플레이파크/김해점,경상남도,김해시,문화관광
