﻿순위,관광지ID,관광지명,분류
1,ae8da164ba9b3b5d7ffb4cd33b5af12a,롯데프리미엄아울렛김해점,쇼핑몰
2,a737021e330b207e10a3a7b4e475eb01,신세계백화점김해점,백화점
3,c909521480364c962733d2e223a551ba,김해롯데워터파크본관,테마공원
4,8da434102aee85aba01a827b3b2773b7,렛츠런파크부산경남,육상레저스포츠
5,e2ce921ce3e654624e79ed7b879fed8b,가야CC,육상레저스포츠
6,66c97cfde646695fd2a3c8b128c4c219,포웰CC김해,육상레저스포츠
7,1da6ab039d7e6db23de9e98de29dd5e7,연지공원,도시공원
8,3745f4bb85549d14e39711cf83a2c4de,정산CC,육상레저스포츠
9,88b1fd7fe33a0ec997575b13367e7afb,김해가야테마파크,테마공원
10,cafff4d1022bf3fd2c40969ce1aea38b,가야랜드,테마공원
11,5509b2beba10e2cbabdbf97b9b578bd2,김해상록GC,육상레저스포츠
12,6def1a8aca5b86a51388a93705cb7d4e,아이스퀘어호텔,호텔
13,bacf4384d340f209c1bf292b65710986,진영역,교통시설
14,116562bb830bd75dcc64d9101d2ac4c3,노무현대통령생가,역사유적지
15,d6969a78df3833550473eec818395741,장유대청계곡,자연경관(산)
16,3b7ad92826f8515e330172642bfa72a1,국립김해박물관,전시시설
17,4ede48d6a702fdcb2f5f7fb7c20463f5,김해여객터미널,교통시설
18,b46a8c1e9f659c7176ab10438fbfdf31,김해문화의전당,공연시설
19,27f71b7298a85f9d42814bfb198599d6,메가마트김해점,대형마트
20,78453844a3586e90e32255a806ff4871,봉황대공원,도시공원
21,3dc0d2030da1f2043f7ce1d7bba163b9,김수로왕릉,역사유적지
22,9333bc6e78c9830431448dd46006677d,김해주촌축산물시장,시장
23,c7ed69efb186f966270b32b5143a7127,김해낙동강레일파크,기타관광
24,d33d838cbf3416a68ba8a405f16cdb25,장유스파랜드,웰니스관광
25,83c10536c16f815988d5c16a31d10303,대동생태체육공원,도시공원
26,f0f2788b41142b808a6181acd91e7834,롯데시네마김해아울렛,공연시설
27,60c6134c76ff516321692dc80503b65d,롯데호텔앤리조트김해,콘도미니엄
28,51d03349f8937d28a1e1599b4f7d5892,김해천문대,기타관광
29,e0ffc27d7962e30146b851166f016f49,김해동상시장,시장
30,614cd68ffa25b05ca29eb92b435f2f63,가야퍼블릭CC,육상레저스포츠
31,3677439ebed2fe7bedb96edd838927f2,은하사,종교성지
32,6bbb1d8affb797af30323df31e831581,클레이아크미술관,전시시설
33,9dc00774b1a62402471d3c0a0559f7e7,CGV김해율하,공연시설
34,83739d5ead16e84a453fd9f8d4cdc198,CGV김해,공연시설
35,183bc091657c0180023dc28db938977a,CGV김해장유,공연시설
36,007e6560ee3c3a98000cdb25d6edd0db,김해농수산물종합유통센터,시장
37,b43f8029866d7ab57e4d950c14ea5e2c,와인동굴,기타관광
38,595dffc9e4638100b1811e737032242e,장유사,종교성지
39,d025d6064705a3bd54f8d932abc4617b,김해봉리단길,테마공원
40,c85a1853be9885a89aaa8eda7c34a0c7,호텔파인그로브,호텔
41,a807b7a6f628b793b3478e7326ac3b11,상동야구장,레저스포츠시설
42,e4e82cffd4e12424af8b00dcb8d3d3c1,진영역철도박물관,전시시설
43,f2ed314f57dd6af704d57814cd635a0e,호텔101,모텔
44,7379b9c88fa5f706de2a357892b2b9fa,진례역,교통시설
45,cbd66663c15dfe364c0a9628cd458c86,대성동고분박물관,전시시설
46,197b681b1e2da30fc0103e91383ebbab,국립김해박물관어린이박물관,전시시설
47,7e3631ba97f7d44bcb37a1aa99756adc,수리공원,도시공원
48,6a7d8cd8bbcb62dde82eaca5cb3fc95c,잠101호텔,호텔
49,d8c6c466558aeefd31d9a3efd8aa3ec0,한림술뫼파크골프장,육상레저스포츠
50,4b97de82b40b762cd0e4b2b94eb0b891,히어로플레이파크김해점,테마공원
51,58686ac7d042486bba62c0566e8f13c6,한림정역,교통시설
52,575dd8763e90dbe1df3cfdf01bb5af3b,수로왕비릉,역사유적지
53,92d19083c7bf22267df99722bc177490,외동시장,시장
54,5d48960d80a877213925c023137a4936,브라운도트호텔워터파크점,호텔
55,e91e0bcd587fb353f2742a57d951beea,국립용지봉자연휴양림,자연공원
56,6f158fbfd8b0876f3c554d6c3185e553,오렌지빵빵플레이파크,테마공원
57,5b344d991e5496366b3dd18b1fcb9dbf,롯데시네마김해부원,공연시설
58,ce13b76fb1d0a17667648ca56b868eb9,수안마을수국정원축제,기타문화관광지
59,833e08f3234b9d222e7d7140606b6232,장유넘버25호텔,모텔
60,59762007ce2c83decedecae73ac5bf57,화포천습지생태공원,도시공원
61,c1169a05966288849a70db8a0b41e7c6,김해생림오토캠핑장,캠핑
62,69e070c93356838703e8fd38795b4eef,AM호텔,모텔
63,69573a4f8b0a7beb8d181c61e2278b7c,삼계야구장,레저스포츠시설
64,a49b4ed60956e3dd0fed636211138ee0,스테이인호텔,호텔
65,88d9e43e6da7f879d1ed6540e3def7dd,그레이195호텔,모텔
66,38aea9df4dfd2df2fa3bafba219b1388,천문대오토캠핑장,캠핑
67,cf3a53b54c76e80147383bddf5e58db8,김해민속박물관,전시시설
68,c4b3a0551135b7a2590335137c81983a,무척산,자연경관(산)
69,2a6565e6a7029b3b8fab62f9eba19c28,용당나루매화공원,도시공원
70,5d9b4b09558d593d3225da8f8f2b9a24,장유체육공원,도시공원
71,497f3f8c0ba8f37df76193a90c365bd5,장척계곡,자연경관(산)
72,c017c5e764e58fb307004ad23d3d7817,진영시외버스터미널,교통시설
73,9b918b5eb9e3300215b7b4d6fb032928,수릉원,도시공원
74,6daf9bf4d6bf52ea1c598a70dbe33623,대동야구장,레저스포츠시설
75,db589dd76c03c9b1094a96b889cdb0e6,브라운도트호텔김해삼계점,호텔
76,67b9936b5f38928673f0ba3de8aac60e,투하트호텔,모텔
77,0a128c4ca893b00d071d24105f7d12c9,장유전통시장,시장
78,4ecb381ae0fa36034394444878df5677,노마드호텔,호텔
79,1e57a0335809395c782e7f7225ffd915,가야랜드달빛야영장,캠핑
80,24d80a5e9acbcc7acb2b225bf02ceaea,신어산자연숲캠핑장,캠핑
81,92e334e8f738dc6726a90c2ffc007c56,삼방시장,시장
82,4dfcc8ecaa1e8dcd379e40d6690cf4c2,거북공원,도시공원
83,498c6eba96cb484e46319ec8263e755e,김해목재문화박물관,전시시설
84,42e31ad83941c09133512ebbf474b7ef,브라운도트호텔어방점,호텔
85,2b985cfea8bda8d8292eed884cb556db,호텔런더너,호텔
86,ca5ce72ee6479a89a2ad11e5d143f7a5,김해한글박물관,전시시설
87,34e7391efaeef1e45d71f5cc75ffaa4a,불조사,종교성지
88,fb8a49c8c64eea6310b281c3e133a91d,덴바스타테마키즈호텔,호텔
89,7b527017404d623bd5f51bee5dfcd259,호텔아모르,모텔
90,b13e08a5e44207b5c4d4bfad2d405c78,MU호텔,모텔
91,f06f96b0d0d627a87364dd32daf370b9,퍼펙트호텔,호텔
92,f99a3e42a969b9e68872e8bbcad8c4d2,아리아호텔,모텔
93,b7b8aa6d19096df21ac4f101320ee795,바이브호텔김해장유점,모텔
94,38e03fc17ff176fa2c700e44e7a8bd2d,공주공원,도시공원
95,c42c80bc6852f7d06fa0d01388248d83,브라운도트호텔김해시청점,호텔
96,fd604f4c553a3c50a59057a135e13373,장유역공사중(2025년 개통예정),교통시설
97,41ec2a724c6bd597de54967f40b8431e,더반호텔김해점,호텔
98,a99ed36b03c30aec31cafb3d0e8c27a8,더테라스호텔,모텔
99,09b7069a417e6e23e3471524cb43960f,그라시아스호텔,호텔
100,6827aa1f59e5184abf69802e87f05ec3,분성산생태숲생태체험관,기타관광
