﻿시군구명,시도명,관광지명,구분,방문자수
김해시,경상남도,김해가야테마파크,휴양관광지,7388
김해시,경상남도,부경축산물주촌도매시장,쇼핑,3319
김해시,경상남도,연지공원,휴양관광지,2630
김해시,경상남도,한림술뫼파크골프장,육상 레포츠,2483
김해시,경상남도,김해 롯데워터파크,휴양관광지,2358
김해시,경상남도,김해생림오토캠핑장,육상 레포츠,1914
김해시,경상남도,김해가야테마파크눈썰매장,육상 레포츠,1850
김해시,경상남도,가야랜드,휴양관광지,1780
김해시,경상남도,수안마을,체험관광지,1729
김해시,경상남도,진영 봉하마을과 노무현 대통령 생가,역사관광지,1614
김해시,경상남도,김해 분산성,역사관광지,1593
김해시,경상남도,낙동강 레일파크,휴양관광지,1490
김해시,경상남도,김해수로왕릉,역사관광지,1446
김해시,경상남도,장유스파랜드,휴양관광지,1445
김해시,경상남도,[백년가게]대동할매국수,음식점,1388
김해시,경상남도,대동생태체육공원,휴양관광지,1179
김해시,경상남도,김해 와인동굴,체험관광지,1149
김해시,경상남도,장유전통시장(장유재래시장),쇼핑,1122
김해시,경상남도,김해 구지봉,역사관광지,1023
김해시,경상남도,가야컨트리클럽,육상 레포츠,1015
김해시,경상남도,진영전통시장,쇼핑,870
김해시,경상남도,공무원연금공단 김해상록골프클럽 / 김해상록cc,육상 레포츠,858
김해시,경상남도,초원랜드,음식점,852
김해시,경상남도,무척산,자연관광지,838
김해시,경상남도,장유대청계곡,자연관광지,814
김해시,경상남도,신어산자연숲캠핑장,육상 레포츠,784
김해시,경상남도,김해 봉황동 유적,역사관광지,759
김해시,경상남도,대청계곡대나무숲,자연관광지,752
김해시,경상남도,김해천문대,자연관광지,741
김해시,경상남도,모은암,역사관광지,732
김해시,경상남도,로담,음식점,728
김해시,경상남도,김해 분청도자박물관,문화시설,694
김해시,경상남도,진례저수지(진례 평지못 저수지),자연관광지,689
김해시,경상남도,카사벨라,음식점,682
김해시,경상남도,흥부암(김해),역사관광지,631
김해시,경상남도,진영역철도박물관,문화시설,626
김해시,경상남도,클레이아크 김해미술관,문화시설,624
김해시,경상남도,포븐,음식점,536
김해시,경상남도,관음정사(김해),역사관광지,535
김해시,경상남도,가야랜드달빛야영장,육상 레포츠,526
김해시,경상남도,우곡저수지,자연관광지,503
김해시,경상남도,덴바스타 테마 키즈호텔,숙박시설,499
김해시,경상남도,빈인더바스켓,음식점,496
김해시,경상남도,용전숲(용전마을 당산숲),자연관광지,486
김해시,경상남도,은하사(김해),역사관광지,471
김해시,경상남도,장유율하카페거리,체험관광지,471
김해시,경상남도,김해문화원,문화시설,458
김해시,경상남도,김해가야딸기테마파크,체험관광지,457
김해시,경상남도,토더기 팝업스토어,쇼핑,454
김해시,경상남도,파사석탑,건축/조형물,449
김해시,경상남도,봄내,음식점,441
김해시,경상남도,가야의 거리,체험관광지,429
김해시,경상남도,장척계곡,자연관광지,413
김해시,경상남도,WIYP 종이상점,음식점,397
김해시,경상남도,김해농수산물종합유통센터,쇼핑,393
김해시,경상남도,못난이가마솥순두부,음식점,392
김해시,경상남도,해은사(김해),역사관광지,391
김해시,경상남도,장유사(김해),역사관광지,375
김해시,경상남도,진영인 테마거리,체험관광지,363
김해시,경상남도,낙동강철교전망대,건축/조형물,353
김해시,경상남도,김해 대성동 고분군,역사관광지,349
김해시,경상남도,예닮,체험관광지,342
김해시,경상남도,해웅해물아구찜 진영본점,음식점,333
김해시,경상남도,수릉원,휴양관광지,321
김해시,경상남도,대성동고분박물관,문화시설,320
김해시,경상남도,김해 수로왕비릉,역사관광지,318
김해시,경상남도,봉하마을,체험관광지,312
김해시,경상남도,김해목재문화박물관,문화시설,308
김해시,경상남도,분성산생태숲생태체험관,체험관광지,300
김해시,경상남도,월봉서원,역사관광지,299
김해시,경상남도,천하장사가든,음식점,295
김해시,경상남도,국립김해박물관,문화시설,285
김해시,경상남도,모산공원,휴양관광지,285
김해시,경상남도,아제돼지국밥 김해율하본점,음식점,283
김해시,경상남도,솟대마을 숯불 장어구이,음식점,282
김해시,경상남도,김해민속박물관,문화시설,269
김해시,경상남도,봉황대공원,휴양관광지,265
김해시,경상남도,롯데프리미엄아울렛 김해점,쇼핑,263
김해시,경상남도,김해생태체험학교 참빛,체험관광지,257
김해시,경상남도,명태정가 대청계곡점,음식점,247
김해시,경상남도,클라우드 베리체험농장,산업관광지,246
김해시,경상남도,밀양돼지국밥,음식점,243
김해시,경상남도,신어산,자연관광지,242
김해시,경상남도,초선대 마애여래좌상,역사관광지,242
김해시,경상남도,룰루낭만협동조합,체험관광지,239
김해시,경상남도,대동승마랜드,육상 레포츠,236
김해시,경상남도,파우제앤숨,음식점,234
김해시,경상남도,달무리수변공원,휴양관광지,232
김해시,경상남도,구천서원(김해),역사관광지,227
김해시,경상남도,금병공원,휴양관광지,223
김해시,경상남도,(주)외식명가 오립스,음식점,222
김해시,경상남도,장유 누리길,육상 레포츠,221
김해시,경상남도,배가네흥동수제비,음식점,219
김해시,경상남도,수백당돼지국밥김해점,음식점,216
김해시,경상남도,이가네 가야밀면,음식점,215
김해시,경상남도,이랑수산생국수,음식점,210
김해시,경상남도,동림사(김해),역사관광지,203
김해시,경상남도,송담서원(김해),역사관광지,202
김해시,경상남도,비케이승마장,육상 레포츠,198
김해시,경상남도,김해 양동리 고분군,역사관광지,196
