﻿순위,관광지ID,업소명,분류
1,3b2936b4df60e0404fae72386e07ddf8,맥도날드김해장유DT점,간이음식
2,3e4d8071a0f0a690078650f0e0aef47d,홍철책빵김해DT점,간이음식
3,029f83ea443b306a7e03ccbe6aab1da0,맥도날드김해삼정DT점,간이음식
4,121330311f3c67e4500d09b87c658fea,쿠우쿠우김해장유점,전문음식
5,68073d66a90a1fc6cb82a790019ce99b,배가네흥동수제비흥동점,한식
6,e747eb14f5dc1220f76ff75da3b9cebc,스타벅스김해율하점,카페/찻집
7,12b128b1aa889fe7792f7643820d7942,대동할매국수,한식
8,bf028e52e4f62765487f6574235bb02c,올오버베이커리&커피,간이음식
9,7de296369b320f8e12e9136e05cae139,맥도날드김해외동DT점,간이음식
10,eff968e43d1ea37811219a4bd7ab767a,장유율하카페거리,음식점기타
11,20a6140cc4114ba6a0e5ad4f220658e2,김덕규과자점내동점,간이음식
12,1870d0a56692aff5ffc59b1a4fa73f39,스타벅스김해진영DT점,카페/찻집
13,f4ab2877d5f32bffed3370489382a62f,밀양돼지국밥,한식
14,cd08f90865e59f462e092d2209aae9d9,스타벅스김해대로DT점,카페/찻집
15,712a6f04ccb84ac7f1c34c6d552c42a0,코지하우스김해점,외국식
16,2d35d9ed3f396c2c03cbc347c1c87be1,버거킹김해장유DT점,간이음식
17,a205a7ab227c055617fcd082eadf0499,스타벅스김해주촌DT점,카페/찻집
18,2c55ac61a3ab740cc145022b3d7dc8b3,롯데리아김해내외DI점,간이음식
19,744392c3b910fb58a8f08b8ff83c112e,빈인더바스켓,카페/찻집
20,03d1b3a4084f96ff9361a48643c79045,맥도날드김해삼계DT점,간이음식
21,23447956cdb17d0c1caa52a778de35c9,봄내,한식
22,4edea2e34c218ec8f2bfa514b463e12a,더부엌,한식
23,89d3a568ddb3855ecd5809bd2e899eb0,어방동핏제리아,간이음식
24,21aab890f094415a2604012dda74f37b,라포레이팝,카페/찻집
25,7a1f403fa23a5e1c0ebe9c81930e7c98,외식명가오립스,전문음식
26,b0831b1a2ec319e96911043d2a1eb61b,스타벅스김해외동DT점,카페/찻집
27,46aaf18b4ae43583d7a4380e2eed09c5,파우제앤숨,카페/찻집
28,c9895566abe4298e5f7b3d2fd7880c8c,초원랜드,전문음식
29,b78ec933b2cf6dd45038cc86611eea49,롯데리아김해북부점,간이음식
30,8f9f13f4480385ea0f416df1a04c692a,스타벅스김해구산DT점,카페/찻집
31,5b40b2ca029df88e8890a54b33bf3a2f,로담,한식
32,1ef0e4d17d756cf9638ec8be7b7ddfb9,더도이종가집돼지국밥김해점,한식
33,b7034992ab73b0dfabc79eb2e5fb176f,스타벅스김해가야로DT점,카페/찻집
34,9c847d2ed7fc05fa7264d1a28f50432a,라인25,카페/찻집
35,3a36167eb8fd3c7837c92027e1773e3a,투썸플레이스김해주촌선천지구점,카페/찻집
36,5dd065992e4e555ae12e22d19cf3ad43,영진돼지국밥장유점,한식
37,74e3c34074f4a0d2dd2bf03aa226d0b1,일공공샤브김해주촌점,전문음식
37,bf5bcd9e86fb902f8830b468f2556557,엔제리너스김해봉황DI점,카페/찻집
39,35c5fc55dacce36886add8c3341321bd,스타벅스김해율하신도시점,카페/찻집
40,1200a174e16ee8167c223512f3fdf571,버거킹동김해DT점,간이음식
41,bd04f857c1e8b3a595ba0dc3a97bb1ac,에븐,카페/찻집
42,4a24d68019f53db0b72865d4c73bba1f,착한낙지김해점,전문음식
43,46c41fe739421babd0fb8a6804957a8b,갑오삼계탕본점,한식
44,8513e9bfc01ce9c536ef32e550801ade,수백당돼지국밥김해점,한식
45,715612242710b8473dbab7294ebbd9b8,더세하,카페/찻집
46,553191b1796213eceda7fdefda963551,솟대마을,전문음식
47,1098625a309c5206e81d47c53797bcea,카사벨라,전문음식
48,8244dd28965a04d222b7f91e36a03643,투썸플레이스김해대로점,카페/찻집
49,3d438a9285323695bd5a3c18b032014c,올오버키친,외국식
50,b51c14a80559d69475824d440c5564f2,한림칼국수,한식
51,2a95c1972b78a96955db13a08cc7bd84,스타벅스김해금관대로DT점,카페/찻집
52,d42d58e4c32454fa65a0d59da0216dd1,딥밀,카페/찻집
53,e88fc02ef37b4bd3391a724f92266426,김씨화덕,전문음식
54,818e8681edbd38ad48ef7bdc56512071,스타벅스장유율하점,카페/찻집
54,a0c4ddbe36aad6a9bc51d7d0f892c33c,서부커피로스터스봉황점,카페/찻집
56,ae3ac5d9c888719cc244ba16d8975f8e,국수가,한식
57,25ce9e5412cbb531f9afbc9c509e2082,가야밀면젤미,전문음식
58,bb719666651617c2fbc5999a7f6d4596,산정[한식],한식
59,6028741e46492dee66a04553611ac85d,스테이어스,간이음식
60,20191a37a1b56bef50a21b2b7a6348f5,세인즈가든,전문음식
61,14f0975d2bf5176404e0391f75232970,가얏골감자탕본점,한식
62,337899cfc17dd39c7ce0dc461483f061,연지가든,전문음식
63,6acf897d07ab8829f80047de7114a69e,디저트39김해대청계곡점,카페/찻집
64,8340d3ea1256b5c5117d7000cb9e9ae1,보름달[일식],외국식
65,4756bbdf6c49eee7f9160b37d59ac2db,팥고방,카페/찻집
66,de981fac75af8c1f5c3ddef8f2d1503f,천하장사,전문음식
67,42ed7ee8642cd70a79a0554690698725,못난이가마솥순두부,한식
68,fc408e6bdf09491e7a71937125ef8e8d,정은이네,간이음식
69,45cf4c5271710ac270cc36808d01f725,크리스피크림도넛김해봉황점,간이음식
70,d52fc3fb7581253e18c3c423454e7d40,샤브20김해봉황점,전문음식
71,59e381e133f0adbe24759f35326069c4,비오동,전문음식
72,79a34f645226d58bf72c7dfc240104b9,플로라620,카페/찻집
73,f93d894e2a95f350087d3e1425447143,구산동돼지국밥,한식
74,cbe22ecc4a9ba1566e0bbe5314c55712,착한쭈꾸미,전문음식
75,4dd9ef7741311db420a482e7a192d95a,곤지곤지장유점 [한식],한식
76,36aa859b476584a010a901145cfbc222,리스모어,카페/찻집
77,601278f9f716b581515181d60f2cd837,백프로갈비,한식
78,3ddfc64ba7b2270348117b2d3b310cb1,아제돼지국밥김해율하점,한식
79,3d52c8a5d439c2bb5ae5d75c33f2a30e,스타벅스김해삼계점,카페/찻집
80,ed65716f18252dcd831ad0a88a34f252,무봉리토종순대국장유점,한식
81,01ed4436dda246fc5324e419b216ee95,효돈까스김해직영점,전문음식
82,9017a129b377214603b403ab00195b3e,두총각닭갈비율하점,전문음식
83,dc71947dbb0d234a852d72f3b4166e47,무남정[한식],한식
84,828acd681ae92f32981c1d6953b3d20b,수라상[한식],한식
85,3154a9d06816f2c6316640f3c2625324,하이브레드,간이음식
86,30f3640978f18968b391551041f4646a,명장시대김해점,간이음식
87,d331a9535f2ad2abe21d40f4b52e5073,이가육율하점,한식
88,76150424d85f7dc86d430c12b3298008,김해맛집장인갈비,한식
89,7405f38d8c918f06a0fa1b8c9876dec4,금동가,전문음식
89,95a3fd777d5de23a9bcd73a4c1787e98,해이담커피,카페/찻집
91,162b89b9f6019894cacb8281cb2faee7,갈매기대도,한식
92,e44b66f6ce97bc83779d3a3e1c82675f,바모스,외국식
93,9421745fd281a7d7739fae88cc73055b,정성별미국수,한식
94,e1d7d5a76ceb6729d22f125b7afb5138,알베로,카페/찻집
95,e1d2dbbb24e2048a033c075632285acd,던킨김해율하점,간이음식
95,6110fce26f5013557347ace786cd8eb0,오가네본점,전문음식
95,42a2179ef79a73985296cd0ace43028e,멍프리,카페/찻집
98,61ada3421bd0c8e25160c7c3d626d533,더파티김해점,전문음식
99,030f30adb6a906ddd96b6261a4b15781,연기나는집,한식
100,b87517e5e5e767b93a0d738f9c472033,목구멍김해점,한식
