﻿순위,관광지ID,관광지명,분류
1,ae8da164ba9b3b5d7ffb4cd33b5af12a,롯데프리미엄아울렛김해점,쇼핑몰
2,a737021e330b207e10a3a7b4e475eb01,신세계백화점김해점,백화점
3,c909521480364c962733d2e223a551ba,김해롯데워터파크본관,테마공원
4,e2ce921ce3e654624e79ed7b879fed8b,가야CC,육상레저스포츠
5,1da6ab039d7e6db23de9e98de29dd5e7,연지공원,도시공원
6,66c97cfde646695fd2a3c8b128c4c219,포웰CC,육상레저스포츠
7,3745f4bb85549d14e39711cf83a2c4de,정산CC,육상레저스포츠
8,6def1a8aca5b86a51388a93705cb7d4e,아이스퀘어호텔,호텔
9,88b1fd7fe33a0ec997575b13367e7afb,김해가야테마파크,테마공원
10,116562bb830bd75dcc64d9101d2ac4c3,노무현대통령생가,역사유적지
11,5509b2beba10e2cbabdbf97b9b578bd2,김해상록CC,육상레저스포츠
12,bacf4384d340f209c1bf292b65710986,진영역,교통시설
13,cafff4d1022bf3fd2c40969ce1aea38b,가야랜드,테마공원
14,d6969a78df3833550473eec818395741,장유대청계곡,자연경관(산)
15,27f71b7298a85f9d42814bfb198599d6,메가마트김해점,대형마트
16,4ede48d6a702fdcb2f5f7fb7c20463f5,김해여객터미널,교통시설
17,c7ed69efb186f966270b32b5143a7127,김해낙동강레일파크,기타관광
18,9333bc6e78c9830431448dd46006677d,부경축산물주촌도매시장,시장
19,a64a89f1f5c98d1553e9044aca4b76c4,부경동물원,테마공원
20,3dc0d2030da1f2043f7ce1d7bba163b9,김수로왕릉,역사유적지
21,51d03349f8937d28a1e1599b4f7d5892,김해천문대,기타관광
22,b46a8c1e9f659c7176ab10438fbfdf31,김해문화의전당,공연시설
23,83c10536c16f815988d5c16a31d10303,대동생태체육공원,도시공원
24,3b7ad92826f8515e330172642bfa72a1,국립김해박물관,전시시설
25,6bbb1d8affb797af30323df31e831581,클레이아크미술관,전시시설
26,9dc00774b1a62402471d3c0a0559f7e7,CGV김해율하,공연시설
27,3677439ebed2fe7bedb96edd838927f2,은하사,종교성지
28,f0f2788b41142b808a6181acd91e7834,롯데시네마김해아울렛,공연시설
29,83739d5ead16e84a453fd9f8d4cdc198,CGV김해,공연시설
30,e0ffc27d7962e30146b851166f016f49,김해동상시장,시장
31,90f02d3e593ee86aa4d8ab465267a67d,대동승마랜드,육상레저스포츠
32,7379b9c88fa5f706de2a357892b2b9fa,진례역,교통시설
33,b43f8029866d7ab57e4d950c14ea5e2c,와인동굴,기타관광
34,f2ed314f57dd6af704d57814cd635a0e,호텔101,모텔
35,007e6560ee3c3a98000cdb25d6edd0db,김해농수산물종합유통센터,시장
36,58686ac7d042486bba62c0566e8f13c6,한림정역,교통시설
37,7e3631ba97f7d44bcb37a1aa99756adc,수리공원,도시공원
38,595dffc9e4638100b1811e737032242e,장유사,종교성지
39,d025d6064705a3bd54f8d932abc4617b,김해봉리단길,테마공원
40,4b97de82b40b762cd0e4b2b94eb0b891,히어로플레이파크김해점,테마공원
41,d33d838cbf3416a68ba8a405f16cdb25,장유스파랜드,웰니스관광
42,c017c5e764e58fb307004ad23d3d7817,진영시외버스터미널,교통시설
43,d8c6c466558aeefd31d9a3efd8aa3ec0,한림술뫼파크골프장,육상레저스포츠
44,833e08f3234b9d222e7d7140606b6232,장유넘버25호텔,모텔
45,6a7d8cd8bbcb62dde82eaca5cb3fc95c,잠101호텔,호텔
46,c1169a05966288849a70db8a0b41e7c6,김해생림오토캠핑장,캠핑
47,5b344d991e5496366b3dd18b1fcb9dbf,롯데시네마김해부원,공연시설
48,4dfcc8ecaa1e8dcd379e40d6690cf4c2,거북공원,도시공원
49,59762007ce2c83decedecae73ac5bf57,화포천습지생태공원,도시공원
50,5d48960d80a877213925c023137a4936,브라운도트호텔워터파크점,호텔
51,e4e82cffd4e12424af8b00dcb8d3d3c1,진영역철도박물관,전시시설
52,38aea9df4dfd2df2fa3bafba219b1388,천문대오토캠핑장,캠핑
53,c4b3a0551135b7a2590335137c81983a,무척산,자연경관(산)
54,183bc091657c0180023dc28db938977a,CGV김해장유,공연시설
55,1e57a0335809395c782e7f7225ffd915,가야랜드달빛야영장,캠핑
56,a49b4ed60956e3dd0fed636211138ee0,스테이인호텔,모텔
57,6f158fbfd8b0876f3c554d6c3185e553,오렌지빵빵플레이파크,테마공원
58,cbd66663c15dfe364c0a9628cd458c86,대성동고분박물관,전시시설
59,db589dd76c03c9b1094a96b889cdb0e6,브라운도트호텔김해삼계점,호텔
60,a807b7a6f628b793b3478e7326ac3b11,상동야구장,레저스포츠시설
61,b13e08a5e44207b5c4d4bfad2d405c78,MU호텔,모텔
62,69573a4f8b0a7beb8d181c61e2278b7c,삼계야구장,레저스포츠시설
63,e91e0bcd587fb353f2742a57d951beea,국립용지봉자연휴양림,자연공원
64,88d9e43e6da7f879d1ed6540e3def7dd,그레이195호텔,모텔
65,92d19083c7bf22267df99722bc177490,외동시장,시장
66,67b9936b5f38928673f0ba3de8aac60e,투하트호텔,모텔
67,c85a1853be9885a89aaa8eda7c34a0c7,호텔파인그로브,호텔
68,197b681b1e2da30fc0103e91383ebbab,국립김해박물관어린이박물관,전시시설
69,24d80a5e9acbcc7acb2b225bf02ceaea,신어산자연숲캠핑장,캠핑
70,eeacb9e6e64152c0b59531f5eda7e20a,분산성,역사유적지
71,69e070c93356838703e8fd38795b4eef,AM호텔,모텔
72,78453844a3586e90e32255a806ff4871,봉황대공원,도시공원
73,4ecb381ae0fa36034394444878df5677,노마드호텔,호텔
74,42e31ad83941c09133512ebbf474b7ef,브라운도트호텔어방점,호텔
75,575dd8763e90dbe1df3cfdf01bb5af3b,수로왕비릉,역사유적지
76,a99ed36b03c30aec31cafb3d0e8c27a8,더테라스호텔,모텔
77,41ec2a724c6bd597de54967f40b8431e,더반호텔김해점,호텔
78,74123164de81cc4acff973506711d2f6,김해가야테마파크익사이팅눈썰매장,육상레저스포츠
79,92e334e8f738dc6726a90c2ffc007c56,삼방시장,시장
80,2b985cfea8bda8d8292eed884cb556db,호텔런더너,호텔
81,5d9b4b09558d593d3225da8f8f2b9a24,장유체육공원,도시공원
82,0a128c4ca893b00d071d24105f7d12c9,장유전통시장,시장
83,f99a3e42a969b9e68872e8bbcad8c4d2,아리아호텔,호텔
84,fcd1640afa6905492fdd889dfeca1557,그레이70호텔,모텔
85,497f3f8c0ba8f37df76193a90c365bd5,장척계곡,자연경관(산)
86,8bc2d6907a5f9bb3cd2eb614286be21c,보스턴호텔,모텔
87,498c6eba96cb484e46319ec8263e755e,김해목재문화박물관,전시시설
88,f06f96b0d0d627a87364dd32daf370b9,퍼펙트호텔,호텔
89,54edb644f31be8b8958e7a90ff745413,안동체육공원,도시공원
90,cd4e3773ba6f0ba1ed2cf8da3b6d77b7,2월호텔김해점,모텔
91,626d19060767b58c4c099e253d65b8e0,진례저수지,자연경관(하천/해양)
92,e4a81a23ca29c121e721a6ec06bec354,7모텔,모텔
93,b1266d82d9ca585a92ff2031d108b7a2,어썸호텔김해어방점,호텔
94,bf52a9b2509e44ba47b4f6023dbf50fb,아몬드키즈호텔,호텔
95,6daf9bf4d6bf52ea1c598a70dbe33623,대동야구장,레저스포츠시설
96,6bbbd92c12133598e8d0f19727bf1e4a,라온호텔,모텔
97,022862f4c983fb2d04698fb836eed5a2,김해천문대펜션,펜션/민박
98,567580fe0a59e620d8d79ce7cce5b81c,임호체육공원축구장,레저스포츠시설
99,667fd6d1bf18427eb311517f2ac5452c,아몬드키즈호텔장유점,호텔
100,3e9a9b8e871de79ec00913176bf06b7d,호텔야자삼계점,모텔
