﻿시군구명,시도명,관광지명,구분,방문자수
김해시,경상남도,김해가야테마파크,자연관광지,1324
김해시,경상남도,낙동강 레일파크,자연관광지,839
김해시,경상남도,김해 롯데워터파크,휴양관광지,821
김해시,경상남도,가야랜드,휴양관광지,622
김해시,경상남도,사충단,역사관광지,611
김해시,경상남도,김해 분산성,역사관광지,572
김해시,경상남도,수로왕릉,역사관광지,562
김해시,경상남도,가야컨트리클럽,육상 레포츠,435
김해시,경상남도,김해천문대,자연관광지,335
김해시,경상남도,송담서원(김해),역사관광지,283
김해시,경상남도,[백년가게]대동할매국수,음식점,281
김해시,경상남도,김해 구지봉,역사관광지,259
김해시,경상남도,예닮,산업관광지,224
김해시,경상남도,김해한옥체험관[한국관광 품질인증/Korea Quality],숙박시설,202
김해시,경상남도,김해 대성동 고분군,역사관광지,186
김해시,경상남도,진영역철도박물관,문화시설,180
김해시,경상남도,클레이아크 김해미술관,문화시설,177
김해시,경상남도,대청계곡대나무숲,자연관광지,146
김해시,경상남도,가야의 거리,체험관광지,145
김해시,경상남도,룰루낭만협동조합,산업관광지,136
김해시,경상남도,봉하마을,체험관광지,124
김해시,경상남도,장유대청계곡,자연관광지,124
김해시,경상남도,장척계곡,자연관광지,110
김해시,경상남도,김해 분청도자박물관,문화시설,104
김해시,경상남도,김해 봉황동 유적,역사관광지,98
김해시,경상남도,진영 봉하마을과 노무현 대통령 생가,역사관광지,96
김해시,경상남도,개리비안비치펜션,숙박시설,92
김해시,경상남도,김해 수로왕비릉,역사관광지,84
김해시,경상남도,김해 부경동물원,자연관광지,75
김해시,경상남도,가야랜드달빛야영장,육상 레포츠,74
김해시,경상남도,수안마을,체험관광지,72
김해시,경상남도,김해카라반르몽드,육상 레포츠,66
김해시,경상남도,에븐,음식점,64
김해시,경상남도,김해 와인동굴,산업관광지,60
김해시,경상남도,은하사(김해),역사관광지,51
김해시,경상남도,봉황대공원,휴양관광지,48
김해시,경상남도,국립김해박물관,문화시설,45
김해시,경상남도,밀양돼지국밥,음식점,40
김해시,경상남도,배가네흥동수제비,음식점,38
김해시,경상남도,효도리,음식점,34
김해시,경상남도,장유율하카페거리,체험관광지,32
김해시,경상남도,필로,음식점,32
김해시,경상남도,두더지라운지,음식점,30
김해시,경상남도,수릉원,휴양관광지,30
김해시,경상남도,초선대마애석불,역사관광지,28
김해시,경상남도,문셰프 하나비,음식점,26
김해시,경상남도,김해생태체험학교 참빛,체험관광지,26
김해시,경상남도,분성산생태숲생태체험관,산업관광지,25
김해시,경상남도,용전숲(용전마을 당산숲),자연관광지,22
김해시,경상남도,플로우무드,음식점,22
김해시,경상남도,신어산자연숲캠핑장,육상 레포츠,22
김해시,경상남도,450도 고등어,음식점,22
김해시,경상남도,진영전통시장,쇼핑,22
김해시,경상남도,봄내,음식점,22
김해시,경상남도,롯데프리미엄아울렛 김해점,쇼핑,20
김해시,경상남도,김해목재문화박물관,문화시설,20
김해시,경상남도,장유사(김해),역사관광지,19
김해시,경상남도,국립김해박물관 어린이박물관,문화시설,17
김해시,경상남도,비오동,음식점,16
김해시,경상남도,가야마루,음식점,16
김해시,경상남도,카페 로시,음식점,15
김해시,경상남도,월봉서원,역사관광지,14
김해시,경상남도,예강서원,역사관광지,14
김해시,경상남도,무척산,자연관광지,14
김해시,경상남도,모은암,역사관광지,14
김해시,경상남도,더부엌,음식점,14
김해시,경상남도,파우제앤숨,음식점,14
김해시,경상남도,일루소,음식점,12
김해시,경상남도,연지공원,휴양관광지,12
김해시,경상남도,못난이가마솥순두부,음식점,12
김해시,경상남도,클라우드 베리체험농장,산업관광지,11
김해시,경상남도,해은사(김해),역사관광지,11
김해시,경상남도,장유 누리길,육상 레포츠,10
김해시,경상남도,낙동강철교전망대,건축/조형물,10
김해시,경상남도,우곡저수지,자연관광지,10
김해시,경상남도,갑오삼계탕 본점,음식점,10
김해시,경상남도,김해민속박물관,문화시설,10
김해시,경상남도,모산공원,휴양관광지,10
김해시,경상남도,천문대오토캠핑장,육상 레포츠,10
김해시,경상남도,부경축산물주촌도매시장,쇼핑,10
김해시,경상남도,유타우동,음식점,10
김해시,경상남도,금병공원,휴양관광지,8
김해시,경상남도,술뫼생태공원,자연관광지,8
김해시,경상남도,흥부암(김해),역사관광지,8
김해시,경상남도,옛고을(김해),음식점,8
김해시,경상남도,덴웨스,음식점,8
김해시,경상남도,[백년가게]만리향,음식점,7
김해시,경상남도,김해문화원,문화시설,6
김해시,경상남도,(주)외식명가 오립스,음식점,6
김해시,경상남도,신산서원,역사관광지,6
김해시,경상남도,대성동고분박물관,문화시설,6
김해시,경상남도,한림박물관,문화시설,6
김해시,경상남도,수라상,음식점,6
김해시,경상남도,관음정사(김해),역사관광지,6
김해시,경상남도,쿼크커피바,음식점,6
김해시,경상남도,밀양돼지국밥,음식점,6
김해시,경상남도,죽순농원,음식점,6
김해시,경상남도,로담,음식점,6
김해시,경상남도,더세하,음식점,6
김해시,경상남도,반룡산공원,자연관광지,4
