﻿순위,중심관광지ID,중심관광지명,중심시도명,중심시군구명,중심카테고리 명_중,연관관광지ID,연관관광지명,연관관광지시도명,연관관광지시군구명,구분
1,ae8da164ba9b3b5d7ffb4cd33b5af12a,롯데프리미엄아울렛/김해점,경상남도,김해시,쇼핑,f6c97cb6960eb549ec39ec011cac287a,코스트코홀세일/김해점,경상남도,김해시,쇼핑
2,ae8da164ba9b3b5d7ffb4cd33b5af12a,롯데프리미엄아울렛/김해점,경상남도,김해시,쇼핑,a737021e330b207e10a3a7b4e475eb01,신세계백화점/김해점,경상남도,김해시,쇼핑
3,ae8da164ba9b3b5d7ffb4cd33b5af12a,롯데프리미엄아울렛/김해점,경상남도,김해시,쇼핑,3e4d8071a0f0a690078650f0e0aef47d,홍철책빵/김해DT점,경상남도,김해시,음식
4,ae8da164ba9b3b5d7ffb4cd33b5af12a,롯데프리미엄아울렛/김해점,경상남도,김해시,쇼핑,bbdf4317c2f9f42491e32e9068081a4a,롯데마트/장유점,경상남도,김해시,쇼핑
5,ae8da164ba9b3b5d7ffb4cd33b5af12a,롯데프리미엄아울렛/김해점,경상남도,김해시,쇼핑,c5a13ceb89b80cd872f8993854534b24,롯데백화점/창원점,경상남도,창원시 성산구,쇼핑
6,ae8da164ba9b3b5d7ffb4cd33b5af12a,롯데프리미엄아울렛/김해점,경상남도,김해시,쇼핑,590e9a0e0458a2e8cfa072e3fc84eda2,이마트/김해점,경상남도,김해시,쇼핑
7,ae8da164ba9b3b5d7ffb4cd33b5af12a,롯데프리미엄아울렛/김해점,경상남도,김해시,쇼핑,1da6ab039d7e6db23de9e98de29dd5e7,연지공원,경상남도,김해시,문화관광
8,ae8da164ba9b3b5d7ffb4cd33b5af12a,롯데프리미엄아울렛/김해점,경상남도,김해시,쇼핑,23447956cdb17d0c1caa52a778de35c9,봄내,경상남도,김해시,음식
9,ae8da164ba9b3b5d7ffb4cd33b5af12a,롯데프리미엄아울렛/김해점,경상남도,김해시,쇼핑,f2a77e5d31c9e6954467845848b1acef,김해분청도자기축제,경상남도,김해시,문화관광
10,ae8da164ba9b3b5d7ffb4cd33b5af12a,롯데프리미엄아울렛/김해점,경상남도,김해시,쇼핑,43137792e3e4fc130b8a1d2e2e01cc4a,홈플러스/김해점,경상남도,김해시,쇼핑
11,ae8da164ba9b3b5d7ffb4cd33b5af12a,롯데프리미엄아울렛/김해점,경상남도,김해시,쇼핑,a64a89f1f5c98d1553e9044aca4b76c4,부경동물원,경상남도,김해시,문화관광
12,ae8da164ba9b3b5d7ffb4cd33b5af12a,롯데프리미엄아울렛/김해점,경상남도,김해시,쇼핑,eff968e43d1ea37811219a4bd7ab767a,장유율하카페거리,경상남도,김해시,음식
13,ae8da164ba9b3b5d7ffb4cd33b5af12a,롯데프리미엄아울렛/김해점,경상남도,김해시,쇼핑,744392c3b910fb58a8f08b8ff83c112e,빈인더바스켓,경상남도,김해시,음식
14,ae8da164ba9b3b5d7ffb4cd33b5af12a,롯데프리미엄아울렛/김해점,경상남도,김해시,쇼핑,c909521480364c962733d2e223a551ba,김해롯데워터파크/본관,경상남도,김해시,문화관광
15,ae8da164ba9b3b5d7ffb4cd33b5af12a,롯데프리미엄아울렛/김해점,경상남도,김해시,쇼핑,ad17a72fbd8f3ebf859a3f6cf1257bd4,진해보타닉뮤지엄,경상남도,창원시 진해구,문화관광
16,ae8da164ba9b3b5d7ffb4cd33b5af12a,롯데프리미엄아울렛/김해점,경상남도,김해시,쇼핑,121330311f3c67e4500d09b87c658fea,쿠우쿠우/김해장유점,경상남도,김해시,음식
17,ae8da164ba9b3b5d7ffb4cd33b5af12a,롯데프리미엄아울렛/김해점,경상남도,김해시,쇼핑,bf028e52e4f62765487f6574235bb02c,올오버베이커리&커피,경상남도,김해시,음식
18,ae8da164ba9b3b5d7ffb4cd33b5af12a,롯데프리미엄아울렛/김해점,경상남도,김해시,쇼핑,e747eb14f5dc1220f76ff75da3b9cebc,스타벅스/김해율하점,경상남도,김해시,음식
19,ae8da164ba9b3b5d7ffb4cd33b5af12a,롯데프리미엄아울렛/김해점,경상남도,김해시,쇼핑,68073d66a90a1fc6cb82a790019ce99b,배가네흥동수제비/흥동점,경상남도,김해시,음식
20,ae8da164ba9b3b5d7ffb4cd33b5af12a,롯데프리미엄아울렛/김해점,경상남도,김해시,쇼핑,78453844a3586e90e32255a806ff4871,봉황대공원,경상남도,김해시,문화관광
21,ae8da164ba9b3b5d7ffb4cd33b5af12a,롯데프리미엄아울렛/김해점,경상남도,김해시,쇼핑,d6969a78df3833550473eec818395741,장유대청계곡,경상남도,김해시,자연관광
22,ae8da164ba9b3b5d7ffb4cd33b5af12a,롯데프리미엄아울렛/김해점,경상남도,김해시,쇼핑,2a100e7909ddd4c6727fb1a14e09fa30,마산국화축제,경상남도,창원시 마산합포구,문화관광
23,ae8da164ba9b3b5d7ffb4cd33b5af12a,롯데프리미엄아울렛/김해점,경상남도,김해시,쇼핑,715612242710b8473dbab7294ebbd9b8,더세하,경상남도,김해시,음식
24,ae8da164ba9b3b5d7ffb4cd33b5af12a,롯데프리미엄아울렛/김해점,경상남도,김해시,쇼핑,bd04f857c1e8b3a595ba0dc3a97bb1ac,에븐,경상남도,김해시,음식
25,ae8da164ba9b3b5d7ffb4cd33b5af12a,롯데프리미엄아울렛/김해점,경상남도,김해시,쇼핑,88b1fd7fe33a0ec997575b13367e7afb,김해가야테마파크,경상남도,김해시,문화관광
26,ae8da164ba9b3b5d7ffb4cd33b5af12a,롯데프리미엄아울렛/김해점,경상남도,김해시,쇼핑,21fb2b0a8b88e60805ef49b002e4efbc,신세계백화점/마산점,경상남도,창원시 마산합포구,쇼핑
27,ae8da164ba9b3b5d7ffb4cd33b5af12a,롯데프리미엄아울렛/김해점,경상남도,김해시,쇼핑,abf22a200f2e7259e1d6c70c8ef0889c,쿼크커피바,경상남도,김해시,음식
28,ae8da164ba9b3b5d7ffb4cd33b5af12a,롯데프리미엄아울렛/김해점,경상남도,김해시,쇼핑,4edea2e34c218ec8f2bfa514b463e12a,더부엌,경상남도,김해시,음식
29,ae8da164ba9b3b5d7ffb4cd33b5af12a,롯데프리미엄아울렛/김해점,경상남도,김해시,쇼핑,f4ab2877d5f32bffed3370489382a62f,밀양돼지국밥,경상남도,김해시,음식
30,ae8da164ba9b3b5d7ffb4cd33b5af12a,롯데프리미엄아울렛/김해점,경상남도,김해시,쇼핑,a53a08848a8b5581a09c3c2a4f37423d,가나다라,경상남도,창원시 성산구,음식
30,ae8da164ba9b3b5d7ffb4cd33b5af12a,롯데프리미엄아울렛/김해점,경상남도,김해시,쇼핑,f9ce151f4fd0d925db7e588d97a06e85,오리만찬,경상남도,양산시,음식
30,ae8da164ba9b3b5d7ffb4cd33b5af12a,롯데프리미엄아울렛/김해점,경상남도,김해시,쇼핑,ef089f04bfda5614a6f6441449722f92,경상남도수목원,경상남도,진주시,자연관광
33,ae8da164ba9b3b5d7ffb4cd33b5af12a,롯데프리미엄아울렛/김해점,경상남도,김해시,쇼핑,649f5ee4affd3f165edf61ee75695fdc,이마트/창원점,경상남도,창원시 성산구,쇼핑
34,ae8da164ba9b3b5d7ffb4cd33b5af12a,롯데프리미엄아울렛/김해점,경상남도,김해시,쇼핑,6def1a8aca5b86a51388a93705cb7d4e,아이스퀘어호텔,경상남도,김해시,숙박
35,ae8da164ba9b3b5d7ffb4cd33b5af12a,롯데프리미엄아울렛/김해점,경상남도,김해시,쇼핑,598d1ba95f4d25646e128b6c0dcd6f43,마금산원탕보양온천,경상남도,창원시 의창구,체험관광
36,ae8da164ba9b3b5d7ffb4cd33b5af12a,롯데프리미엄아울렛/김해점,경상남도,김해시,쇼핑,626e8f6a5ba3ca0c8cf169814b59dac4,돈토리,경상남도,김해시,음식
37,ae8da164ba9b3b5d7ffb4cd33b5af12a,롯데프리미엄아울렛/김해점,경상남도,김해시,쇼핑,9dc00774b1a62402471d3c0a0559f7e7,CGV/김해율하,경상남도,김해시,문화관광
38,ae8da164ba9b3b5d7ffb4cd33b5af12a,롯데프리미엄아울렛/김해점,경상남도,김해시,쇼핑,44fc77c9ca814584b35aabcc63cd6f67,뉴코아아울렛/창원점,경상남도,창원시 의창구,쇼핑
39,ae8da164ba9b3b5d7ffb4cd33b5af12a,롯데프리미엄아울렛/김해점,경상남도,김해시,쇼핑,e21d2b281d64cac6e004075024830417,롯데영플라자/창원점신관,경상남도,창원시 성산구,쇼핑
40,ae8da164ba9b3b5d7ffb4cd33b5af12a,롯데프리미엄아울렛/김해점,경상남도,김해시,쇼핑,c85a1853be9885a89aaa8eda7c34a0c7,호텔파인그로브,경상남도,김해시,숙박
41,ae8da164ba9b3b5d7ffb4cd33b5af12a,롯데프리미엄아울렛/김해점,경상남도,김해시,쇼핑,c512ae1064829b14d59242d37372dad7,경남도립미술관,경상남도,창원시 의창구,문화관광
42,ae8da164ba9b3b5d7ffb4cd33b5af12a,롯데프리미엄아울렛/김해점,경상남도,김해시,쇼핑,3b2936b4df60e0404fae72386e07ddf8,맥도날드/김해장유DT점,경상남도,김해시,음식
43,ae8da164ba9b3b5d7ffb4cd33b5af12a,롯데프리미엄아울렛/김해점,경상남도,김해시,쇼핑,a205a7ab227c055617fcd082eadf0499,스타벅스/김해주촌DT점,경상남도,김해시,음식
44,ae8da164ba9b3b5d7ffb4cd33b5af12a,롯데프리미엄아울렛/김해점,경상남도,김해시,쇼핑,6bbb1d8affb797af30323df31e831581,클레이아크미술관,경상남도,김해시,문화관광
45,ae8da164ba9b3b5d7ffb4cd33b5af12a,롯데프리미엄아울렛/김해점,경상남도,김해시,쇼핑,5bdc789e68161f8ef2468a384a995916,샬로우커피/김해율하점,경상남도,김해시,음식
46,ae8da164ba9b3b5d7ffb4cd33b5af12a,롯데프리미엄아울렛/김해점,경상남도,김해시,쇼핑,a68edca4b3103a959e8f27ecacf8ec3b,롯데마트/김해점,경상남도,김해시,쇼핑
47,ae8da164ba9b3b5d7ffb4cd33b5af12a,롯데프리미엄아울렛/김해점,경상남도,김해시,쇼핑,b17afcd4d93c16b1737ea645b3b087dd,마산어시장,경상남도,창원시 마산합포구,쇼핑
48,ae8da164ba9b3b5d7ffb4cd33b5af12a,롯데프리미엄아울렛/김해점,경상남도,김해시,쇼핑,0f8f237f73bc16502a0954100d9161b8,아웃백스테이크하우스/김해점,경상남도,김해시,음식
49,ae8da164ba9b3b5d7ffb4cd33b5af12a,롯데프리미엄아울렛/김해점,경상남도,김해시,쇼핑,d42d58e4c32454fa65a0d59da0216dd1,딥밀,경상남도,김해시,음식
50,ae8da164ba9b3b5d7ffb4cd33b5af12a,롯데프리미엄아울렛/김해점,경상남도,김해시,쇼핑,3a15c83f72679072af141593a81a741a,투헤븐모텔/워터파크점,경상남도,김해시,숙박
