﻿순위,광역지자체명,기초지자체명,관광지명,기준연월,입장객수,입장객 수 총계
1,경상남도,김해시,정산컨트리클럽,202201,1,36.0
1,경상남도,김해시,정산컨트리클럽,202202,1,36.0
1,경상남도,김해시,정산컨트리클럽,202203,5,36.0
1,경상남도,김해시,정산컨트리클럽,202204,3,36.0
1,경상남도,김해시,정산컨트리클럽,202205,1,36.0
1,경상남도,김해시,정산컨트리클럽,202206,4,36.0
1,경상남도,김해시,정산컨트리클럽,202207,3,36.0
1,경상남도,김해시,정산컨트리클럽,202208,2,36.0
1,경상남도,김해시,정산컨트리클럽,202209,2,36.0
1,경상남도,김해시,정산컨트리클럽,202210,3,36.0
1,경상남도,김해시,정산컨트리클럽,202211,7,36.0
1,경상남도,김해시,정산컨트리클럽,202212,4,36.0
