﻿순위,관광지ID,관광지명,분류
1,ae8da164ba9b3b5d7ffb4cd33b5af12a,롯데프리미엄아울렛김해점,쇼핑몰
2,a737021e330b207e10a3a7b4e475eb01,신세계백화점김해점,백화점
3,bacf4384d340f209c1bf292b65710986,진영역,교통시설
4,1da6ab039d7e6db23de9e98de29dd5e7,연지공원,도시공원
5,27f71b7298a85f9d42814bfb198599d6,메가마트김해점,대형마트
6,e2ce921ce3e654624e79ed7b879fed8b,가야CC,육상레저스포츠
7,c909521480364c962733d2e223a551ba,김해롯데워터파크본관,테마공원
8,4ede48d6a702fdcb2f5f7fb7c20463f5,김해여객터미널,교통시설
9,6def1a8aca5b86a51388a93705cb7d4e,아이스퀘어호텔,호텔
10,d6969a78df3833550473eec818395741,장유대청계곡,자연경관(산)
11,b46a8c1e9f659c7176ab10438fbfdf31,김해문화의전당,공연시설
12,66c97cfde646695fd2a3c8b128c4c219,포웰CC,육상레저스포츠
13,9dc00774b1a62402471d3c0a0559f7e7,CGV김해율하,공연시설
14,9333bc6e78c9830431448dd46006677d,부경축산물주촌도매시장,시장
15,3745f4bb85549d14e39711cf83a2c4de,정산CC,육상레저스포츠
16,83739d5ead16e84a453fd9f8d4cdc198,CGV김해,공연시설
17,6bbb1d8affb797af30323df31e831581,클레이아크미술관,전시시설
18,88b1fd7fe33a0ec997575b13367e7afb,김해가야테마파크,테마공원
19,5509b2beba10e2cbabdbf97b9b578bd2,김해상록CC,육상레저스포츠
20,007e6560ee3c3a98000cdb25d6edd0db,김해농수산물종합유통센터,시장
21,7e3631ba97f7d44bcb37a1aa99756adc,수리공원,도시공원
22,4dfcc8ecaa1e8dcd379e40d6690cf4c2,거북공원,도시공원
23,e0ffc27d7962e30146b851166f016f49,김해동상시장,시장
24,3dc0d2030da1f2043f7ce1d7bba163b9,김수로왕릉,역사유적지
25,116562bb830bd75dcc64d9101d2ac4c3,노무현대통령생가,역사유적지
26,c7ed69efb186f966270b32b5143a7127,김해낙동강레일파크,기타관광
27,51d03349f8937d28a1e1599b4f7d5892,김해천문대,기타관광
28,d33d838cbf3416a68ba8a405f16cdb25,장유스파랜드,웰니스관광
29,d8c6c466558aeefd31d9a3efd8aa3ec0,한림술뫼파크골프장,육상레저스포츠
30,83c10536c16f815988d5c16a31d10303,대동생태체육공원,도시공원
31,5b344d991e5496366b3dd18b1fcb9dbf,롯데시네마김해부원,공연시설
32,3b7ad92826f8515e330172642bfa72a1,국립김해박물관,전시시설
33,92e334e8f738dc6726a90c2ffc007c56,삼방시장,시장
34,cafff4d1022bf3fd2c40969ce1aea38b,가야랜드,테마공원
35,3677439ebed2fe7bedb96edd838927f2,은하사,종교성지
35,92d19083c7bf22267df99722bc177490,외동시장,시장
37,58686ac7d042486bba62c0566e8f13c6,한림정역,교통시설
38,7379b9c88fa5f706de2a357892b2b9fa,진례역,교통시설
39,59762007ce2c83decedecae73ac5bf57,화포천습지생태공원,도시공원
40,f0f2788b41142b808a6181acd91e7834,롯데시네마김해아울렛,공연시설
41,c017c5e764e58fb307004ad23d3d7817,진영시외버스터미널,교통시설
42,cbd66663c15dfe364c0a9628cd458c86,대성동고분박물관,전시시설
43,183bc091657c0180023dc28db938977a,CGV김해장유,공연시설
44,c1169a05966288849a70db8a0b41e7c6,김해생림오토캠핑장,캠핑
45,4b97de82b40b762cd0e4b2b94eb0b891,히어로플레이파크김해점,테마공원
46,0a128c4ca893b00d071d24105f7d12c9,장유전통시장,시장
47,a64a89f1f5c98d1553e9044aca4b76c4,부경동물원,테마공원
48,595dffc9e4638100b1811e737032242e,장유사,종교성지
49,d025d6064705a3bd54f8d932abc4617b,김해봉리단길,테마공원
50,5d9b4b09558d593d3225da8f8f2b9a24,장유체육공원,도시공원
51,626d19060767b58c4c099e253d65b8e0,진례저수지,자연경관(하천/해양)
52,78453844a3586e90e32255a806ff4871,봉황대공원,도시공원
53,498c6eba96cb484e46319ec8263e755e,김해목재문화박물관,전시시설
54,90f02d3e593ee86aa4d8ab465267a67d,대동승마랜드,육상레저스포츠
55,0096156c6eb3aad868c62f5ef5c2e562,무지개공원,도시공원
56,38aea9df4dfd2df2fa3bafba219b1388,천문대오토캠핑장,캠핑
57,567580fe0a59e620d8d79ce7cce5b81c,임호체육공원축구장,레저스포츠시설
58,c4b3a0551135b7a2590335137c81983a,무척산,자연경관(산)
59,8d60319d6ed4ddec03c0a02258683dea,어방체육공원,도시공원
60,0fac0714be40416a91fac64108141500,솔마루공원,도시공원
61,e921ecb1a38508f12a0bb7ca9bed1278,금병공원,도시공원
62,e4e82cffd4e12424af8b00dcb8d3d3c1,진영역철도박물관,전시시설
63,575dd8763e90dbe1df3cfdf01bb5af3b,수로왕비릉,역사유적지
64,497f3f8c0ba8f37df76193a90c365bd5,장척계곡,자연경관(산)
65,f2ed314f57dd6af704d57814cd635a0e,호텔101,모텔
66,b43f8029866d7ab57e4d950c14ea5e2c,와인동굴,기타관광
67,833e08f3234b9d222e7d7140606b6232,장유넘버25호텔,모텔
68,54edb644f31be8b8958e7a90ff745413,안동체육공원,도시공원
69,6f158fbfd8b0876f3c554d6c3185e553,오렌지빵빵플레이파크,테마공원
70,9b918b5eb9e3300215b7b4d6fb032928,수릉원,도시공원
71,9dc663954474fc5215ffd8086dc82421,분성체육공원,도시공원
72,cf3a53b54c76e80147383bddf5e58db8,김해민속박물관,전시시설
73,75502d591fff903f4272eadb9fea95cb,메가마트외동점,대형마트
74,24720d2dd5dd4cc4ab710043c5c57726,모산공원,도시공원
75,a795ff40884846a8b65d67b4b59cbb99,내외동종합시장,시장
76,1e57a0335809395c782e7f7225ffd915,가야랜드달빛야영장,캠핑
77,04ecacc10865edc78e683528e45e008b,해성사,종교성지
78,6a7d8cd8bbcb62dde82eaca5cb3fc95c,잠101호텔,호텔
79,69573a4f8b0a7beb8d181c61e2278b7c,삼계야구장,레저스포츠시설
80,8af88add404747d1a71bbe211486902a,봉황동유적,역사유적지
81,8eaec9731f45b2336c9473e1168e3a87,삼방공원,도시공원
82,7a21f2fd4afb3be0d9c81c4481fa3619,조만강파크골프장,육상레저스포츠
83,e91e0bcd587fb353f2742a57d951beea,국립용지봉자연휴양림,자연공원
84,24d80a5e9acbcc7acb2b225bf02ceaea,신어산자연숲캠핑장,캠핑
85,c07053732e3fe3a48cf3c868db369f1e,수변공원,도시공원
86,8033e9c2cf5734305f444bf84ed8f8c8,골든루트호텔,호텔
87,5513878ae0b09dfc329cc2941df2634e,에이스골프아카데미,육상레저스포츠
88,6827aa1f59e5184abf69802e87f05ec3,분성산생태숲생태체험관,기타관광
89,197b681b1e2da30fc0103e91383ebbab,국립김해박물관어린이박물관,전시시설
90,c9687129c5c5e8a0acd56fd19dc99893,진영전통시장,시장
91,41259a415eecc378fe495ad5b68719d9,김해시기후변화홍보체험관,전시시설
92,eeacb9e6e64152c0b59531f5eda7e20a,분산성,역사유적지
93,5d48960d80a877213925c023137a4936,브라운도트호텔워터파크점,호텔
94,b13e08a5e44207b5c4d4bfad2d405c78,MU호텔,모텔
95,88d9e43e6da7f879d1ed6540e3def7dd,그레이195호텔,모텔
95,db589dd76c03c9b1094a96b889cdb0e6,브라운도트호텔김해삼계점,호텔
97,395b2f21d4c8b416a56bcf7a5e720c5a,달무리수변공원,도시공원
98,022862f4c983fb2d04698fb836eed5a2,김해천문대펜션,펜션/민박
99,a49b4ed60956e3dd0fed636211138ee0,스테이인호텔,모텔
99,bb20855f8f88890af93964c61f152421,김해승마클럽,육상레저스포츠
