﻿순위,관광지ID,관광지명,분류
1,ae8da164ba9b3b5d7ffb4cd33b5af12a,롯데프리미엄아울렛/김해점,쇼핑
2,a737021e330b207e10a3a7b4e475eb01,신세계백화점/김해점,쇼핑
3,bbdf4317c2f9f42491e32e9068081a4a,롯데마트/장유점,쇼핑
4,f6c97cb6960eb549ec39ec011cac287a,코스트코홀세일/김해점,쇼핑
5,1da6ab039d7e6db23de9e98de29dd5e7,연지공원,문화관광
6,590e9a0e0458a2e8cfa072e3fc84eda2,이마트/김해점,쇼핑
7,43137792e3e4fc130b8a1d2e2e01cc4a,홈플러스/김해점,쇼핑
8,88b1fd7fe33a0ec997575b13367e7afb,김해가야테마파크,문화관광
9,3dc0d2030da1f2043f7ce1d7bba163b9,김수로왕릉,역사관광
10,3b7ad92826f8515e330172642bfa72a1,국립김해박물관,문화관광
11,116562bb830bd75dcc64d9101d2ac4c3,노무현대통령생가,역사관광
12,d6969a78df3833550473eec818395741,장유대청계곡,자연관광
13,6def1a8aca5b86a51388a93705cb7d4e,아이스퀘어호텔,숙박
14,c7ed69efb186f966270b32b5143a7127,김해낙동강레일파크,기타관광
15,51d03349f8937d28a1e1599b4f7d5892,김해천문대,기타관광
16,e2ce921ce3e654624e79ed7b879fed8b,가야CC,레저스포츠
17,27f71b7298a85f9d42814bfb198599d6,메가마트/김해점,쇼핑
18,a68edca4b3103a959e8f27ecacf8ec3b,롯데마트/김해점,쇼핑
19,66c97cfde646695fd2a3c8b128c4c219,롯데스카이힐/김해컨트리클럽,레저스포츠
20,9dc00774b1a62402471d3c0a0559f7e7,CGV/김해율하,문화관광
21,6bbb1d8affb797af30323df31e831581,클레이아크미술관,문화관광
22,83739d5ead16e84a453fd9f8d4cdc198,CGV/김해,문화관광
23,a64a89f1f5c98d1553e9044aca4b76c4,부경동물원,문화관광
24,cafff4d1022bf3fd2c40969ce1aea38b,가야랜드,문화관광
25,d025d6064705a3bd54f8d932abc4617b,김해봉리단길,문화관광
26,3745f4bb85549d14e39711cf83a2c4de,정산CC,레저스포츠
27,c909521480364c962733d2e223a551ba,김해롯데워터파크/본관,문화관광
28,b46a8c1e9f659c7176ab10438fbfdf31,김해문화의전당,문화관광
29,3677439ebed2fe7bedb96edd838927f2,은하사,역사관광
30,b43f8029866d7ab57e4d950c14ea5e2c,와인동굴,기타관광
31,f0f2788b41142b808a6181acd91e7834,롯데시네마/김해아울렛,문화관광
32,e0ffc27d7962e30146b851166f016f49,김해동상시장,쇼핑
33,e4e82cffd4e12424af8b00dcb8d3d3c1,진영역철도박물관,문화관광
34,eeacb9e6e64152c0b59531f5eda7e20a,분산성,역사관광
35,59762007ce2c83decedecae73ac5bf57,화포천습지생태공원,문화관광
36,5b344d991e5496366b3dd18b1fcb9dbf,롯데시네마/김해부원,문화관광
37,9333bc6e78c9830431448dd46006677d,부경축산물주촌도매시장,쇼핑
38,cbd66663c15dfe364c0a9628cd458c86,대성동고분박물관,문화관광
39,575dd8763e90dbe1df3cfdf01bb5af3b,수로왕비릉,역사관광
40,78453844a3586e90e32255a806ff4871,봉황대공원,문화관광
41,183bc091657c0180023dc28db938977a,CGV/김해장유,문화관광
42,5509b2beba10e2cbabdbf97b9b578bd2,김해상록CC,레저스포츠
43,595dffc9e4638100b1811e737032242e,장유사,역사관광
44,007e6560ee3c3a98000cdb25d6edd0db,김해농수산물종합유통센터,쇼핑
45,833e08f3234b9d222e7d7140606b6232,장유넘버25호텔,숙박
46,d33d838cbf3416a68ba8a405f16cdb25,장유스파랜드,체험관광
47,197b681b1e2da30fc0103e91383ebbab,국립김해박물관/어린이박물관,문화관광
48,f2ed314f57dd6af704d57814cd635a0e,호텔101,숙박
49,90f02d3e593ee86aa4d8ab465267a67d,대동승마랜드,레저스포츠
50,92d19083c7bf22267df99722bc177490,외동시장,쇼핑
51,7e3631ba97f7d44bcb37a1aa99756adc,수리공원,문화관광
52,6a7d8cd8bbcb62dde82eaca5cb3fc95c,잠101호텔,숙박
53,3fab2bace2abd3b763901653a3ce70ba,우리마트/진영점,쇼핑
54,4dfcc8ecaa1e8dcd379e40d6690cf4c2,거북공원,문화관광
55,cf3a53b54c76e80147383bddf5e58db8,김해민속박물관,문화관광
56,83c10536c16f815988d5c16a31d10303,대동생태체육공원,문화관광
57,4b97de82b40b762cd0e4b2b94eb0b891,히어로플레이파크/김해점,문화관광
58,51000a2565c800f6990f7266c0b6546b,해은사,역사관광
59,ca5ce72ee6479a89a2ad11e5d143f7a5,김해한글박물관,문화관광
60,498c6eba96cb484e46319ec8263e755e,김해목재문화박물관,문화관광
61,db589dd76c03c9b1094a96b889cdb0e6,브라운도트호텔/김해삼계점,숙박
62,5d48960d80a877213925c023137a4936,브라운도트호텔/워터파크점,숙박
63,a49b4ed60956e3dd0fed636211138ee0,스테이인호텔,숙박
64,b13e08a5e44207b5c4d4bfad2d405c78,MU호텔,숙박
65,c85a1853be9885a89aaa8eda7c34a0c7,호텔파인그로브,숙박
66,d8c6c466558aeefd31d9a3efd8aa3ec0,한림술뫼파크골프장,레저스포츠
67,42e31ad83941c09133512ebbf474b7ef,브라운도트호텔/어방점,숙박
68,a159003d51c294b058acd80b8c204698,한양쇼핑/김해점,쇼핑
69,88d9e43e6da7f879d1ed6540e3def7dd,그레이195호텔,숙박
70,ce13b76fb1d0a17667648ca56b868eb9,수안마을수국정원축제,문화관광
71,69e070c93356838703e8fd38795b4eef,AM호텔,숙박
72,0a128c4ca893b00d071d24105f7d12c9,장유전통시장,쇼핑
73,2b985cfea8bda8d8292eed884cb556db,호텔런더너,숙박
74,41ec2a724c6bd597de54967f40b8431e,더반호텔/김해점,숙박
75,92e334e8f738dc6726a90c2ffc007c56,삼방시장,쇼핑
76,6f158fbfd8b0876f3c554d6c3185e553,오렌지빵빵플레이파크,문화관광
77,a4a85abf3533c71546626a7fd0c8e19f,탑마트/장유관동점,쇼핑
78,e91e0bcd587fb353f2742a57d951beea,국립용지봉자연휴양림,자연관광
79,67b9936b5f38928673f0ba3de8aac60e,투하트호텔,숙박
80,4ecb381ae0fa36034394444878df5677,노마드호텔,숙박
81,fcd1640afa6905492fdd889dfeca1557,그레이70호텔,숙박
82,a99ed36b03c30aec31cafb3d0e8c27a8,더테라스호텔,숙박
83,813d872df7d5c7dccc037860001b668c,주촌축산물도매시장,쇼핑
84,8bc2d6907a5f9bb3cd2eb614286be21c,보스턴호텔,숙박
85,c4b3a0551135b7a2590335137c81983a,무척산,자연관광
86,f06f96b0d0d627a87364dd32daf370b9,퍼펙트호텔,숙박
87,f99a3e42a969b9e68872e8bbcad8c4d2,아리아호텔,숙박
88,38aea9df4dfd2df2fa3bafba219b1388,천문대오토캠핑장,숙박
89,61057850d41bb81fd76774a34c6cdccf,리벤델호텔,숙박
90,0fac0714be40416a91fac64108141500,솔마루공원,문화관광
91,626d19060767b58c4c099e253d65b8e0,진례저수지,자연관광
92,0096156c6eb3aad868c62f5ef5c2e562,무지개공원,문화관광
93,b1266d82d9ca585a92ff2031d108b7a2,어썸호텔/김해어방점,숙박
94,497f3f8c0ba8f37df76193a90c365bd5,장척계곡,자연관광
95,a795ff40884846a8b65d67b4b59cbb99,내외동종합시장,쇼핑
96,81b621d3ed540ffe384029e7e24722ca,브이브이아이피호텔,숙박
97,75502d591fff903f4272eadb9fea95cb,메가마트/외동점,쇼핑
98,8af88add404747d1a71bbe211486902a,봉황동유적,역사관광
99,24720d2dd5dd4cc4ab710043c5c57726,모산공원,문화관광
100,5d9b4b09558d593d3225da8f8f2b9a24,장유체육공원,문화관광
