﻿유입지역명,유출지역명,유입유출 비율,유입/유출 구분 코드 (1:유입 / 2:유출)
경상남도 통영시 , 경상남도 거제시,19.7,1
부산광역시 강서구 , 경상남도 거제시,14.6,1
경상남도 김해시 , 경상남도 거제시,5.2,1
경상남도 고성군 , 경상남도 거제시,3.8,1
경상남도 진주시 , 경상남도 거제시,3.5,1
경상남도 창원시 진해구 , 경상남도 거제시,3.1,1
경상남도 창원시 성산구 , 경상남도 거제시,2.6,1
부산광역시 사하구 , 경상남도 거제시,2.4,1
부산광역시 해운대구 , 경상남도 거제시,2.2,1
부산광역시 부산진구 , 경상남도 거제시,2.2,1
경상남도 창원시 마산합포구 , 경상남도 거제시,1.8,1
경상남도 양산시 , 경상남도 거제시,1.7,1
경상남도 창원시 의창구 , 경상남도 거제시,1.5,1
부산광역시 사상구 , 경상남도 거제시,1.5,1
부산광역시 북구 , 경상남도 거제시,1.4,1
부산광역시 남구 , 경상남도 거제시,1.4,1
경상남도 사천시 , 경상남도 거제시,1.3,1
부산광역시 동래구 , 경상남도 거제시,1.3,1
경상남도 창원시 마산회원구 , 경상남도 거제시,1.2,1
부산광역시 금정구 , 경상남도 거제시,1.0,1
 경상남도 거제시,경상남도 통영시,33.7,2
 경상남도 거제시,부산광역시 강서구,11.0,2
 경상남도 거제시,경상남도 창원시 진해구,4.3,2
 경상남도 거제시,경상남도 김해시,4.0,2
 경상남도 거제시,경상남도 진주시,3.5,2
 경상남도 거제시,경상남도 고성군,3.3,2
 경상남도 거제시,부산광역시 해운대구,3.0,2
 경상남도 거제시,경상남도 창원시 마산합포구,2.3,2
 경상남도 거제시,경상남도 창원시 성산구,2.2,2
 경상남도 거제시,경상남도 사천시,1.9,2
 경상남도 거제시,부산광역시 기장군,1.9,2
 경상남도 거제시,부산광역시 부산진구,1.8,2
 경상남도 거제시,부산광역시 사하구,1.6,2
 경상남도 거제시,부산광역시 사상구,1.3,2
 경상남도 거제시,경상남도 양산시,1.2,2
 경상남도 거제시,부산광역시 수영구,1.2,2
 경상남도 거제시,부산광역시 중구,1.2,2
 경상남도 거제시,전라남도 여수시,1.1,2
 경상남도 거제시,경상남도 창원시 의창구,1.0,2
 경상남도 거제시,부산광역시 남구,0.9,2
