﻿유입지역명,유출지역명,유입유출 비율,유입/유출 구분 코드 (1:유입 / 2:유출)
경상남도 함양군 , 경상남도 거창군,16.1,1
경상남도 합천군 , 경상남도 거창군,10.6,1
대구광역시 달서구 , 경상남도 거창군,7.0,1
대구광역시 달성군 , 경상남도 거창군,5.6,1
전북특별자치도 무주군 , 경상남도 거창군,4.5,1
경상남도 진주시 , 경상남도 거창군,4.2,1
경상북도 고령군 , 경상남도 거창군,3.6,1
경상남도 산청군 , 경상남도 거창군,3.5,1
대구광역시 북구 , 경상남도 거창군,2.8,1
대구광역시 수성구 , 경상남도 거창군,2.4,1
경상북도 김천시 , 경상남도 거창군,2.3,1
대구광역시 동구 , 경상남도 거창군,1.8,1
경상남도 김해시 , 경상남도 거창군,1.4,1
경상북도 경산시 , 경상남도 거창군,1.3,1
경상북도 구미시 , 경상남도 거창군,1.3,1
전북특별자치도 남원시 , 경상남도 거창군,1.2,1
대구광역시 서구 , 경상남도 거창군,1.2,1
경상남도 창녕군 , 경상남도 거창군,1.0,1
대구광역시 남구 , 경상남도 거창군,1.0,1
충청남도 금산군 , 경상남도 거창군,0.9,1
 경상남도 거창군,경상남도 함양군,13.8,2
 경상남도 거창군,경상남도 합천군,7.8,2
 경상남도 거창군,대구광역시 달서구,5.7,2
 경상남도 거창군,전북특별자치도 무주군,5.2,2
 경상남도 거창군,경상남도 진주시,5.2,2
 경상남도 거창군,경상남도 산청군,4.4,2
 경상남도 거창군,대구광역시 달성군,4.3,2
 경상남도 거창군,대구광역시 수성구,3.1,2
 경상남도 거창군,경상북도 고령군,2.4,2
 경상남도 거창군,경상북도 김천시,2.2,2
 경상남도 거창군,대구광역시 북구,2.2,2
 경상남도 거창군,전북특별자치도 남원시,2.1,2
 경상남도 거창군,대구광역시 중구,2.1,2
 경상남도 거창군,대구광역시 동구,1.9,2
 경상남도 거창군,경상남도 사천시,1.7,2
 경상남도 거창군,경상북도 경주시,1.4,2
 경상남도 거창군,전라남도 여수시,1.1,2
 경상남도 거창군,경상북도 구미시,1.0,2
 경상남도 거창군,전북특별자치도 전주시 완산구,1.0,2
 경상남도 거창군,대구광역시 남구,0.9,2
