﻿유입지역명,유출지역명,유입유출 비율,유입/유출 구분 코드 (1:유입 / 2:유출)
경상남도 사천시 , 경상남도 남해군,25.2,1
경상남도 하동군 , 경상남도 남해군,10.0,1
경상남도 진주시 , 경상남도 남해군,9.7,1
전라남도 광양시 , 경상남도 남해군,5.4,1
전라남도 순천시 , 경상남도 남해군,3.8,1
전라남도 여수시 , 경상남도 남해군,3.7,1
경상남도 김해시 , 경상남도 남해군,2.2,1
경상남도 함안군 , 경상남도 남해군,1.9,1
경상남도 통영시 , 경상남도 남해군,1.6,1
경상남도 창원시 의창구 , 경상남도 남해군,1.3,1
경상남도 고성군 , 경상남도 남해군,1.2,1
경상남도 창원시 성산구 , 경상남도 남해군,1.2,1
경상남도 산청군 , 경상남도 남해군,1.1,1
경상남도 거제시 , 경상남도 남해군,1.1,1
경상남도 창원시 마산회원구 , 경상남도 남해군,0.9,1
부산광역시 해운대구 , 경상남도 남해군,0.9,1
경상남도 창원시 마산합포구 , 경상남도 남해군,0.9,1
경상남도 함양군 , 경상남도 남해군,0.8,1
부산광역시 강서구 , 경상남도 남해군,0.7,1
광주광역시 북구 , 경상남도 남해군,0.7,1
 경상남도 남해군,경상남도 사천시,45.1,2
 경상남도 남해군,경상남도 진주시,8.8,2
 경상남도 남해군,경상남도 하동군,8.4,2
 경상남도 남해군,전라남도 여수시,7.3,2
 경상남도 남해군,전라남도 광양시,5.4,2
 경상남도 남해군,전라남도 순천시,3.3,2
 경상남도 남해군,경상남도 통영시,2.7,2
 경상남도 남해군,경상남도 거제시,1.8,2
 경상남도 남해군,경상남도 고성군,1.1,2
 경상남도 남해군,경상남도 김해시,0.8,2
 경상남도 남해군,경상남도 창원시 마산합포구,0.8,2
 경상남도 남해군,경상남도 창원시 성산구,0.6,2
 경상남도 남해군,부산광역시 해운대구,0.5,2
 경상남도 남해군,전라남도 구례군,0.5,2
 경상남도 남해군,경상남도 창원시 의창구,0.5,2
 경상남도 남해군,부산광역시 기장군,0.5,2
 경상남도 남해군,경상남도 산청군,0.4,2
 경상남도 남해군,부산광역시 강서구,0.4,2
 경상남도 남해군,전북특별자치도 전주시 완산구,0.3,2
 경상남도 남해군,경상남도 창원시 진해구,0.3,2
