﻿유입지역명,유출지역명,유입유출 비율,유입/유출 구분 코드 (1:유입 / 2:유출)
경상남도 진주시 , 경상남도 합천군,9.8,1
대구광역시 달서구 , 경상남도 합천군,7.0,1
대구광역시 달성군 , 경상남도 합천군,6.8,1
경상북도 고령군 , 경상남도 합천군,6.3,1
경상남도 거창군 , 경상남도 합천군,6.1,1
경상남도 의령군 , 경상남도 합천군,4.4,1
경상북도 성주군 , 경상남도 합천군,3.6,1
경상남도 산청군 , 경상남도 합천군,3.5,1
대구광역시 북구 , 경상남도 합천군,3.5,1
대구광역시 수성구 , 경상남도 합천군,3.0,1
경상남도 김해시 , 경상남도 합천군,2.7,1
경상남도 함안군 , 경상남도 합천군,2.4,1
대구광역시 동구 , 경상남도 합천군,2.3,1
경상남도 창원시 의창구 , 경상남도 합천군,2.0,1
경상남도 창원시 마산회원구 , 경상남도 합천군,1.7,1
경상남도 창녕군 , 경상남도 합천군,1.7,1
경상북도 구미시 , 경상남도 합천군,1.6,1
경상남도 창원시 성산구 , 경상남도 합천군,1.5,1
대구광역시 서구 , 경상남도 합천군,1.3,1
경상남도 창원시 마산합포구 , 경상남도 합천군,1.1,1
 경상남도 합천군,경상남도 진주시,13.4,2
 경상남도 합천군,경상남도 거창군,9.5,2
 경상남도 합천군,경상북도 고령군,7.6,2
 경상남도 합천군,대구광역시 달서구,7.4,2
 경상남도 합천군,대구광역시 달성군,6.7,2
 경상남도 합천군,경상남도 의령군,6.2,2
 경상남도 합천군,경상북도 성주군,6.2,2
 경상남도 합천군,경상남도 산청군,4.2,2
 경상남도 합천군,대구광역시 수성구,2.8,2
 경상남도 합천군,경상남도 창녕군,2.7,2
 경상남도 합천군,대구광역시 북구,1.9,2
 경상남도 합천군,대구광역시 동구,1.6,2
 경상남도 합천군,경상남도 사천시,1.5,2
 경상남도 합천군,대구광역시 중구,1.5,2
 경상남도 합천군,경상남도 김해시,1.3,2
 경상남도 합천군,경상남도 함안군,1.3,2
 경상남도 합천군,경상남도 창원시 성산구,1.2,2
 경상남도 합천군,대구광역시 남구,1.0,2
 경상남도 합천군,경상남도 창원시 마산합포구,1.0,2
 경상남도 합천군,경상남도 창원시 의창구,0.9,2
