﻿순위,관광지ID,관광지명,분류
1,1375b40ce443787fe950f09760cacaec,고성공룡박물관,문화관광
2,f5888d8a6d8679c4e2cefa526552808d,고성시장,쇼핑
3,be73b79c6583875cb87e08b25f60d44f,고성공룡세계엑스포,문화관광
4,26d97c4808fd195ca43b3174191003d3,그레이스정원,문화관광
5,463c46a320b57e1dd8f51d0dbebb1926,고성노벨CC,레저스포츠
6,fe6d6be21009effe1b8b3d8167c98e16,문수암,역사관광
7,9832c597c52dfe1222d912d03a8e0eb0,송학동고분군,역사관광
8,9e277dd2f60dc827c12648b35b951619,당항포관광지,문화관광
9,ba0f6b10467fd61686955ee1182e14de,고성군스포츠파크,문화관광
10,8be301efda6a2019e3fe336a6e46787f,용암포선착장,기타관광
11,90ffe80e3332d30a2e89df5225450950,고성장산숲,기타관광
12,2658ec15d754daa00fd5dac9fed19695,옥천사,역사관광
13,a3de68748830628b860648288d527e48,상리연꽃공원,문화관광
14,d362efe67c999e847b2c9e322f4a5c3f,만화방초,기타관광
15,c5c0d309c1d25e67bd07004b588cd5d9,고성CC,레저스포츠
16,7e1929c756f7b30da59c7fbb0baf94d2,라파엘펜션&글램핑,숙박
17,a7b4e8dc98bc00891813c254a58e75c9,고성생태학습관,문화관광
18,ab4a193c7c1232aafe4fa9cbac46ca97,한산마리나리조트,숙박
19,47ca25402d651ae5d27f54c9562184bf,고성박물관,문화관광
20,550bcb0c5da95a7db13ff6915a66c75b,맥전포항,자연관광
21,fd7ba8fa67f166fca1121c2fde69e79a,상족암오토캠핑장/제1캠핑장,숙박
22,07391b05f8665ab322b660bab472ac1b,고성만화방초수국축제,문화관광
23,7ed4eeffa6456f1e668e540033e527f2,회화면체육공원,문화관광
24,e80cdd73e5a2d5899652dcf0d8a48d34,보현암,역사관광
25,f04965fd9aa55f630d24e7f744f51252,프린스호텔,숙박
26,eb5a332fa04833e621ab9c7092c4ca89,갈모봉산림욕장,자연관광
27,9f282de6ee0e684eca96a562157611b7,오션스파호텔,숙박
28,3451cb996cf994020aadd8f3a5b25e26,고성군스포츠파크/4구장,문화관광
29,b986b4f9e383615069c0a0eb7c92ca1f,수남유수지생태공원,문화관광
30,425dfd73fcee0a560b11b4a42d052431,ON모텔,숙박
31,98e21d0b10213d8e8ffed7de57dc7db7,해맞이공원,문화관광
32,0d6d8009d65317b8c1dc2272b04db1a0,고성군스포츠파크축구장3구장,문화관광
33,69c15fc4a17f895eb12192354815fe6c,덕명방파제,자연관광
34,20bd3945f4621a915d9dd0f333d1e9ef,남산공원오토캠핑장,숙박
35,1b65e2a1de76c76ee1f5afcde4818a8d,솔섬,자연관광
36,89fae322bba3e2aa980194360f95a2c4,남산공원,문화관광
37,4470bd10b6da5f83fb28214641e54371,엄홍길전시관,문화관광
38,eb454fd22ab971fe16a107f70bac37c1,고성소을비포성지,역사관광
39,af939c4bf05d29ebb3be416b9c4173ae,블루웨일글램핑,숙박
40,a5c2db703dc5fa69f74c490ded51b541,해지개다리,기타관광
41,acd74f8012bcd01337b0bca3194711c8,우두포방파제,자연관광
42,879d3b17bdd294e9770c9af98e13a99d,다이노캠핑장,숙박
43,34d71968bcb1c1101f8d0d931c711754,보현사,역사관광
44,ba5bf67f03800fe3505aaa52792541da,풍양카페리터미널,기타관광
45,e921b280b986857e336b960bef1e3b76,CGV/고성,문화관광
46,b2b1db71512f2227494e37fc3f15e6cf,상족암오토캠핑장/제2캠핑장,숙박
47,d07475819120af3d2f41490875224013,동화어촌체험마을,체험관광
48,a3e6b39fd221c4617f177bd6d49e0fb6,우등모텔,숙박
49,3d19ae2b1ce63cbdca449a35a09311ce,남포항,자연관광
50,6fd60641a076e07c48b5303fc637cae5,비비파크펜션,숙박
51,8cd8dbe853f49626742c574e0d26bb2d,고성블루비치펜션&글램핑,숙박
52,ecccf85346b81e05fed3444d432662ed,오호락펜션,숙박
53,9467e68b8626ac8b8bbdaed2d8342e08,보브모텔,숙박
54,979befaf366bc4ce123b787930e7e88e,포교항방파제등대,문화관광
55,d52b0571c98da17e0c8177ace9bb64e4,명품무인호텔시그니처,숙박
56,a6d351c53ef20c587f05937a8cdb69b4,맥전포서방파제,자연관광
57,5ec63dec2dabd0943c4d7b258e3f413b,용암포항,자연관광
58,a4630e89de7f8a9a3753a11cce7f7795,고성학동마을옛담장,역사관광
59,6593b7f3d3718ddbeb3c3f9bcde4ebb5,당항포오토캠핑장,숙박
60,bce55fa533495b1ef96e828b7b55cfdc,스카이무인텔,숙박
61,0baa440cfd665b51d4025411fcd17e86,고성탈박물관,문화관광
62,d45db05f1a169c5580619565e2bd72d7,ZAZA모텔,숙박
63,9a7813612cfb5b59c8d719f9df897643,상족암유람선,기타관광
64,f604284676256eb9661b65c3b91eb6be,놀터캠핑장,숙박
65,7b7d059685526b5589c0288c3a148a01,장항방파제,자연관광
66,e1b3221356396d88574b1b550b19bbfd,폭포암,역사관광
67,59d6f519321f6d5796347b5df6a30f48,동진대교가있는해안도로,기타관광
68,1ec7849f3b65cff5036514f044f195c5,상족몽돌해수욕장,자연관광
69,f1550c581e0a6b23460c856959b9122a,공룡시장,쇼핑
70,90161ed4ac84408a4fddb65d7748bb3b,아네뜨모텔,숙박
71,39ac5d5aa709374ea38ecadf96644a95,오션포레,숙박
72,ff154ca0f9c864d8b0d2ccd4e5c2644f,쉴모텔,숙박
73,d6e0aafdeafac0204b028e3e962d91d5,연화산계곡,자연관광
74,dd48de70e1149c07f871aa5896046602,산들바다관광농원,숙박
75,91da78d33b3300496b0ce2d7e75d8bfe,아트앤체험캠프,숙박
76,adb06ef680e1b3f8a90f56ad20c8fb1d,호텔위드세븐,숙박
77,c00f93e02693afe23176023140a46225,대가저수지,자연관광
78,c9e0b1e32e2911ede03f47208d7a7c7f,궁전모텔,숙박
79,dd5f71715615d64530e05f672daa67a1,고성독수리생태체험관,문화관광
80,46a6cfccffeac4296db56f1631972ef6,드래곤스파빌리지,숙박
81,df6a8e201089c80473fef062bbea4e32,고성잔디캠핑장,숙박
82,2efb47c1166c90b5b61bb3cb74d19e36,배둔시장,쇼핑
83,22f413ae7872fedf8830a8c9307b080d,몽모텔,숙박
84,3976cdd70e12783649d6a3c81388458e,나포리모텔,숙박
85,800d08907be2aa3b80450dcc07575a67,경상남도청소년수련원,레저스포츠
86,a612fa0ebed6adfe929e5720c0780849,하우올리관광농원,숙박
87,208b659fedf0bb4b78ad9aa50ecf3207,영동둔치공원,문화관광
88,21312db30a2bcdca40d3118fc962ab81,임포항,자연관광
89,f1f3114758af2f7940bdf06cf4abd08c,대가면십리벚꽃길,기타관광
90,cfd10655e5daa5f0bdded6469873625e,구름위의산책,숙박
91,d8fc07a761aea386c69bea632332ca59,산들바다글램핑,숙박
92,16c5e5e0b4632fcc33799a99fec1347f,자자호텔,숙박
93,3adaec6fc4b3bbcac419d2744c6b223a,고성군해양레저스포츠학교,레저스포츠
94,5051dbec5a231e94590a2f202944a19e,포교항,자연관광
95,399daf07b8642d0a6ce0777bd353abff,맥전포동방파제,자연관광
96,64abe9aa3a6840048469b8c91ab3f0d8,거류체육공원,문화관광
97,cd6b08775b890e2d119d02a10cce0ea3,고성당항포랜드,문화관광
98,316cc7c9df2553f2128650826d1d5bda,삼형제호수산,쇼핑
99,957d5f3d404e60f073aff9409d61cabf,패밀리펜션,숙박
100,48c6a7a80a4c6538945065e25d5632a5,폴라리스야영장,숙박
