﻿시군구명,시도명,관광지명,구분,방문자수
고성군,경상남도,상족암군립공원,자연관광지,4263
고성군,경상남도,그레이스 정원,자연관광지,2834
고성군,경상남도,당항포관광지,휴양관광지,1104
고성군,경상남도,문수암(고성),역사관광지,1085
고성군,경상남도,고성공룡박물관,문화시설,662
고성군,경상남도,동해 해안길,자연관광지,281
고성군,경상남도,고성 최필간고택[한국관광 품질인증/Korea Quality],숙박시설,197
고성군,경상남도,오두산 치유숲,휴양관광지,176
고성군,경상남도,연화산반딧불이캠핑장,육상 레포츠,122
고성군,경상남도,프린스호텔[한국관광 품질인증/Korea Quality],숙박시설,110
고성군,경상남도,옹기랑,산업관광지,98
고성군,경상남도,남산공원(고성),자연관광지,92
고성군,경상남도,카페 도어스,음식점,86
고성군,경상남도,고성시장,쇼핑,78
고성군,경상남도,고성군 스포츠파크,육상 레포츠,72
고성군,경상남도,운흥사(경남),역사관광지,70
고성군,경상남도,만화방초,자연관광지,70
고성군,경상남도,해지개다리,건축/조형물,64
고성군,경상남도,구름위의산책,숙박시설,62
고성군,경상남도,병풍바위전망대,건축/조형물,59
고성군,경상남도,고성 솔섬,휴양관광지,54
고성군,경상남도,고성 덕명리 공룡과 새발자국 화석 산지,관광자원,52
고성군,경상남도,고성탈박물관,문화시설,48
고성군,경상남도,고가담(가치를 담다),산업관광지,46
고성군,경상남도,당항포관광지 펜션 [한국관광 품질인증/Korea Quality],숙박시설,46
고성군,경상남도,박진사고택 [한국관광 품질인증/Korea Quality],숙박시설,36
고성군,경상남도,본토대가,음식점,36
고성군,경상남도,고옥정,음식점,32
고성군,경상남도,옥천사(고성),역사관광지,30
고성군,경상남도,아트인고성,산업관광지,28
고성군,경상남도,고성문화원(경남),문화시설,26
고성군,경상남도,당사골흑염소식당,음식점,26
고성군,경상남도,용암포항(풍양카페리터미널),자연관광지,26
고성군,경상남도,소담수목원,자연관광지,26
고성군,경상남도,구절산,자연관광지,26
고성군,경상남도,고성생태학습관,문화시설,22
고성군,경상남도,고성자연사박물관,문화시설,22
고성군,경상남도,고성소을비포성지,역사관광지,20
고성군,경상남도,하이드아웃,음식점,20
고성군,경상남도,도산서원(고성),역사관광지,18
고성군,경상남도,연화산도립공원,자연관광지,18
고성군,경상남도,남포로,음식점,18
고성군,경상남도,일번수산왕새우,음식점,18
고성군,경상남도,둘리왕새우,음식점,18
고성군,경상남도,바닷가에 햇살 한스푼,음식점,16
고성군,경상남도,고성당항포랜드,자연관광지,16
고성군,경상남도,동화어촌체험마을,체험관광지,15
고성군,경상남도,네순도르마,음식점,14
고성군,경상남도,청광새들녘마을,체험관광지,14
고성군,경상남도,아트앤체험캠프,육상 레포츠,14
고성군,경상남도,해맞이공원,휴양관광지,12
고성군,경상남도,안 카페,음식점,12
고성군,경상남도,남산공원오토캠핑장,육상 레포츠,10
고성군,경상남도,우정장어,음식점,10
고성군,경상남도,갈모봉 산림욕장,자연관광지,9
고성군,경상남도,고성장 (1_ 6일),쇼핑,8
고성군,경상남도,보현암,역사관광지,8
고성군,경상남도,통영짬뽕,음식점,8
고성군,경상남도,바다공룡(다이노씨 프로젝트),체험관광지,8
고성군,경상남도,거류산&거류산성,자연관광지,8
고성군,경상남도,계승사(고성),역사관광지,8
고성군,경상남도,산들바다관광농원,육상 레포츠,6
고성군,경상남도,삼계마을,체험관광지,6
고성군,경상남도,정든한정식,음식점,6
고성군,경상남도,당항포 요트체험,수상 레포츠,4
고성군,경상남도,내산리 고분군,역사관광지,4
고성군,경상남도,고성 송학동 고분군,역사관광지,4
고성군,경상남도,이산,음식점,4
고성군,경상남도,오션포레,육상 레포츠,4
고성군,경상남도,수성그린비,숙박시설,4
고성군,경상남도,맥전포항,자연관광지,4
고성군,경상남도,폴라리스야영장,육상 레포츠,4
고성군,경상남도,공룡펜션민박,숙박시설,4
고성군,경상남도,고성패밀리캠핑장,육상 레포츠,4
고성군,경상남도,동해면 작은 구학포 공룡 화석지,관광자원,4
