﻿순위,광역지자체명,기초지자체명,관광지명,기준연월,입장객수,입장객총계
1,경상남도,고성군,당항포,202201,9000,274261.0
1,경상남도,고성군,당항포,202202,9004,274261.0
1,경상남도,고성군,당항포,202203,10640,274261.0
1,경상남도,고성군,당항포,202204,18579,274261.0
1,경상남도,고성군,당항포,202205,30512,274261.0
1,경상남도,고성군,당항포,202206,11395,274261.0
1,경상남도,고성군,당항포,202207,7285,274261.0
1,경상남도,고성군,당항포,202208,9778,274261.0
1,경상남도,고성군,당항포,202209,0,274261.0
1,경상남도,고성군,당항포,202210,158010,274261.0
1,경상남도,고성군,당항포,202211,4838,274261.0
1,경상남도,고성군,당항포,202212,5220,274261.0
2,경상남도,고성군,공룡박물관,202201,11351,148581.0
2,경상남도,고성군,공룡박물관,202202,11435,148581.0
2,경상남도,고성군,공룡박물관,202203,9846,148581.0
2,경상남도,고성군,공룡박물관,202204,1470,148581.0
2,경상남도,고성군,공룡박물관,202205,20318,148581.0
2,경상남도,고성군,공룡박물관,202206,15189,148581.0
2,경상남도,고성군,공룡박물관,202207,14854,148581.0
2,경상남도,고성군,공룡박물관,202208,21072,148581.0
2,경상남도,고성군,공룡박물관,202209,12716,148581.0
2,경상남도,고성군,공룡박물관,202210,14588,148581.0
2,경상남도,고성군,공룡박물관,202211,8784,148581.0
2,경상남도,고성군,공룡박물관,202212,6958,148581.0
