﻿순위,관광지ID,업소명,분류
1,634f906fcab3f3ade8fd4e5545727ee0,고옥정,카페/찻집
2,dfc2a29a25b4e28dae921d0db807ea18,카페도어스,카페/찻집
3,3f1e1e80d4d0dffb85f6bc7c8fb49792,바닷가에햇살한스푼,전문음식
4,b95fe3d8cec2f855dd29e6b558553a6e,통영짬뽕,외국식
5,28031f24d5c014c481358c35a3b661f4,카페자하,카페/찻집
6,65164f11b241f9dd9d0932e5072e6016,모모회식당,전문음식
7,b2d910d2aac89112a0631125f6f0bc1d,롯데리아경남고성점,간이음식
8,9f2b0b4d0e29968d46b092e0ed18d3f4,네순도르마,카페/찻집
9,2cce73d7cbc915452f1c6cd6ba4b6951,하이드아웃,카페/찻집
10,dc810c0c14ce779b8d7f9638c022bb1e,새로운통일냉면,한식
11,06b82911cde3fa7440de84b1f8488d2b,둘리왕새우,전문음식
12,46a0bf57ddcc1b3d56a205bcb5675811,정든한정식[한식],한식
13,a1cf0b6ed32e73f5a2f9e69828ad021d,범바위골장어,전문음식
14,0e18297841d25b5a51d4ae08e47db79e,면만드는사람들,한식
15,06eebf9ea024af1f19c209b7bc95c7e1,안카페,카페/찻집
16,15a9cf0252efa88a20d6c4324e255291,본토대가,한식
17,76592eacd1faa103376336b6fdd1a674,고성쭈꾸미,전문음식
18,295ea59fe80288a40b1057bf111e3b16,대장금,전문음식
19,3be16d18f57fcd5fb200c49b1e5069ca,일미가든[한식],한식
20,3d903f904a5fa8732953a65aec7d4daf,파리바게뜨경남고성점,간이음식
21,ecc752965b67679a6c10353b8ad9d322,수양식당[한식],한식
22,e51e5e30f448a21c0e1929357db74b9d,황포냉면고성점,한식
23,555b26b5cc8f7d9339e6e1c8b80fc4ad,자란들,카페/찻집
24,fe9706a4a2efe87d2c0ab4838cbc5724,디저트39고성점,카페/찻집
25,fd706cc030f2cf290b4f2afb5b9d5836,카페두포리,카페/찻집
26,965b0c3cc79788d7d44a10880cb99fe4,빽다방경남고성송학점,카페/찻집
27,c76277f867d8a6f214acdf345140be19,키친노을,전문음식
28,def1030f2fa94b0c8509cd1354c1528a,가야한우마을,한식
29,a8b3a4e039036bdafa98d8e818c09892,대가돌솥밥,한식
30,3f45dfb663a9f5696bdf1ddaefbdc78e,병산수산,전문음식
31,0ac4d707183489c0a6169d075cd701e2,해담,전문음식
31,c4d31cb8788ea6b144296745ff964871,부산횟집,전문음식
33,7f2222a0c34342814511b483b215ccd0,맘스터치고성점,간이음식
34,f26be673d7804e503f875410c80b8953,늘봄가든,한식
34,9f4e92bdddee1d16b028c1ca3b9bfbb0,계림새우나라,전문음식
36,845c90c6bb705030e060f1314a6ef87b,카페모드,카페/찻집
36,c0be1643327aa5bc71a313c7cf8560c1,교촌치킨고성점,간이음식
36,4efbde592208db7727d47dbee781ba83,군령포하모자연산횟집,전문음식
39,f064483c684803ec0777fad49d96ea6d,수라한정식[한식],한식
40,1562520adda9e409cff01735f4c94579,일번수산왕새우,전문음식
41,bde9d5b36cbe311ff190a0bc973c5c12,짜장박사[중식],외국식
42,54a1f46be5a073e2c938b9cc7df2a35b,왕창이,한식
43,2f7926ad581b532d6dd21685594eac56,옛날손짜장[중식],외국식
43,e383fb301ee289173ba16a05d5bf6a96,남가네,한식
43,37a39f231c659f3b54d79d75bd15dd95,남도수제갈비,한식
46,45c5b685eb390d1fc036befbd62d30db,큰들횟집민박,전문음식
46,d1833b353ca2d9573b394b98769b524f,한식당행복[한식],한식
48,dff849a912979bd730fa73854d0dadab,양지기사식당,한식
49,207571b43ebb2746006b0a0a8a82a40b,옥천식당,한식
49,b4bd4e72cfe6ba58f5d26ce1561fe260,일품새우,전문음식
49,c06ea8d43d90b9f3d281808f85701929,불난낙지,전문음식
52,732be662ab16efb12bdaf6392ae7b421,고성축산농협한우프라자2호점,한식
52,acc3f5bc1ab0a95343252b12123cf51c,총각네칼국수앤보쌈고성1호점,한식
54,e3fc49f42f368d7e2132ea483311c688,카페해이준,카페/찻집
54,cad901d62c676919da0c5b2814b8443a,이디야커피경남고성점,카페/찻집
54,75f46a48575c78dc922a261e77f47ec0,신토불이옻닭,한식
57,3f44653dfe966e30521a289c1c0f4728,욕지횟집,전문음식
58,dc284f3f6e8839df45f39a494745f6c7,메가커피고성점,카페/찻집
59,7df26ac7506e24b49b92cd5338b876f7,남파랑가,한식
59,1ad92933c74e19beb380a0006300878d,하삼동커피경남고성점,카페/찻집
59,f73b7aa48d7e785521febcb3305b767f,배스킨라빈스경남고성점,간이음식
59,38bd6bc6971cf95b629887fbb61d75f6,당동횟집,전문음식
59,cdc156ebbf4cfc459a390fe657199e6b,공룡알횟집,전문음식
64,46fbf0ddc7cb5eec749a807c3db70591,수제갈비고성점,한식
64,74ca600e6e0240e42a18aba5440df0a7,전도장어,전문음식
66,5847ce8ba3fda20d2abd4bdb77ed69ec,포르투나,카페/찻집
66,84252da76fa3e2df64dc551a0483a771,공룡김밥얼음별점,간이음식
66,314d3c302930f8a4502716bfbd8008e9,포항물회식당,전문음식
66,0d7edd361fd54bae04433c4a3f483d98,간사지횟집,전문음식
66,761f181783d286a8eaad5dc9b524cb26,굴이랑새우랑,전문음식
71,2ddcbf71335771100015b386dd90eac5,얼큰이손칼국수,한식
71,cceb2bbf8f4d9fbdb95e27017d670f3f,경원해물찜고성점,한식
71,ba40450436e58a3130040c10b1a0fc9b,뚜레쥬르경남고성점,간이음식
71,8bd8fdc9e3d90f5adced033372d24458,구삼거리식육식당,한식
71,7a0229a61e49b45adeea63d4d964284f,당동쟁반짜장[중식],외국식
76,de94f2de746c7c834d85b9ced39f72f3,흙시루가든,한식
76,345c9f431865a82fcc85a6f30c5354b1,일품대패고성점,한식
76,37ef6413e44aeb062133d4e7ac375c48,이서방화로,한식
76,d15665414bf6adec07986b0a3443d976,더웨이브,카페/찻집
76,dcc03b209dd4569bf828d3a2c32960bb,청정수산왕새우,전문음식
81,f1a3fbb06c83fc6780c3921102d74b8d,가마치통닭고성점,간이음식
81,7810ed8017147d46f1900720d7cdda14,배말칼국수김밥고성시장점,한식
81,0ae494bcc0470e5dd080a2da355315e5,태양수산,전문음식
84,cae7a7e735735baa26958876b026ce91,홍천뚝배기,한식
84,a06edbcb5a2b8c4868b4a4a3b672c725,문수암보현식당,전문음식
84,d79142238797a65af072f1be7f40ca79,더진샤브앤샐러드바,전문음식
84,4909ef238dc6192fc606e396d3008ad3,가든개미집,한식
84,c0c61472fc73d6ca54ec6142608ca71a,해변횟집,전문음식
84,5cc31d219a04fbd3778094f46304a82b,몽뜨레,전문음식
90,d48da0d3ea49430579954dfcc000d2e6,사랑채,한식
90,6daf0f4e0d5c3b7ec8e40170c44b44cf,BBQ경남고성점,간이음식
90,b46abae665e2de2f012bf044b5b02470,BHC경남고성점,간이음식
90,a0975a1230b0c953dfa6ec5903cf39d3,나포리횟집,전문음식
90,874b941eb382748d6c7d9471eee1a80d,원조옥수골메기탕,한식
90,a1840c5978307bef6e214f83c02461a8,초우한정식[한식],한식
90,566584609cddebcbe493fe37ef69a940,소가야횟집,전문음식
90,25b53cfbb8176fb66b8b3aec120be7f7,초심휴게소,한식
98,bf92cc5c3e8b159b9fdd537399c1fcb3,청해진횟집,전문음식
98,b1e16245704f5a322ae0d32391381b3b,고성한우명가,한식
98,e50f45d7915a63e4a85476de934c6668,벽방농원식당,한식
