﻿순위,관광지ID,관광지명,분류
1,463c46a320b57e1dd8f51d0dbebb1926,고성노벨CC,육상레저스포츠
2,1375b40ce443787fe950f09760cacaec,고성공룡박물관,전시시설
3,825005ba5f9d7cabe90c1f7329d5c1c8,고성여객자동차터미널,교통시설
4,f5888d8a6d8679c4e2cefa526552808d,고성시장,시장
5,8be301efda6a2019e3fe336a6e46787f,용암포선착장,교통시설
6,9e277dd2f60dc827c12648b35b951619,당항포관광지,복합관광시설
7,26d97c4808fd195ca43b3174191003d3,그레이스정원,테마공원
8,245149b06f14727ef0eb8c159cc246d6,배둔시외버스터미널,교통시설
9,fe6d6be21009effe1b8b3d8167c98e16,문수암,종교성지
10,c5c0d309c1d25e67bd07004b588cd5d9,고성CC,육상레저스포츠
11,ba0f6b10467fd61686955ee1182e14de,고성군스포츠파크,도시공원
12,7e1929c756f7b30da59c7fbb0baf94d2,라파엘펜션&글램핑,펜션/민박
13,2658ec15d754daa00fd5dac9fed19695,옥천사,종교성지
14,550bcb0c5da95a7db13ff6915a66c75b,맥전포항,자연경관(하천/해양)
15,879d3b17bdd294e9770c9af98e13a99d,다이노캠핑장,캠핑
16,fd7ba8fa67f166fca1121c2fde69e79a,상족암오토캠핑장제1캠핑장,캠핑
17,ab4a193c7c1232aafe4fa9cbac46ca97,한산마리나리조트,콘도미니엄
18,9832c597c52dfe1222d912d03a8e0eb0,송학동고분군,역사유적지
19,85d680e966003fede8e7985e6f42e3de,공룡타조랜드,농/산/어촌체험
20,9f282de6ee0e684eca96a562157611b7,오션스파호텔,호텔
21,a3de68748830628b860648288d527e48,상리연꽃공원,도시공원
22,acd74f8012bcd01337b0bca3194711c8,우두포방파제,자연경관(하천/해양)
23,90ffe80e3332d30a2e89df5225450950,고성장산숲,기타관광
24,d362efe67c999e847b2c9e322f4a5c3f,만화방초,기타관광
25,59d6f519321f6d5796347b5df6a30f48,동진대교가있는해안도로,데이트코스
26,20bd3945f4621a915d9dd0f333d1e9ef,남산공원오토캠핑장,캠핑
27,eb5a332fa04833e621ab9c7092c4ca89,갈모봉산림욕장,자연공원
28,6593b7f3d3718ddbeb3c3f9bcde4ebb5,당항포오토캠핑장,캠핑
29,f604284676256eb9661b65c3b91eb6be,놀터캠핑장,캠핑
30,a7b4e8dc98bc00891813c254a58e75c9,고성생태학습관,기타문화관광지
31,f04965fd9aa55f630d24e7f744f51252,프린스호텔,호텔
32,425dfd73fcee0a560b11b4a42d052431,ON모텔,모텔
33,dd48de70e1149c07f871aa5896046602,산들바다관광농원,펜션/민박
34,df6a8e201089c80473fef062bbea4e32,고성잔디캠핑장,캠핑
35,ba5bf67f03800fe3505aaa52792541da,풍양카페리터미널,교통시설
36,91da78d33b3300496b0ce2d7e75d8bfe,아트앤체험캠프,캠핑
37,47ca25402d651ae5d27f54c9562184bf,고성박물관,전시시설
38,b2b1db71512f2227494e37fc3f15e6cf,상족암오토캠핑장제2캠핑장,캠핑
39,98e21d0b10213d8e8ffed7de57dc7db7,해맞이공원,도시공원
40,7ed4eeffa6456f1e668e540033e527f2,회화면체육공원,도시공원
41,8cd8dbe853f49626742c574e0d26bb2d,고성블루비치펜션&글램핑,펜션/민박
42,4470bd10b6da5f83fb28214641e54371,엄홍길전시관,전시시설
43,07391b05f8665ab322b660bab472ac1b,고성만화방초수국축제,기타문화관광지
44,69c15fc4a17f895eb12192354815fe6c,덕명방파제,자연경관(하천/해양)
45,ecccf85346b81e05fed3444d432662ed,오호락펜션,펜션/민박
46,e80cdd73e5a2d5899652dcf0d8a48d34,보현암,종교성지
47,a6d351c53ef20c587f05937a8cdb69b4,맥전포서방파제,자연경관(하천/해양)
48,979befaf366bc4ce123b787930e7e88e,포교항방파제등대,랜드마크관광
49,5ec63dec2dabd0943c4d7b258e3f413b,용암포항,자연경관(하천/해양)
50,a612fa0ebed6adfe929e5720c0780849,하우올리관광농원,캠핑
51,b986b4f9e383615069c0a0eb7c92ca1f,수남유수지생태공원,도시공원
52,1b65e2a1de76c76ee1f5afcde4818a8d,솔섬,자연경관(하천/해양)
53,3451cb996cf994020aadd8f3a5b25e26,고성군스포츠파크4구장,레저스포츠시설
54,7b7d059685526b5589c0288c3a148a01,장항방파제,자연경관(하천/해양)
55,6fd60641a076e07c48b5303fc637cae5,비비파크펜션,펜션/민박
56,0d6d8009d65317b8c1dc2272b04db1a0,고성군스포츠파크축구장3구장,레저스포츠시설
57,39ac5d5aa709374ea38ecadf96644a95,오션포레,캠핑
58,e921b280b986857e336b960bef1e3b76,CGV고성,공연시설
59,adb06ef680e1b3f8a90f56ad20c8fb1d,호텔위드세븐,모텔
60,a5c2db703dc5fa69f74c490ded51b541,해지개다리,기타관광
61,d8fc07a761aea386c69bea632332ca59,산들바다글램핑,캠핑
62,89fae322bba3e2aa980194360f95a2c4,남산공원,도시공원
63,d52b0571c98da17e0c8177ace9bb64e4,명품무인호텔시그니처,모텔
64,bd0ed0f31e7d0809968c8154fbe10afa,고성얼음골공원펜션캠핑장,캠핑
65,eaf65785dc5724f23e90c079edafe05d,장좌리캠핑장,캠핑
66,8676e705f4e35da4cc656fa506c9fe19,고성패밀리캠핑장,캠핑
67,3d19ae2b1ce63cbdca449a35a09311ce,남포항,자연경관(하천/해양)
68,a3e6b39fd221c4617f177bd6d49e0fb6,우등모텔,모텔
69,c00f93e02693afe23176023140a46225,대가저수지,자연경관(하천/해양)
70,8e2c37308cd644da06b0d50929319720,리틀보이캠핑장,캠핑
71,208b659fedf0bb4b78ad9aa50ecf3207,영동둔치공원,도시공원
71,9a7813612cfb5b59c8d719f9df897643,상족암유람선,교통시설
73,c60ba75d912e16c1fee69d12e37454cf,달다래캠핑장,캠핑
74,34d71968bcb1c1101f8d0d931c711754,보현사,종교성지
74,114602c68a57df58945cef50b5c3e72b,친구수산,농/산/어촌체험
76,e1b3221356396d88574b1b550b19bbfd,폭포암,종교성지
77,eb454fd22ab971fe16a107f70bac37c1,고성소을비포성지,역사유적지
78,2efb47c1166c90b5b61bb3cb74d19e36,배둔시장,시장
79,9467e68b8626ac8b8bbdaed2d8342e08,보브모텔,모텔
80,d6e0aafdeafac0204b028e3e962d91d5,연화산계곡,자연경관(산)
81,ee3488c89e1e359e0a3ac551b27bb2b9,고성드론전용비행시험장,기타레저스포츠
82,d45db05f1a169c5580619565e2bd72d7,ZAZA모텔,모텔
83,19ad5ecc90487f99da9e7f3f6a4c1bdb,소담수목원,자연공원
84,8b504677b19d49549e12d871b247923c,대충캠핑장,캠핑
85,1ec7849f3b65cff5036514f044f195c5,상족몽돌해수욕장,자연경관(하천/해양)
86,cfd10655e5daa5f0bdded6469873625e,구름위의산책,펜션/민박
87,48c6a7a80a4c6538945065e25d5632a5,폴라리스야영장,캠핑
88,c9e0b1e32e2911ede03f47208d7a7c7f,궁전모텔,모텔
89,f1550c581e0a6b23460c856959b9122a,공룡시장,시장
90,46a6cfccffeac4296db56f1631972ef6,드래곤스파빌리지,모텔
91,cd6b08775b890e2d119d02a10cce0ea3,고성당항포랜드,테마공원
92,21312db30a2bcdca40d3118fc962ab81,임포항,자연경관(하천/해양)
93,0baa440cfd665b51d4025411fcd17e86,고성탈박물관,전시시설
94,bce55fa533495b1ef96e828b7b55cfdc,스카이무인텔,모텔
95,a4630e89de7f8a9a3753a11cce7f7795,고성학동마을옛담장,역사유적지
96,fa67fd56f8b60c41f2e18e24b5691810,애향동산,도시공원
97,deed61b6a31104f0861a30e492bcebb1,구절폭포,자연경관(산)
98,ff154ca0f9c864d8b0d2ccd4e5c2644f,쉴모텔,모텔
99,800d08907be2aa3b80450dcc07575a67,경상남도청소년수련원,육상레저스포츠
100,399daf07b8642d0a6ce0777bd353abff,맥전포동방파제,자연경관(하천/해양)
