﻿순위,관광지ID,업소명,분류
1,bf266b07f5c84864f700d003f9215714,젬스톤거제점,카페/찻집
2,546664e93ec3b1a6b5c232c5b397c80e,온더선셋,카페/찻집
3,3f6f9bba379a679d9318df034ed2a619,오송웨이브,카페/찻집
4,f99b5daf1aa0bb8845a81c9b8392d4cd,스타벅스거제대로DT점,카페/찻집
5,485dbeaf563be4362cea43ee82820f8c,블랙업커피수월점,카페/찻집
6,fe888122b648183a8ff2236de3cac077,더외간,카페/찻집
7,27ff3eb6481cfed05a1d5e9b490f2387,짹짹커피거제도본점,카페/찻집
8,d900734aceb12db8728c2f2598750225,마소마레,카페/찻집
9,38d5fcc6715ff1a5ee5cc67075f97eb8,하면옥본점,한식
10,f96c7fa8739718d9a52be840d8642ac5,맥도날드거제옥포SK DT점,간이음식
11,3e0f9e099db48c1e8b541ea41d1591e4,더블유181,카페/찻집
12,019aa17e2b801e42bf84cbb2a9dd0d96,메리클리프,카페/찻집
13,dfd880fe0c8eabbb5c302db8dc214f16,몰리힐스,카페/찻집
14,dab247312d1e69c20eb9191e5855a15e,윤돌커피,카페/찻집
15,20281615fbda13c734bcf49fab199322,둔덕농협한우관,한식
16,2146b76f7f4873ba7c00b40335977dc4,스타벅스거제옥포DT점,카페/찻집
17,fdf6e9612db1f8440766d3fb1375caf6,만선호해물칼국수,한식
18,f2d4512c22c5d414e6b55c9ca7fe67b5,금농갈비,한식
19,df2a64b143853256affb8a1461510288,수나로이,전문음식
20,d164718244fc5303caf19db5ccd786d7,심해,카페/찻집
21,8dadec40506ffd900bf94176a0a0b257,성포끝집,전문음식
22,5f3203f17e1e5e7c73845f89a7ceea92,롤링핀거제시청점,간이음식
23,17e46a9f83c6a93aa57bdae5226009e0,시방리카페,카페/찻집
24,cfcb84b8c8a0a30828c5573cfbeee9a0,그루브인,카페/찻집
25,dad9abc2462e20aa29afcecb024d3ff4,글래씨스,카페/찻집
26,5bc8b3c7280bf55ee88e6105c2d4c0c4,카페구아나,카페/찻집
27,dd2e51a8f0b26bf2837429e4f968a8be,바람의핫도그본점,간이음식
28,587886a11b861f4c7c4513c0a9efa894,미피카페,카페/찻집
29,167a0e1fd3f7197da9602ddf0146cd4f,온기당,한식
30,fc0b0bda033ceeb70e39acc2d152c399,여기로가조,음식점기타
31,05e1e2dc5b8f243110b013fb4d264b97,스타벅스거제고현점,카페/찻집
32,b9d05a872e13e8bee20308a986d1e9d1,거제보재기집,전문음식
33,256ba5ba6f2bfa34abec788585b47c12,인간미,외국식
34,71c293582b3433121d44e87c47f1fe0e,파인에이플러스,전문음식
35,7ca33582dcd8951b7568256bef9403b4,볶다[중식],외국식
36,5982991a2830f80a66b154afd7216c5c,모정해물탕,한식
37,daa6cff9ba435d8b3083dd7be5211d71,한꼬막두꼬막,전문음식
38,637f21133feacb96758265f61f0c962b,덕둔버거,간이음식
39,2e0877111d8fa068b2e63d52220ea457,마틴커피,카페/찻집
40,37926e5096ed58204d645b3ad32ee244,쿠우쿠우거제점,전문음식
41,717fe4f4bb96bb8d3b3555e3ed1e5b40,승천냉면갈비찜,한식
42,5cd7f241d5c2bd66ddbc84792ee1e725,외도널서리,카페/찻집
43,c41caf668c57108a217c32a5c41a4f49,아웃백스테이크하우스거제점,전문음식
44,ac5b6feff36b6ec88549eb95488af298,연화카페,전문음식
45,cf91b8098f16064da3625d087c4dcf4c,대원군숯불갈비,한식
46,ab245c1924252bc76b5722cafc349b8d,도시새우,전문음식
47,e411f63bbc3892b0918b5c2681208e9e,거제해금강회센터,전문음식
48,b958400cb8bbae18ae24b5e6a5a22758,언양닭칼국수거제문동점,한식
49,76f082ae82baf53ea2fb887d449af3ab,두리원,한식
50,b37bb6ab391c68444b5c1f7c2092095a,대패생각거제고현점,한식
51,1993fd7573ea6b767a4e72f7fb06d779,일공공샤브거제상동점,전문음식
52,f9d4c16fb52a15581769b8b84be30964,장수굴국밥,한식
53,c082a6a33cae6c7cb23321eda95d4ffc,키친루셀로,전문음식
54,4c41782cce1168031b27836178b340ae,에버어뮤즈,카페/찻집
55,9fc56e0263b4e84376d0f9ac2204eb3b,장가네일품순두부거제상동점,한식
56,55119882bc2c3306d3cbadd17ea2b67b,쌤김밥,간이음식
57,c5b2ad2b5ed67b9819f1002baf83cba9,청마루대구뽈찜,한식
58,0b623a1a72ce98d67f7810a5f2f13c1d,더꽃매미성점,한식
59,d9b1af003b0fef69b3cff06cd8c6d01a,파평옥거제아주점,한식
60,61d7fb512356f9b3b88301da9b2c10f9,더웨이브147,카페/찻집
61,65c153c4c26024c7876f464deec3dd99,대박난맛집,한식
62,c07a7dca1d1f2ce18bc91456e9e1b51a,워닉커피로스터스본점,카페/찻집
63,00704f68322bc83d65b6d922a74f5aa7,소오비두부집,한식
64,ab7871750adcdc96a341c37045bbc0a0,물레방아한정식[한식],한식
65,7b71b57b1450aeb0b9758a4562985551,델라하이,카페/찻집
66,ad29b248286bbbef3cd9fa80adb3615a,카페바람의언덕,카페/찻집
67,af5b462b841ce7200c837ee8645c115d,웅아물회,전문음식
68,e9853f93fae71b9dfc8202f2f830392b,어방가,전문음식
69,8883a9fbbe70cf7885048f574117d332,하루솥밥,한식
70,1d312d68b200651db3f16112e18e7a89,배말칼국수김밥거제장목점,한식
71,b5fd8a75a334186e9814b61e13dcbd20,거제영양센터,한식
72,24134bddc5986a6e355da33d9b3ccc62,강성횟집본점,전문음식
73,d6a61e6b06986a9fdb46f7a7e6a66094,돈돈돈본점,한식
74,e5a2005813c512f8ee3319dd9fab6524,버거킹거제고현점,간이음식
74,6802ad1aee3567c2735263bec03d706e,아지트,한식
76,1d90308a6ef0d5eb144525e87e048afd,스타벅스거제장평점,카페/찻집
77,188f7b40724e9ead7e4792655b74039b,우면가,한식
78,add4f383dedf3e7d5621cf82f211ff20,돈돈돈아주점,한식
79,aa1f5cd72c09a2a5a55dfd78835d874f,천하장사생선구이본점,한식
80,4ccd164fab5aa3447917a466f0ac7d15,폴 바셋거제아주DT점,카페/찻집
81,95bceddb54443a50e5ca580457db2460,메러디스빅토리,카페/찻집
82,0bdfd8cd07fbca7e807bcb93916da27c,배말칼국수김밥본점,한식
83,abb6c0008fb58cfc082683e684e75757,예이제게장백반본점,전문음식
83,2fb018852e66a038affadf658805cda2,백제칼국수,한식
85,86c2bfb9dec28969f75756323a86a4da,투썸플레이스거제아주점,카페/찻집
86,fc23a54fda5b697ca95a7dd23686cc0d,샹샹[중식],외국식
87,3eaea90b8d7ff2d90aa509e4668d2b68,만나김밥,간이음식
88,4e17ffb2794cdc5f36a717f09d676e06,더꽃본점,한식
89,7b949ed47daf47c0c0845b5df7f440c8,집밥청보리[한식],한식
90,7429be30d2f42c07a0706d0f9a3bc515,버거킹옥포점,간이음식
91,f1c5f7f416e52b2b1a1980ab19cf7365,낭만짜장&짬뽕[중식],외국식
92,40495e6f5efe3d0372f98abd6fe716ee,원조거제굴구이,전문음식
93,b1e824a903e41dec3fd8c5836004cf66,박가네돌판찜,한식
94,8c4fb57ae5b4a63be80ba8e30334cf49,거장물총칼국수,한식
95,dd34a4f5f8aec6dfe40d3985136444be,목구멍본점,한식
96,e8de6a6348455961da862a0b184f4e35,순봉가,한식
97,4cfbbbb7a2e3d1e8cfd7cf342a626e29,인더스하버,카페/찻집
97,19f48de3f57740dc6e2051cecf3a5305,세일마트즉석코너,간이음식
99,5a022fdaa2c9b5a0ab10cb84217a60b2,엘도라도,카페/찻집
99,a11dcba2727c49fb63dfb19e31511af5,길손,카페/찻집
