﻿순위,관광지ID,관광지명,분류
1,fb52889f1d613ff2b995edb4ad71c7f2,고현시외버스터미널,교통시설
2,536b6116fa9f1db1ed9722d6b36be159,한화리조트거제벨버디어,콘도미니엄
3,95d5dbd8c7dec0cbf7a63319ade547dd,소노캄거제,콘도미니엄
4,e45969adfacfce16184f83738c2368ca,고현종합시장,시장
5,68704dd3250b515fc589231a12a95a90,매미성,역사유적지
6,74e46a7e9365c6fd7ebfdea567445510,바람의언덕,기타문화관광지
7,af6c66dddcaa0a6799dbfddbb36a56e1,학동흑진주몽돌해변,자연경관(하천/해양)
8,15609e2befa380c004f01902cbba840b,거제파노라마케이블카,기타레저스포츠
9,bfbb62d2f2835661226861807f179a9c,디큐브거제백화점,백화점
10,25e09de943face00d152f3e781485158,거제정글돔,테마공원
11,57e0205dc4859872b3e30786de43c5d0,거제삼성호텔,호텔
12,1063fe0495baa44afb3dfc91f62f3df9,거제해수보양온천,웰니스관광
13,14ef6a752da2fb0ba2adfe997e4d88a4,슬로우소랑,펜션/민박
14,362ce22ba3d706f985f6b787757d1283,거제포로수용소유적공원,역사유적지
15,7b9c100bb4df417e6db8c687c1c2018a,거제뷰CC,육상레저스포츠
16,99115d875504236a6139eeed5f56818d,옥포국제시장,시장
17,9b859c579d23de11cf05585a5f3b44f5,와현모래숲해변,자연경관(하천/해양)
18,2b24a9b4a1a73a067f79be4583ad5dc5,장승포항,자연경관(하천/해양)
19,faadbc81e813d42235ca33588a3f1c35,거제숲소리공원,도시공원
20,25a6036f0ea42c56b58f3651ab8f10c8,저구항,자연경관(하천/해양)
21,44c0d38dd4325220ef98a1ae6f1641b7,사곡해수욕장,자연경관(하천/해양)
22,ac6f063c4fe9738a5d5455c58b7ed4cf,거제도,자연경관(하천/해양)
23,3b74970d58263a584030e0764f0db363,리우오션레지던스,콘도미니엄
24,4ca990340bc9d6dcb30040772fcf87d1,지세포항,자연경관(하천/해양)
25,f94ed053d6b1b19701a5883bc309e561,외포항,교통시설
26,dded9b0c59ec2507efacb2a177b3824b,구조라유람선터미널,교통시설
27,3c5699d224b7feb3f6c66508a41e65f6,덕포해수욕장,자연경관(하천/해양)
28,0f4502ccfc7788f212feede1e49444dc,명사해수욕장,자연경관(하천/해양)
29,0f01498fd44c07ac03163e1780a00ac4,장승포여객선터미널,교통시설
30,11c8f1da8f1f18145fab839ae0c695a1,지세포방파제,자연경관(하천/해양)
31,7711bceace8ea7ff175d4d4b4b13e15f,거제씨월드,테마공원
32,2cb0740331c17a9c648e3a099946ac0b,시방선착장,교통시설
33,5cc4cf61f2401f1a8f8fc77ffe5dffa1,망치몽돌해수욕장,자연경관(하천/해양)
34,f331ba4b42534b4bfc2b84e853307b2f,거제시청소년수련관,육상레저스포츠
35,a42b4dde8771da0b852889d591002ad6,구조라해수욕장,자연경관(하천/해양)
36,54af34f0e62674dd367ee1de5a4e3548,드비치골프클럽,육상레저스포츠
37,04c5ae0e95662e9a8dc9c2cd7e37e95c,리베라호텔거제,호텔
38,396c36a60f33a8aa97b8c42779a7e691,CGV거제,공연시설
39,d3e9eb7e344d3c735132913a9f6a5dc5,김영삼대통령생가,역사유적지
40,2525fb019b7ed6df4f69e7df7e857be7,조선해양문화관,전시시설
41,b70f9665d8cdc24afd633aec251631ef,버드앤피쉬체험장,기타관광
42,96a435478eb5262f4e2771b262cfa510,거제자연휴양림,자연공원
43,ec8b0ee0ee9dc223795d2e508d7ce2c6,라마다스위츠거제,호텔
44,2733c445fccee75ed7069012f84ed43f,거제맹종죽테마파크,테마공원
45,82f5642b943ea1592d4cb7af74dc0fbe,능포항,자연경관(하천/해양)
46,73d71f7a9534de6a8e6c2857db321121,장승포시외버스터미널,교통시설
47,ade92cfff310552abea681c769931d77,근포마을동굴,기타관광
48,49669cc7517f9d4dda167e69a090a1f7,해금강유람선터미널,교통시설
49,6961752d9783f560810c4a09e5b90825,양지암조각공원,도시공원
50,9f688b96dfd4ec3774c459313060087e,거제식물원,테마공원
51,8c3f27af9ce559c5e87ad2627cb7d508,칠천도,자연경관(하천/해양)
52,aa6212693bb7029b1eb3b45f196f84e7,지세포관광유람선,교통시설
53,4838d4944221239d9fcb38ebe693ed61,거제목재문화체험장,기타문화관광지
54,f91155372a965c01c8953b59ebb8ca08,계룡산온천,웰니스관광
55,a08697d90f31c7feea8bad36e88ce1d6,이수도선착장,교통시설
56,d39f1a1df6a320f46f92c5304205e2ae,능포낚시공원,수상레저스포츠
57,995e1fda4a2b5f55ef0df50868bf2a8f,가조도,자연경관(하천/해양)
58,4ef3a002d04b89c92f711627548e0a28,흥남해수욕장,자연경관(하천/해양)
59,3d9382feaf484d2264c6ff2e01046852,학동자동차야영장,캠핑
60,b43e49b1fc20ff9f2658bfcc9bcd8586,해금강,복합관광시설
61,d9eff627366187e86ecf4415d22e2209,죽림해수욕장,자연경관(하천/해양)
62,94af31dd7219c3d6b64adaace126c3e8,산달도,자연경관(하천/해양)
63,0e12a5e3b59cd070195ca6c99e41bc0c,둔덕가족생활체육공원,도시공원
64,9cfdcd3502acffcaefb4f035cf5ae10a,오아시스호텔,호텔
65,a9ad4e32c8d841869f4bf5980626344d,와우쥬거제점,테마공원
66,794d40fdfa8ac18ad604289ab46b60c0,옥포대첩기념공원,도시공원
67,15a7cf9524e4d3ec0e14ce636ca2af3f,도장포유람선터미널,교통시설
68,d92e7305d8a521e71cd68abcf2e75db2,유호전망대,랜드마크관광
69,4748304d27d5f4ccc353535e8612d8cc,구조라항,자연경관(하천/해양)
69,2396021a15e35d1a7579153a04507a07,여차홍포전망대,랜드마크관광
71,0d172947716c21d25ceeefdefcc97ba5,와현유람선터미널,교통시설
72,c8ca1d98e4271c3cec2586f336c941b9,농소몽돌해수욕장,자연경관(하천/해양)
73,ed0aa24f3a6a687669ecd55eb985bede,다솔승마클럽,육상레저스포츠
74,6c227306a92f9d81cc0c514a7a1f7aa6,홈포레스트리조트,콘도미니엄
75,b386fa3c7e6e15e9f9ec04bdb2237a8f,호텔상상,호텔
76,e4581ebdd7dc4a71d8ed82497833a573,황포해수욕장,자연경관(하천/해양)
77,5a3381da602364fb1d70137957f480b8,프래밀리풀빌라호텔,호텔
78,7a8528313fd3210c452abba7a3a13158,오션테라,콘도미니엄
79,800a520df224072d233326920a69b12c,거제선셋한옥풀빌라&리조트,펜션/민박
80,4d6d29846b24ab1d8f0a1bab1d4c57f7,능포수변공원,도시공원
81,fc1c7da1f96084cd9090c58dbe544a14,스터번호텔,호텔
81,955dfc26a12c1b03725546f4fbea634f,옥포항,자연경관(하천/해양)
83,8672fb8cc551073231dcb001a441e06e,대포항,자연경관(하천/해양)
84,1e30650d4500f5b645ea4e10437304b7,어구항,자연경관(하천/해양)
85,9724eaba265ae642aa76ee18c7874946,거제섬꽃축제,기타문화관광지
86,950a327e0358c1763bd63080040e9f86,장승포유람선선착장,교통시설
87,f1cbf7052c5b1ead5b2dc45f436402a7,물안해수욕장,자연경관(하천/해양)
88,5b5dc56b04a47f100cbdb145f8e86ed3,지세포항수변공원,도시공원
89,f8c38f09f1d8a846211bf81c637f9e3b,오션뷰카트체험장,기타레저스포츠
90,e740b9cb391f718f593932d77aed9029,신선대,기타관광
90,570e675a7e5397a52ef1dc31514b31e8,신선대전망대,랜드마크관광
92,a1431cde8d6c3f68e6dea0f47d02cb17,장승포수변공원,도시공원
93,c992dcaa5c9958ad8d872efa2f56ad2c,바람의언덕리조트,콘도미니엄
93,ac32231f7636d76769ac4d39d68820c2,외도유람선장승포선착장,교통시설
95,9d0e2dc84b889ca1ef01ea855b541157,하청야구장,레저스포츠시설
96,b70e9096c0c2fe4758f3cbe24ddd7969,리인스테이,호텔
97,7bca78e1ec4032c2ad49cdbe8b47f74a,산달바다캠핑장,캠핑
98,55a19e6309c7c6b0953e9ef41c2285e0,독봉산웰빙공원,도시공원
99,875daefcc24feaad3215f7dbb6264e7e,함박금스테이,캠핑
100,b920bcc29d09636ae8f586a031c91bc9,해금강테마박물관,전시시설
