﻿시군구명,시도명,관광지명,구분,방문자수
거제시,경상남도,이수도(거제),자연관광지,24840
거제시,경상남도,거제식물원(거제정글돔),자연관광지,8485
거제시,경상남도,근포동굴,자연관광지,7356
거제시,경상남도,매미성,자연관광지,6590
거제시,경상남도,바람의 언덕,자연관광지,6159
거제시,경상남도,외도 보타니아,자연관광지,2919
거제시,경상남도,거제케이블카,자연관광지,2885
거제시,경상남도,거제도 포로수용소 유적공원,역사관광지,2709
거제시,경상남도,거제도 해금강,자연관광지,2215
거제시,경상남도,거제 계도어촌체험마을,체험관광지,2056
거제시,경상남도,거제 관광모노레일,체험관광지,1748
거제시,경상남도,문재인대통령 생가,역사관광지,1743
거제시,경상남도,외도 보타니아,휴양관광지,1735
거제시,경상남도,거제고현시장,쇼핑,1641
거제시,경상남도,지심도,자연관광지,1555
거제시,경상남도,거제씨월드,문화시설,1467
거제시,경상남도,학동자동차야영장,육상 레포츠,1292
거제시,경상남도,한화오션 거제사업장(구_ 대우조선해양 옥포조선소),산업관광지,1222
거제시,경상남도,신선대 전망대,건축/조형물,1194
거제시,경상남도,외도 구조라 유람선,휴양관광지,1177
거제시,경상남도,학동흑진주몽돌해변,자연관광지,1133
거제시,경상남도,거제 옥화마을,체험관광지,1041
거제시,경상남도,거제어촌민속전시관,문화시설,933
거제시,경상남도,내도(거제),자연관광지,928
거제시,경상남도,칠천도,자연관광지,870
거제시,경상남도,해금강유람선,휴양관광지,838
거제시,경상남도,산방산 비원,자연관광지,836
거제시,경상남도,숲소리공원,자연관광지,778
거제시,경상남도,흥남해수욕장,자연관광지,713
거제시,경상남도,외도유람선 외도랑 / 와현유람선터미널,휴양관광지,657
거제시,경상남도,거제도,자연관광지,656
거제시,경상남도,거제칠천도크루즈유람선,휴양관광지,653
거제시,경상남도,거제식물원,자연관광지,613
거제시,경상남도,어구선착장/ 어구항,자연관광지,594
거제시,경상남도,거제맹종죽테마공원,휴양관광지,572
거제시,경상남도,거제대교,건축/조형물,561
거제시,경상남도,장승포항,자연관광지,560
거제시,경상남도,여차 홍포전망대,건축/조형물,534
거제시,경상남도,황포해수욕장,자연관광지,531
거제시,경상남도,장승포항 벽화골목(장승포 기적의 길),체험관광지,524
거제시,경상남도,옥포항 해안둘레길,육상 레포츠,522
거제시,경상남도,거제해양레포츠센터,레포츠소개,521
거제시,경상남도,저도(거제),자연관광지,500
거제시,경상남도,포게더카라반,육상 레포츠,483
거제시,경상남도,시방선착장,자연관광지,478
거제시,경상남도,장사도 유람선,휴양관광지,455
거제시,경상남도,한려해상국립공원(거제),자연관광지,454
거제시,경상남도,명사해수욕장,자연관광지,448
거제시,경상남도,한화리조트 거제 벨버디어,휴양관광지,445
거제시,경상남도,공곶이,산업관광지,431
거제시,경상남도,해안거님길,육상 레포츠,427
거제시,경상남도,장승포수변공원,휴양관광지,407
거제시,경상남도,옥계오토캠핑장,육상 레포츠,403
거제시,경상남도,도장포유람선,휴양관광지,392
거제시,경상남도,거제도해수보양온천,휴양관광지,382
거제시,경상남도,거제자연휴양림,자연관광지,374
거제시,경상남도,거제문화예술회관,문화시설,365
거제시,경상남도,해금강테마박물관,문화시설,354
거제시,경상남도,가조도,자연관광지,353
거제시,경상남도,거제 썬트리팜리조트,숙박시설,353
거제시,경상남도,구조라해수욕장,자연관광지,348
거제시,경상남도,올담농원,산업관광지,327
거제시,경상남도,쌍근오토캠핑장,육상 레포츠,325
거제시,경상남도,거제 대우조선해양 옥포조선소,산업관광지,319
거제시,경상남도,여차해변 (여차몽돌해수욕장),자연관광지,319
거제시,경상남도,거제 덕포랜드 씨라인,복합 레포츠,317
거제시,경상남도,대포항 / 대포근포항,자연관광지,308
거제시,경상남도,칠천량해전공원전시관,문화시설,306
거제시,경상남도,노랑버덩,자연관광지,303
거제시,경상남도,두모몽돌해변,자연관광지,302
거제시,경상남도,옥포국제시장 / 옥포시장,쇼핑,301
거제시,경상남도,망치몽돌해수욕장,자연관광지,296
거제시,경상남도,거제 학동리 동백나무 숲 및 팔색조 번식지,자연관광지,287
거제시,경상남도,죽림해수욕장,자연관광지,287
거제시,경상남도,농소몽돌해변,자연관광지,281
거제시,경상남도,거제 유호리전망대,건축/조형물,280
거제시,경상남도,소노캄 거제 마리나베이 요트투어,수상 레포츠,274
거제시,경상남도,저구항,자연관광지,273
거제시,경상남도,김영삼 전 대통령 생가,역사관광지,265
거제시,경상남도,사곡해수욕장,자연관광지,262
거제시,경상남도,거제자연예술랜드,자연관광지,261
거제시,경상남도,동부저수지,자연관광지,260
거제시,경상남도,삼거동 청사초롱 체험마을,체험관광지,260
거제시,경상남도,거제문화원,문화시설,257
거제시,경상남도,호텔상상,숙박시설,254
거제시,경상남도,산달도,자연관광지,246
거제시,경상남도,거제 어구낚시마을,체험관광지,241
거제시,경상남도,지세포항수변공원,휴양관광지,238
거제시,경상남도,함목몽돌해변,자연관광지,232
거제시,경상남도,여차_홍포간 해안도로,자연관광지,227
거제시,경상남도,외도와현유람선,휴양관광지,223
거제시,경상남도,장승포 해안일주도로,자연관광지,223
거제시,경상남도,거제도해초쑥 영농조합법인,산업관광지,221
거제시,경상남도,거제조선해양문화관,문화시설,221
거제시,경상남도,지심도선착장,자연관광지,219
거제시,경상남도,포로수용소유적박물관,문화시설,216
거제시,경상남도,양지암조각공원,문화시설,214
거제시,경상남도,옥동 힐링가든,자연관광지,206
거제시,경상남도,어방가,음식점,203
거제시,경상남도,옥포수변공원,휴양관광지,203
