﻿순위,관광지ID,업소명,분류
1,546664e93ec3b1a6b5c232c5b397c80e,온더선셋,카페/찻집
2,3e0f9e099db48c1e8b541ea41d1591e4,더블유181,카페/찻집
3,d900734aceb12db8728c2f2598750225,마소마레,카페/찻집
4,daa6cff9ba435d8b3083dd7be5211d71,한꼬막두꼬막,전문음식
5,dd2e51a8f0b26bf2837429e4f968a8be,바람의핫도그본점,간이음식
6,fdf6e9612db1f8440766d3fb1375caf6,만선호해물칼국수,한식
7,bf266b07f5c84864f700d003f9215714,젬스톤거제점,카페/찻집
8,abb6c0008fb58cfc082683e684e75757,예이제게장백반본점,전문음식
9,0bdfd8cd07fbca7e807bcb93916da27c,배말칼국수김밥본점,한식
10,55119882bc2c3306d3cbadd17ea2b67b,쌤김밥,간이음식
11,b9d05a872e13e8bee20308a986d1e9d1,거제보재기집,전문음식
12,38d5fcc6715ff1a5ee5cc67075f97eb8,하면옥본점,한식
13,65c153c4c26024c7876f464deec3dd99,대박난맛집,한식
14,d164718244fc5303caf19db5ccd786d7,심해,카페/찻집
15,8dadec40506ffd900bf94176a0a0b257,성포끝집,전문음식
16,5cd7f241d5c2bd66ddbc84792ee1e725,외도널서리,카페/찻집
17,3f6f9bba379a679d9318df034ed2a619,오송웨이브,카페/찻집
18,e9853f93fae71b9dfc8202f2f830392b,어방가,전문음식
19,f99b5daf1aa0bb8845a81c9b8392d4cd,스타벅스거제대로DT점,카페/찻집
20,0b623a1a72ce98d67f7810a5f2f13c1d,더꽃매미성점,한식
21,dad9abc2462e20aa29afcecb024d3ff4,글래씨스,카페/찻집
22,27ff3eb6481cfed05a1d5e9b490f2387,짹짹커피거제도본점,카페/찻집
23,2146b76f7f4873ba7c00b40335977dc4,스타벅스거제옥포DT점,카페/찻집
24,2e0877111d8fa068b2e63d52220ea457,마틴커피,카페/찻집
25,24134bddc5986a6e355da33d9b3ccc62,강성횟집본점,전문음식
26,e411f63bbc3892b0918b5c2681208e9e,거제해금강회센터,전문음식
27,dfd880fe0c8eabbb5c302db8dc214f16,몰리힐스,카페/찻집
28,af5b462b841ce7200c837ee8645c115d,웅아물회,전문음식
29,17e46a9f83c6a93aa57bdae5226009e0,시방리카페,카페/찻집
30,1d312d68b200651db3f16112e18e7a89,배말칼국수김밥거제장목점,한식
31,01ee856ebae41f8779a45d838df2dba8,배말칼국수김밥거제학동점,한식
32,4e17ffb2794cdc5f36a717f09d676e06,더꽃본점,한식
33,02b08c3cac17f8b5be89efa44c013b32,바릇,전문음식
34,4a2e72a997b17117492bce4b51a0e98a,백만석,한식
35,f9d4c16fb52a15581769b8b84be30964,장수굴국밥,한식
36,71c293582b3433121d44e87c47f1fe0e,파인에이플러스,전문음식
37,74abb9d755e6dd60c3b027038e4ceab7,초정명가,전문음식
38,256c12bd05ca3951eb69ef97657904e6,거제멸치쌈밥,한식
39,f96c7fa8739718d9a52be840d8642ac5,맥도날드거제옥포SK DT점,간이음식
40,fdf654ebf67dc0b6ee0e7fa57e13a9d5,미촌,전문음식
41,d68346b7ac3ed5ee6f04a54e1152e867,해뜨는집,전문음식
42,03a7b23d3f8c964abce83ba60c65f961,싱싱게장,한식
43,485dbeaf563be4362cea43ee82820f8c,블랙업커피수월점,카페/찻집
44,587886a11b861f4c7c4513c0a9efa894,미피카페,카페/찻집
45,f2d4512c22c5d414e6b55c9ca7fe67b5,금농갈비,한식
46,717fe4f4bb96bb8d3b3555e3ed1e5b40,승천냉면갈비찜,한식
47,05e1e2dc5b8f243110b013fb4d264b97,스타벅스거제고현점,카페/찻집
48,dab247312d1e69c20eb9191e5855a15e,윤돌커피,카페/찻집
49,ab7871750adcdc96a341c37045bbc0a0,물레방아한정식[한식],한식
50,9db2de4857a7579ca5bf1cbfe7c75f11,우진,전문음식
51,87d18c9bb94006cd0345c2deb0939156,점순이네밥집,한식
52,5982991a2830f80a66b154afd7216c5c,모정해물탕,한식
53,34ed0e24cb933828634488fbe9fc830e,거장물총칼국수장목점,한식
54,f18c5575e83e7dbfc49ad42eba346278,박정현게장백반[한식],한식
55,7b949ed47daf47c0c0845b5df7f440c8,집밥청보리[한식],한식
56,a5f1b5a349d58c701c03d60d1570b1f1,포로수용소굴구이고현점,전문음식
57,f27809016a42abaf5574cbdfe5e47755,배말칼국수김밥고현직영점,한식
58,8c4fb57ae5b4a63be80ba8e30334cf49,거장물총칼국수,한식
59,40495e6f5efe3d0372f98abd6fe716ee,원조거제굴구이,전문음식
60,cfcb84b8c8a0a30828c5573cfbeee9a0,그루브인,카페/찻집
61,73752768c1457d6859819ca3da5dc022,예이제게장백반구조라점,전문음식
62,bf755b68052871447b09927d0a4247bf,배말칼국수김밥거제면점,한식
63,9a03674c0bc3a5076104d9fd681093af,지심도횟집,전문음식
64,94c5d2351505e5629017b9e26c6d4002,충무김밥,간이음식
65,31d29d3021b3982b550437ea66528fef,생생이,전문음식
65,b1e824a903e41dec3fd8c5836004cf66,박가네돌판찜,한식
67,c8fd3b133c0e40e9fde920294ee1dadb,1박2일맛있는집,한식
68,637f21133feacb96758265f61f0c962b,덕둔버거,간이음식
69,f6ba75954232fb3c5fe9bcb3f751dfe4,생생게장백반고현점,전문음식
70,49d754b47fb57eaaa67fb3e257956abf,소향다원,한식
71,63e30b18c8fc86d4ff092d477df5afd8,충남식당,한식
72,c7c4ebc1ebbc2207b15eb854a3f53ba3,스타벅스소노캄거제점,카페/찻집
73,5bc8b3c7280bf55ee88e6105c2d4c0c4,카페구아나,카페/찻집
74,e956aee7b01ddc00255598452406a361,항만식당본점,한식
75,d2baaf89dd9a735bd7d2f85b7699f5f5,중앙식당,한식
76,ad29b248286bbbef3cd9fa80adb3615a,카페바람의언덕,카페/찻집
77,8883a9fbbe70cf7885048f574117d332,하루솥밥,한식
78,d9b1af003b0fef69b3cff06cd8c6d01a,파평옥거제아주점,한식
78,60d0c3590c28461c5f7f77f38f55fe11,바삭꽈배기,간이음식
80,1fe6207c429483eafe9c3beb114f3204,N436,카페/찻집
81,20281615fbda13c734bcf49fab199322,둔덕농협한우관,한식
82,0b39b486f656baec603e59c494b55292,매미면가,간이음식
83,4545d2f2977ae3af5dca4f767a4cfdb2,맥도날드거제점,간이음식
84,cf01eceba678b14eb05506a076b59f9a,삼남매전복과해물뚝배기,전문음식
85,b55bb94280fb88bfcff637ad897a98c2,신선횟집지세포본점,전문음식
86,e91db82e309f35df5b6f8fbf0101d97a,삼삼해물장승포점,전문음식
87,54a94b9f269435455af6a2115b790935,무지개펜션에스프레소,카페/찻집
88,0a8b4ec9ac085aab60ebe42bbe794c78,별난횟집매미성본점,전문음식
89,019aa17e2b801e42bf84cbb2a9dd0d96,메리클리프,카페/찻집
90,00280b2fc96b67e907f3e8dfcac9f5b7,하청굴구이마당,전문음식
91,87cd30ab998034af6666a49d0e7877ea,구이조아라,한식
92,254752dce95ef95bbac852669276aa52,서피버거,간이음식
92,fe888122b648183a8ff2236de3cac077,더외간,카페/찻집
94,fc0b0bda033ceeb70e39acc2d152c399,여기로가조,음식점기타
94,4e6320f211ade02ec055b2491e66d4cf,몽그레식당,한식
96,0e8ac72dab9e5746eb1cf13457b42a5d,바람의언덕맛집,전문음식
97,e0738d62cd7f3ba706bb691a591a6dc2,오복미역거제점,한식
98,4c41782cce1168031b27836178b340ae,에버어뮤즈,카페/찻집
99,167a0e1fd3f7197da9602ddf0146cd4f,온기당,한식
100,052b726816ed78d5971900a0da613675,김순희굴국밥&영양솥밥,전문음식
