﻿순위,관광지ID,관광지명,분류
1,fa4c6bf18d63d643ec383e508c8f10fb,거창버스터미널,교통시설
2,5879d04b5bd5983e98889bc9167e9323,거창창포원,테마공원
3,cfc42bef053cd2e1a6bd130188f035d3,거창Y자형출렁다리,기타관광
4,98bd59befadff1e4c21d23d81613ae03,백두산천지온천,웰니스관광
5,7d0b30d41f6adcda907f261913df686d,클럽디거창CC,육상레저스포츠
6,d60c24a3d320c44bcd724270bc61f703,수승대,기타관광
7,d611275790536381312c354bee3b4d03,거창전통시장,시장
8,608897faeb545500caecfd6ab6acc78d,거창별바람언덕,기타관광
9,ea9aeaee327f6125b4b091b9c3f69da2,금원산자연휴양림,자연공원
10,c17f8a9ad8ae56d8128f5b583edddbeb,거창스포츠파크,도시공원
11,83ee433ef10520a6f58f3c8fb7ff76f7,거창감악산꽃&별여행,기타문화관광지
12,9fa3195ca582a53513c3ca6e1a2c8371,감악산,자연경관(산)
13,d0b05ae8b1a93c8e4dc4bb95e2ca4953,거창항노화힐링랜드,자연공원
14,b547287306ba16aea0a32c7142f63e62,수승대출렁다리,기타관광
15,50aa871721339e36238547a37a624d11,감악산전망대,랜드마크관광
16,a936a60fc5dfffbbdcae4f28e01292e1,이수미팜베리,농/산/어촌체험
17,9d5401d51d85c95e76023f7210f211fa,에콜리안거창CC,육상레저스포츠
18,7224d495ffb217facb9b848f343bc78f,모텔WHO,모텔
19,b1d493ecdab623c352855a99f10d2216,패밀리관광호텔가조,호텔
20,b7f9c477179b11f4959bd944abb4bfe9,수승대썰매장,육상레저스포츠
21,4cb419fcf90122c0c3c6fb2c04988f74,거창국민여가캠핑장미리내숲,캠핑
22,5bc04777a15e8fb10add19824385779a,오도산전망대,랜드마크관광
23,ebead1b027b9f1dc6d5dab89d107f511,천오모텔,모텔
24,1f3a653fa70152c1651127385a85673d,거창서핑파크,기타레저스포츠
25,f9af5a356af1bd08849cdca8a790f09e,그랜드모텔,모텔
26,76fa2e43f4c9a24d7171c32af76da9fa,타이밍모텔,모텔
27,e56cf56e997e7d3795371a933a2eecac,여기호텔,모텔
28,152f13a12da7d93597611296cd0d4ccf,연수사,종교성지
29,5bebc7185bc2c21ea4e81fb9e759627e,두바이모텔,모텔
29,ec80fc5d4f79ae4ae3924d23e92fbbb7,양지생태마을캠핑장,캠핑
31,34ade025cd2888b32bf3e72c863bbff7,우두령펜션,펜션/민박
32,298b69dbef3aeb37329aceca2e4e664d,병곡달빛고운캠핑장,캠핑
33,ffd9d82986bde99f54e0506691411af8,엔터모텔,모텔
34,3948e09908b6df015adba6d8e9fe669d,고견사,종교성지
35,1494cab5a1893e3b54785f7d7c9aa2fb,롯데시네마거창,공연시설
35,31c277a9f225b4f4a4d0e1e637c7afd5,붓다선원,종교성지
37,bd5f13f4a2f216b17bb79a8fbdcca5d9,거창은행나무길,기타관광
38,54dd3d742a9b6b7e6e22202d53e34190,수승대관광지,복합관광시설
38,5055bc6eb2a2ca5d050f3d70fc630e41,거창월성우주창의과학관,전시시설
40,27e293681c474ee33ee41090fc58f47d,가조온천관광지,복합관광시설
41,97749e1075a4e73fec142041ba472faf,파타야모텔,모텔
42,7909f5ca165f7a0679e7212ef9674f2f,가조온천족욕체험장,기타레저스포츠
43,51b2dea291594502d62e94ba6bc7a5b0,사과테마파크,테마공원
43,589694abfe13c99980b7f6cde4e1babf,씨에프모텔,모텔
45,538787b5719c8c1f1dfb371e1d25cd01,월성계곡,자연경관(산)
46,c3e366d8858dbe306f30c4d4a3bf35c7,송계사,종교성지
47,c941d61cdd3a45590af57739a6fed03d,풍차마을펜션,펜션/민박
48,0d54ec850a5a7b71af960502a1eb16e8,황실모텔,모텔
49,5b83f746744af1cb1b3ac5c772997a83,월성오토캠핑장,캠핑
50,a58094c3fdb7516c8975ccf534521f7e,덕유산휴가촌,펜션/민박
51,ea86b2c92a82ba72b7a0c86fa06bb379,산중오토캠핑장,캠핑
51,6483ac70b72ca5f0a0e0f8eecf469fdb,샵모텔,모텔
53,8eae39c0c387a0b184595c05efb59dd8,주은오토캠핑장,캠핑
53,ef9e973ea207703a5329a3dc42bc7d76,한들파크장,모텔
55,c512717e76dd41ef29e3e90397f39138,어메이징캠프거창점,캠핑
56,bc07583119e505d83be7fc229ad64c91,강가민박,펜션/민박
57,41e3244f3e5ca16fe599b9cd6aa899d2,제이호텔,모텔
58,4d4897f27f5dbcdd4c73a32f175fa45d,자바모텔,모텔
59,cbe237e87471cc66c05e0efbaeeb0920,행복한절,종교성지
60,dd9cc0615ec939e09e8de627a7330fd1,수승대오토캠핑장,캠핑
61,82ead86fcd926d5e98809fb0c627548e,거창박물관,전시시설
62,d31a0508d302b711e1df792fe5897920,황산전통한옥마을,역사유적지
63,089db19361721c1671d61a101539ee95,산울림,펜션/민박
63,5a18b9e49f8bc3cc3f441340db23995b,거창축협가축시장,시장
65,9d6d63b16514e7633b49a74b06a2b021,우두산,자연경관(산)
65,86b00709db75db60e480390f02297583,월성무지개펜션캠핑,펜션/민박
67,7fda078abc70b256161832b63e6fec5f,A&D호텔,모텔
68,196bdde09b679f6589860c523ab7f508,리베라모텔,모텔
68,ef63bd1ba5e53e7e4a16fa5d6863adff,발렌타인모텔,모텔
70,100bedba8503e522a31c862db648db04,아이호텔,모텔
70,00e5473a2703b6a259b4b64fbc807171,아모르펜션,펜션/민박
72,a9cc2d95248327c70e49624e20f46ea1,산중토방펜션,펜션/민박
73,001c54a076e23fb59374a16bf1b0c957,휴일엔펜션&캠핑,펜션/민박
74,8c8d79da309950581813ae9b3c7e5a4f,사선대황토펜션,펜션/민박
75,9ff62dc0a0ffb80fd0b782ea950a48d5,병아리펜션,펜션/민박
76,a0ad0a66427f1cd41e4423e8e7524c49,오로라승마장,육상레저스포츠
77,d1822949f462cbbf9793e39e8ad64e4e,조계종용화사,종교성지
78,645186ad2c4c5b7503ccd246ea57ac96,부엉이풀빌라펜션,펜션/민박
78,822e462a370ed768003d60cad3dd0e2b,덕천서원,역사유적지
78,3248c29160982fc2186d47ec9f4c3d23,팔레스모텔,모텔
81,288e820e6c88ca554c49865a5b63f053,오렌지모텔,모텔
81,72436acb553d6051d541cb076a7facdf,스테이라온펜션,펜션/민박
83,6edcfa6afe61b60ac5718e528a6bb070,월성자연캠핑야영장,캠핑
83,2463f649bf07691f62c975e1ecd10f67,본모텔,모텔
85,124d51f8ae46364f9520f5f85718246f,거창군월성청소년수련원,육상레저스포츠
86,25cd8876f7852eb5d0c5e9260f5d8135,거창노랑펜션,펜션/민박
86,8410d78372a1bbdfaaca64ed42c7b52e,새한장여관,모텔
88,4b74e3bfe30bb8d5e3b22827284cee63,포도송이펜션,펜션/민박
88,afdfd3571c7a92e287fda2cf21bd16c3,풍경안에서,펜션/민박
90,d77a45092d5402d483a946697493eadc,풀빌라봉스테이,펜션/민박
90,6c95ddcb8b4288999abd43f91acc28d3,주은자연휴양림,자연공원
92,aba186113c609bc8f9a067233fe0f821,거암펜션,펜션/민박
93,3802ec53424998c05459c2e5f5f49985,별마중펜션,펜션/민박
93,0429eee4ba02b76c9f137b7f1df60992,가조모텔,모텔
93,4c692406f6e01c49826a63bcef4d53fe,아리솔펜션,펜션/민박
93,c17f4db37a1b341df73aed5f203928e8,거창한마당대축제,기타문화관광지
93,cda47481aa58c7ad5d0431bcb7adf70a,아이스펜션,펜션/민박
98,0c58cf10f2c2bb14651c556af6ff33b8,거창동계종택,역사유적지
98,3048693c84071c7d179c150de218e8c1,거창청소년문화의집,육상레저스포츠
98,d13bdef8d4f674b13e8221ef664b1009,그린파크모텔,모텔
