﻿순위,광역지자체명,기초지자체명,관광지명,기준연월,입장객수,입장객총계
1,경상남도,거창군,가조온천관광지(백두산천지온천),202301,30294,266105.0
1,경상남도,거창군,가조온천관광지(백두산천지온천),202302,23679,266105.0
1,경상남도,거창군,가조온천관광지(백두산천지온천),202303,21995,266105.0
1,경상남도,거창군,가조온천관광지(백두산천지온천),202304,21085,266105.0
1,경상남도,거창군,가조온천관광지(백두산천지온천),202305,21285,266105.0
1,경상남도,거창군,가조온천관광지(백두산천지온천),202306,16191,266105.0
1,경상남도,거창군,가조온천관광지(백두산천지온천),202307,16564,266105.0
1,경상남도,거창군,가조온천관광지(백두산천지온천),202308,16832,266105.0
1,경상남도,거창군,가조온천관광지(백두산천지온천),202309,19447,266105.0
1,경상남도,거창군,가조온천관광지(백두산천지온천),202310,23798,266105.0
1,경상남도,거창군,가조온천관광지(백두산천지온천),202311,24393,266105.0
1,경상남도,거창군,가조온천관광지(백두산천지온천),202312,30542,266105.0
2,경상남도,거창군,항노화 힐링랜드,202301,11579,209456.0
2,경상남도,거창군,항노화 힐링랜드,202302,13390,209456.0
2,경상남도,거창군,항노화 힐링랜드,202303,15623,209456.0
2,경상남도,거창군,항노화 힐링랜드,202304,18084,209456.0
2,경상남도,거창군,항노화 힐링랜드,202305,16533,209456.0
2,경상남도,거창군,항노화 힐링랜드,202306,15953,209456.0
2,경상남도,거창군,항노화 힐링랜드,202307,9305,209456.0
2,경상남도,거창군,항노화 힐링랜드,202308,15031,209456.0
2,경상남도,거창군,항노화 힐링랜드,202309,20725,209456.0
2,경상남도,거창군,항노화 힐링랜드,202310,40950,209456.0
2,경상남도,거창군,항노화 힐링랜드,202311,21415,209456.0
2,경상남도,거창군,항노화 힐링랜드,202312,10868,209456.0
3,경상남도,거창군,금원산자연휴양림,202301,8388,85963.0
3,경상남도,거창군,금원산자연휴양림,202302,4820,85963.0
3,경상남도,거창군,금원산자연휴양림,202303,4286,85963.0
3,경상남도,거창군,금원산자연휴양림,202304,6068,85963.0
3,경상남도,거창군,금원산자연휴양림,202305,3344,85963.0
3,경상남도,거창군,금원산자연휴양림,202306,4771,85963.0
3,경상남도,거창군,금원산자연휴양림,202307,11703,85963.0
3,경상남도,거창군,금원산자연휴양림,202308,17474,85963.0
3,경상남도,거창군,금원산자연휴양림,202309,8430,85963.0
3,경상남도,거창군,금원산자연휴양림,202310,6859,85963.0
3,경상남도,거창군,금원산자연휴양림,202311,5298,85963.0
3,경상남도,거창군,금원산자연휴양림,202312,4522,85963.0
