﻿순위,관광지ID,업소명,분류
1,be74410fd3d817c01c9e66753f515775,창성[중식],외국식
2,694418933f507b0a55d49dde2ddf2615,도감어가,한식
3,d4a909add91c0a799611389a5a4a3cc3,해플스팜사이더리,카페/찻집
4,549adb0b91ec2b478d2f78dcf7e8b9e6,민들레울,카페/찻집
5,5d9cd96c0db6303011b82f7d93bc4a09,다우리밥상[한식],한식
6,16c7003d71e383bcd1ff19944883f4c6,외양간구시,한식
7,370b17d07090669cbb95f7dec2de2657,구구추어탕,한식
8,884b7575d8623c2c56b017240f4c1f14,이수미팜베리농가레스토랑&카페,카페/찻집
8,a74b24d6400b39110b8fc90ce36711c6,마리반점[중식],외국식
10,1ce96aa6f84e106e959b506f7ecdf8b9,거창축협한우팰리스,한식
11,8616df2547712a3a1d16eaf4583c6933,수승대오담,한식
12,b9020d353ca16eacaec3ca948941f57f,카페라핀,카페/찻집
13,ba9186cd99433242ad43088f75d1d157,월성계곡산장,한식
14,8514337842c09d744c9b408b4c90673b,가조가마솥육개장순두부,한식
15,99b237b39b034b563e0a7d536d192851,비룡[중식],외국식
16,8e37cb55c0f502ca816eb0e4ff3845d4,동바리해장국,한식
17,4395babd2ec10a079ed0858a8432ad9a,투썸플레이스경남거창점,카페/찻집
18,02d62a6d28b7ee174a9a41817818755a,마리해물칼국수,한식
19,8ac2e9c29eeff3d4843d47c24fbcd873,모든식당,한식
20,118cda8221f5bc406d7c202f0eb82ee2,쌍쌍식육식당,한식
21,8828cefacf0f7301edfa412565327bf4,우담,한식
22,c839662b9b806d6cd80d1b7a9da600a6,왕우렁쌈밥약닭약오리탕,한식
23,632bfb13da4deea2915f2872b3b6098d,플로라,카페/찻집
24,89a0a14655f4237ca309ad920e40a478,버거킹경남거창점,간이음식
25,d14fca0666cbcd86dfbbccd71e3e06f4,엔제리너스경남거창점,카페/찻집
26,04946f69fefe3481a58204ad1ced6a19,베지나랑키친,한식
27,6d7b803fdeb4a1f9799f1e1ea0539d2a,삼산이수,한식
28,c2032046d000994c67b277cdf9966f5d,신미국밥,한식
29,4b2507bb4bbf781ff35c8d03b030f2bc,경원해물찜,한식
30,968e8795f9939d379917a805b69e6a89,대전식당,한식
31,49b7da9b280579e034a7658a4b5029ef,메가커피거창점,카페/찻집
32,6a48d81708d82d44984c4d7947e096f3,병곡횟집,전문음식
33,d515821dd0898ff93e26b6e5f2cc5beb,대구회가든,전문음식
34,ab7a5d1e6c717c5309451d38f0edbb48,롯데리아거창점,간이음식
35,ab2b034043a2fc608878c30fc4cd9c9f,어림지거창점,한식
36,4473c20eef5d8d299e0bdb26a6507d44,코바코거창휴게소대구방향점,외국식
37,f03a0ecf13fe7f0b30fd5b6ecc5db973,더무그,간이음식
38,3785159a0e11bfaa2d58fb917b3e02e3,원동별미갈비찜,한식
39,e33cdaab271ee02ebaee1e6bff92feac,리시안3호점,카페/찻집
40,63aaaac2f13ef21252dee3e010d92294,하고리,카페/찻집
41,54562261bc56e02ccd8a4a795c23796a,소반한정식[한식],한식
42,cb9366a9694947fbc2bf324a2f59a2f7,채연면옥,한식
43,d1b04e2bf0db87d56075e88289da6f57,단계식당,한식
44,9f25c00809b53eff8cee4fb272bd3649,카페쿠쿠오나,카페/찻집
45,834b3e5b8de3657c36de1f2ace715283,핸즈커피거창점,카페/찻집
46,a4095b84b10fe4993e58b8179bd14768,케빈커피로스터스거창점,카페/찻집
47,e5eff780767923a7cfdd5b28b0985cbc,장고개식당,한식
48,39faedd5b5cac6e1394b583ef02ca5f0,거창왓쇼이,외국식
49,558823cbbd01a5b671491ce81e3e0fce,텐퍼센트커피경남거창점,카페/찻집
50,870d4508383a5f292194448458c43c38,이디야커피경남거창점,카페/찻집
51,f500ce6663a6c399a2bce79b2aa3be84,거창산마루,한식
52,d83486266e3f2373469ad34e94c3ddef,명당,전문음식
52,52c8ee56cc53da862ebc0f5620a8cadd,교촌치킨거창1호점,간이음식
54,75fea9519aa514ed8ee4233516d4bcff,운정골,한식
55,b3ff33a900e087a0a3615a122b9704ec,대산명가,한식
56,8b06cdb4e157b8e5a95b9f59a2556fa1,카페금원산갤러리,카페/찻집
57,72f1165198c11180bbacc4fc687cd7eb,보약장어왕메기가조본점,전문음식
58,43e13fd67500209444a82ec8b8bec666,거창추어탕,한식
59,623a8e63f08b9df23767a8ffaab04b2a,쑤기1977,간이음식
60,4ca9d3db97d5ecc3eb58d15acf8600fc,명륜진사갈비경남거창점,한식
60,3b6a32711456aa0cc5b3559d739a4e47,카페외갓집,카페/찻집
62,678e1d0694c55e8e9c6769dec28bc976,파리바게뜨경남거창점,간이음식
63,bb5f56f443960eba2df84c64f9622f36,신원만평식육식당,한식
64,deb1b19fa0a9c01f36da6c2e80506320,북상2124,전문음식
65,6bae6bf6a8bb1022a3b5bfbe59a39c33,가조한식뷔페,전문음식
66,63c714ec163e66f7b3dcf6ae00e17c54,배스킨라빈스거창점,간이음식
67,4ef875c6e57cc1c59c174debdb6cf76a,설빙거창점,카페/찻집
68,936178af5f7cc1a50503db2bdeece801,장풍가든,한식
69,3d99b8e147003527be80db11806af563,어인산장,한식
70,51a857367f9c8d691a32bdde8963fa3a,도미노피자거창점,간이음식
71,3b48653e6dc07e04cee0f16ab9e4a7f1,제주냉면,한식
72,11426d5fc2c475ff7d7952299af6e82f,맛고을,한식
73,1d752a3944ad69f955d50eb5d70f6371,인풍정식당,한식
74,4bb9813ceaee9312d7b68f29e4a76d1d,샛별초가집,한식
75,5a6fb090fc99908aceca551de3c3e9d4,거창돌짜장갈비찜,한식
76,4cef7cce59c821a3b88f0e5fb54a61fa,가조온천골칼국수스시,한식
77,1f857d41ec349427c4ef187ca5079364,꽃마름거창점,전문음식
78,cf8cec330082ad876f8d3c5ccc8f29a6,파리바게뜨거창아림점,간이음식
79,8db05b15f81e49e266ea3d7ef130334e,코지하우스거창점,전문음식
79,75a42dbcf5d856c4b6a7825d2a2df77e,봉천식당,한식
81,3132b906bc4a3f5886e9c2e649100d62,조선갈비탕,한식
82,94d37d65deee0b3102c294c461c2eebf,토종흑돼지식당,전문음식
83,519eed4aa6bb014fcf40ed49858d2315,SUBWAY경남거창점,간이음식
84,d5320b252ebf40ed9a251e5d9521413c,옥계촌,전문음식
85,9af8dd5a975c29f57a2508048615c8a1,덕유산송계산장,한식
86,255e3d42eaab2ab2d971540a55643aee,산단식당,한식
87,18c8a7aabefbc371f669e4dd09be6969,거창복어,전문음식
88,81defa32d7463302d1e906291488fb24,울산식육식당,한식
88,38f8c5a877e85ee3fb99fb094f70fb3a,두레한정식[한식],한식
88,b011292dfc6e96d86fd721ea87ad8e16,단골식당,한식
88,055dc95a5cea1715abb8e4e570f45c78,꽃두레,한식
92,c5d62c4303160bf4fc04c0d758cfcf97,뚜레쥬르거창스카이점,간이음식
93,f0f02db4e4f791433d93cd7e660d932c,뿔당산장,한식
94,2afd2d8d8f989ffedd12a462e340806f,봉씨네부엌,한식
95,845325fe1b23398260c758738c4c99c9,샤브향거창점,전문음식
96,a4ba45a0a6f2973ee3f041506d107cb4,장마실,카페/찻집
97,164d0c007e87db370602dc88d83bbcda,출렁다리식육식당,한식
98,baf26d54d3c34b48ce0af017eaf86df7,부림거창가든,한식
99,43773cd34f07a9ab862a2ce26d75e72c,항아리왕갈비,한식
100,79cb76788d212b775db3b65d40bf7d71,브런치델리,전문음식
