﻿순위,중심관광지ID,중심관광지명,중심시도명,중심시군구명,중심카테고리 명_중,연관관광지ID,연관관광지명,연관관광지시도명,연관관광지시군구명,구분
1,5879d04b5bd5983e98889bc9167e9323,거창창포원,경상남도,거창군,문화관광,83ee433ef10520a6f58f3c8fb7ff76f7,거창감악산꽃&별여행,경상남도,거창군,문화관광
2,5879d04b5bd5983e98889bc9167e9323,거창창포원,경상남도,거창군,문화관광,bd5f13f4a2f216b17bb79a8fbdcca5d9,거창은행나무길,경상남도,거창군,기타관광
3,5879d04b5bd5983e98889bc9167e9323,거창창포원,경상남도,거창군,문화관광,d60c24a3d320c44bcd724270bc61f703,수승대,경상남도,거창군,기타관광
4,5879d04b5bd5983e98889bc9167e9323,거창창포원,경상남도,거창군,문화관광,cfc42bef053cd2e1a6bd130188f035d3,거창Y자형출렁다리,경상남도,거창군,기타관광
5,5879d04b5bd5983e98889bc9167e9323,거창창포원,경상남도,거창군,문화관광,608897faeb545500caecfd6ab6acc78d,거창별바람언덕,경상남도,거창군,기타관광
6,5879d04b5bd5983e98889bc9167e9323,거창창포원,경상남도,거창군,문화관광,d611275790536381312c354bee3b4d03,거창전통시장,경상남도,거창군,쇼핑
7,5879d04b5bd5983e98889bc9167e9323,거창창포원,경상남도,거창군,문화관광,be74410fd3d817c01c9e66753f515775,창성/[중식],경상남도,거창군,음식
8,5879d04b5bd5983e98889bc9167e9323,거창창포원,경상남도,거창군,문화관광,b547287306ba16aea0a32c7142f63e62,수승대출렁다리,경상남도,거창군,기타관광
9,5879d04b5bd5983e98889bc9167e9323,거창창포원,경상남도,거창군,문화관광,3b22fdb5e1ec9411da4f124b797e11e1,신소양체육공원/핑크뮬리,경상남도,합천군,기타관광
10,5879d04b5bd5983e98889bc9167e9323,거창창포원,경상남도,거창군,문화관광,d4a909add91c0a799611389a5a4a3cc3,해플스팜사이더리,경상남도,거창군,음식
11,5879d04b5bd5983e98889bc9167e9323,거창창포원,경상남도,거창군,문화관광,9fa3195ca582a53513c3ca6e1a2c8371,감악산,경상남도,거창군,자연관광
12,5879d04b5bd5983e98889bc9167e9323,거창창포원,경상남도,거창군,문화관광,694418933f507b0a55d49dde2ddf2615,도감어가,경상남도,거창군,음식
13,5879d04b5bd5983e98889bc9167e9323,거창창포원,경상남도,거창군,문화관광,98bd59befadff1e4c21d23d81613ae03,백두산천지온천,경상남도,거창군,체험관광
14,5879d04b5bd5983e98889bc9167e9323,거창창포원,경상남도,거창군,문화관광,50aa871721339e36238547a37a624d11,감악산전망대,경상남도,거창군,문화관광
15,5879d04b5bd5983e98889bc9167e9323,거창창포원,경상남도,거창군,문화관광,d0b05ae8b1a93c8e4dc4bb95e2ca4953,거창항노화힐링랜드,경상남도,거창군,자연관광
16,5879d04b5bd5983e98889bc9167e9323,거창창포원,경상남도,거창군,문화관광,884b7575d8623c2c56b017240f4c1f14,이수미팜베리농가레스토랑&카페,경상남도,거창군,음식
17,5879d04b5bd5983e98889bc9167e9323,거창창포원,경상남도,거창군,문화관광,5d9cd96c0db6303011b82f7d93bc4a09,다우리밥상/[한식],경상남도,거창군,음식
18,5879d04b5bd5983e98889bc9167e9323,거창창포원,경상남도,거창군,문화관광,c839662b9b806d6cd80d1b7a9da600a6,왕우렁쌈밥약닭약오리탕,경상남도,거창군,음식
19,5879d04b5bd5983e98889bc9167e9323,거창창포원,경상남도,거창군,문화관광,1ce96aa6f84e106e959b506f7ecdf8b9,거창축협한우팰리스,경상남도,거창군,음식
20,5879d04b5bd5983e98889bc9167e9323,거창창포원,경상남도,거창군,문화관광,549adb0b91ec2b478d2f78dcf7e8b9e6,민들레울,경상남도,거창군,음식
21,5879d04b5bd5983e98889bc9167e9323,거창창포원,경상남도,거창군,문화관광,16c7003d71e383bcd1ff19944883f4c6,외양간구시,경상남도,거창군,음식
22,5879d04b5bd5983e98889bc9167e9323,거창창포원,경상남도,거창군,문화관광,4bb9813ceaee9312d7b68f29e4a76d1d,샛별초가집,경상남도,거창군,음식
23,5879d04b5bd5983e98889bc9167e9323,거창창포원,경상남도,거창군,문화관광,8616df2547712a3a1d16eaf4583c6933,수승대오담,경상남도,거창군,음식
24,5879d04b5bd5983e98889bc9167e9323,거창창포원,경상남도,거창군,문화관광,1d752a3944ad69f955d50eb5d70f6371,인풍정식당,경상남도,거창군,음식
25,5879d04b5bd5983e98889bc9167e9323,거창창포원,경상남도,거창군,문화관광,370b17d07090669cbb95f7dec2de2657,구구추어탕,경상남도,거창군,음식
26,5879d04b5bd5983e98889bc9167e9323,거창창포원,경상남도,거창군,문화관광,632bfb13da4deea2915f2872b3b6098d,플로라,경상남도,거창군,음식
27,5879d04b5bd5983e98889bc9167e9323,거창창포원,경상남도,거창군,문화관광,45e910ec0e0d6fb9a46f15816dea4c24,핫들생태공원,경상남도,합천군,문화관광
28,5879d04b5bd5983e98889bc9167e9323,거창창포원,경상남도,거창군,문화관광,a936a60fc5dfffbbdcae4f28e01292e1,이수미팜베리,경상남도,거창군,체험관광
29,5879d04b5bd5983e98889bc9167e9323,거창창포원,경상남도,거창군,문화관광,822e462a370ed768003d60cad3dd0e2b,덕천서원,경상남도,거창군,역사관광
30,5879d04b5bd5983e98889bc9167e9323,거창창포원,경상남도,거창군,문화관광,db67463df02bc73e9baf2bdbab4e47b8,늘봄가든,경상남도,함양군,음식
31,5879d04b5bd5983e98889bc9167e9323,거창창포원,경상남도,거창군,문화관광,f8a88988d7a5b422627ac40ef8c9f733,현풍닭칼국수/거창점,경상남도,거창군,음식
32,5879d04b5bd5983e98889bc9167e9323,거창창포원,경상남도,거창군,문화관광,a74b24d6400b39110b8fc90ce36711c6,마리반점/[중식],경상남도,거창군,음식
33,5879d04b5bd5983e98889bc9167e9323,거창창포원,경상남도,거창군,문화관광,9cd7c56099057dfacf2897575aff8fe2,상림공원,경상남도,함양군,문화관광
34,5879d04b5bd5983e98889bc9167e9323,거창창포원,경상남도,거창군,문화관광,d31a0508d302b711e1df792fe5897920,황산전통한옥마을,경상남도,거창군,역사관광
35,5879d04b5bd5983e98889bc9167e9323,거창창포원,경상남도,거창군,문화관광,6cbb371fdb6401775d4f63261159cdef,해인사,경상남도,합천군,역사관광
36,5879d04b5bd5983e98889bc9167e9323,거창창포원,경상남도,거창군,문화관광,c17f8a9ad8ae56d8128f5b583edddbeb,거창스포츠파크,경상남도,거창군,문화관광
37,5879d04b5bd5983e98889bc9167e9323,거창창포원,경상남도,거창군,문화관광,8514337842c09d744c9b408b4c90673b,가조가마솥육개장순두부,경상남도,거창군,음식
38,5879d04b5bd5983e98889bc9167e9323,거창창포원,경상남도,거창군,문화관광,7ac796586c91d5cc49ddfc9e8c2e4c94,용원정,경상남도,거창군,역사관광
39,5879d04b5bd5983e98889bc9167e9323,거창창포원,경상남도,거창군,문화관광,a49dc7e3bc1884144b1aded253da317c,황매산오토캠핑장/제1캠핑장,경상남도,합천군,숙박
40,5879d04b5bd5983e98889bc9167e9323,거창창포원,경상남도,거창군,문화관광,ea9aeaee327f6125b4b091b9c3f69da2,금원산자연휴양림,경상남도,거창군,자연관광
41,5879d04b5bd5983e98889bc9167e9323,거창창포원,경상남도,거창군,문화관광,a82bb428cd4271ca0da27b1edce17d22,거창허브빌리지라벤더헤이즈,경상남도,거창군,문화관광
42,5879d04b5bd5983e98889bc9167e9323,거창창포원,경상남도,거창군,문화관광,a9a52838f3ed286ff4f3ac04fc6eabad,거창죽전도시숲공원,경상남도,거창군,문화관광
43,5879d04b5bd5983e98889bc9167e9323,거창창포원,경상남도,거창군,문화관광,ceee60a0760ee3ca1ddb88c5f8709e74,진주남강유등축제,경상남도,진주시,문화관광
44,5879d04b5bd5983e98889bc9167e9323,거창창포원,경상남도,거창군,문화관광,152f13a12da7d93597611296cd0d4ccf,연수사,경상남도,거창군,역사관광
45,5879d04b5bd5983e98889bc9167e9323,거창창포원,경상남도,거창군,문화관광,cd66e244f3854c46a3da8ee8dc55b768,한들식당,경상남도,거창군,음식
46,5879d04b5bd5983e98889bc9167e9323,거창창포원,경상남도,거창군,문화관광,efcc82975c461bc8f888cf6e1a3ffcce,합천영상테마파크,경상남도,합천군,문화관광
47,5879d04b5bd5983e98889bc9167e9323,거창창포원,경상남도,거창군,문화관광,ae92e362124dc9e7d0881f8ab3003078,함양산삼축제,경상남도,함양군,문화관광
48,5879d04b5bd5983e98889bc9167e9323,거창창포원,경상남도,거창군,문화관광,11426d5fc2c475ff7d7952299af6e82f,맛고을,경상남도,거창군,음식
49,5879d04b5bd5983e98889bc9167e9323,거창창포원,경상남도,거창군,문화관광,8e37cb55c0f502ca816eb0e4ff3845d4,동바리해장국,경상남도,거창군,음식
50,5879d04b5bd5983e98889bc9167e9323,거창창포원,경상남도,거창군,문화관광,b7f9c477179b11f4959bd944abb4bfe9,수승대썰매장,경상남도,거창군,레저스포츠
