﻿순위,관광지ID,업소명,분류
1,be74410fd3d817c01c9e66753f515775,창성[중식],외국식
2,d4a909add91c0a799611389a5a4a3cc3,해플스팜사이더리,카페/찻집
3,694418933f507b0a55d49dde2ddf2615,도감어가,한식
4,549adb0b91ec2b478d2f78dcf7e8b9e6,민들레울,카페/찻집
5,16c7003d71e383bcd1ff19944883f4c6,외양간구시,한식
6,884b7575d8623c2c56b017240f4c1f14,이수미팜베리농가레스토랑&카페,카페/찻집
6,b9020d353ca16eacaec3ca948941f57f,카페라핀,카페/찻집
8,99b237b39b034b563e0a7d536d192851,비룡[중식],외국식
9,1ce96aa6f84e106e959b506f7ecdf8b9,거창축협한우팰리스,한식
10,4b2507bb4bbf781ff35c8d03b030f2bc,경원해물찜,한식
11,4395babd2ec10a079ed0858a8432ad9a,투썸플레이스경남거창점,카페/찻집
12,5d9cd96c0db6303011b82f7d93bc4a09,다우리밥상[한식],한식
13,370b17d07090669cbb95f7dec2de2657,구구추어탕,한식
14,632bfb13da4deea2915f2872b3b6098d,플로라,카페/찻집
15,a74b24d6400b39110b8fc90ce36711c6,마리반점[중식],외국식
16,89a0a14655f4237ca309ad920e40a478,버거킹경남거창점,간이음식
17,8828cefacf0f7301edfa412565327bf4,우담,한식
18,ba9186cd99433242ad43088f75d1d157,월성계곡산장,한식
19,04946f69fefe3481a58204ad1ced6a19,베지나랑키친,한식
19,8616df2547712a3a1d16eaf4583c6933,수승대오담,한식
21,02d62a6d28b7ee174a9a41817818755a,마리해물칼국수,한식
22,8b06cdb4e157b8e5a95b9f59a2556fa1,카페금원산갤러리,카페/찻집
23,8514337842c09d744c9b408b4c90673b,가조가마솥육개장순두부,한식
24,8e37cb55c0f502ca816eb0e4ff3845d4,동바리해장국,한식
25,ab7a5d1e6c717c5309451d38f0edbb48,롯데리아거창점,간이음식
26,b3ff33a900e087a0a3615a122b9704ec,대산명가,한식
27,d83486266e3f2373469ad34e94c3ddef,명당,전문음식
28,d1b04e2bf0db87d56075e88289da6f57,단계식당,한식
29,e33cdaab271ee02ebaee1e6bff92feac,리시안3호점,카페/찻집
30,6d7b803fdeb4a1f9799f1e1ea0539d2a,삼산이수,한식
30,c839662b9b806d6cd80d1b7a9da600a6,왕우렁쌈밥약닭약오리탕,한식
32,d515821dd0898ff93e26b6e5f2cc5beb,대구회가든,전문음식
33,deb1b19fa0a9c01f36da6c2e80506320,북상2124,전문음식
34,834b3e5b8de3657c36de1f2ace715283,핸즈커피거창점,카페/찻집
35,75fea9519aa514ed8ee4233516d4bcff,운정골,한식
35,e5eff780767923a7cfdd5b28b0985cbc,장고개식당,한식
37,63aaaac2f13ef21252dee3e010d92294,하고리,카페/찻집
37,4ca9d3db97d5ecc3eb58d15acf8600fc,명륜진사갈비경남거창점,한식
37,d14fca0666cbcd86dfbbccd71e3e06f4,엔제리너스경남거창점,카페/찻집
40,a4095b84b10fe4993e58b8179bd14768,케빈커피로스터스거창점,카페/찻집
41,6a48d81708d82d44984c4d7947e096f3,병곡횟집,전문음식
41,52c8ee56cc53da862ebc0f5620a8cadd,교촌치킨거창1호점,간이음식
43,8ac2e9c29eeff3d4843d47c24fbcd873,모든식당,한식
44,ab2b034043a2fc608878c30fc4cd9c9f,어림지거창점,한식
45,403cc176fa020d652c1fdf7c2c302694,거창총각족발,전문음식
46,43773cd34f07a9ab862a2ce26d75e72c,항아리왕갈비,한식
47,118cda8221f5bc406d7c202f0eb82ee2,쌍쌍식육식당,한식
48,c2032046d000994c67b277cdf9966f5d,신미국밥,한식
49,f500ce6663a6c399a2bce79b2aa3be84,거창산마루,한식
50,51a857367f9c8d691a32bdde8963fa3a,도미노피자거창점,간이음식
51,8db05b15f81e49e266ea3d7ef130334e,코지하우스거창점,전문음식
52,49b7da9b280579e034a7658a4b5029ef,메가커피거창점,카페/찻집
53,558823cbbd01a5b671491ce81e3e0fce,텐퍼센트커피경남거창점,카페/찻집
54,72f1165198c11180bbacc4fc687cd7eb,보약장어왕메기가조본점,전문음식
55,623a8e63f08b9df23767a8ffaab04b2a,쑤기1977,간이음식
56,f03a0ecf13fe7f0b30fd5b6ecc5db973,더무그,간이음식
57,3132b906bc4a3f5886e9c2e649100d62,조선갈비탕,한식
57,3b6a32711456aa0cc5b3559d739a4e47,카페외갓집,카페/찻집
59,6bae6bf6a8bb1022a3b5bfbe59a39c33,가조한식뷔페,전문음식
59,5a6fb090fc99908aceca551de3c3e9d4,거창돌짜장갈비찜,한식
59,3b48653e6dc07e04cee0f16ab9e4a7f1,제주냉면,한식
62,968e8795f9939d379917a805b69e6a89,대전식당,한식
62,f8a88988d7a5b422627ac40ef8c9f733,현풍닭칼국수거창점,한식
64,11426d5fc2c475ff7d7952299af6e82f,맛고을,한식
64,2470b51b0b1b067331e0bc760fbafab7,벽담[일식],외국식
66,870d4508383a5f292194448458c43c38,이디야커피경남거창점,카페/찻집
67,cb9366a9694947fbc2bf324a2f59a2f7,채연면옥,한식
68,3785159a0e11bfaa2d58fb917b3e02e3,원동별미갈비찜,한식
68,79cb76788d212b775db3b65d40bf7d71,브런치델리,전문음식
70,a4ba45a0a6f2973ee3f041506d107cb4,장마실,카페/찻집
71,3d99b8e147003527be80db11806af563,어인산장,한식
72,678e1d0694c55e8e9c6769dec28bc976,파리바게뜨경남거창점,간이음식
73,96fc7e371fe4ac832b4d3e06f994d15a,성언숯불갈비,한식
74,54562261bc56e02ccd8a4a795c23796a,소반한정식[한식],한식
74,4bb9813ceaee9312d7b68f29e4a76d1d,샛별초가집,한식
76,83d366505dd66c633f4abb2773837c4e,대성복찜,전문음식
76,3fa2cbf79a14ccc19479ebdd51998f74,메가커피거창산단점,카페/찻집
76,9f25c00809b53eff8cee4fb272bd3649,카페쿠쿠오나,카페/찻집
79,488401321ba708114969253c9391f4e8,소담,한식
79,43e13fd67500209444a82ec8b8bec666,거창추어탕,한식
79,18c8a7aabefbc371f669e4dd09be6969,거창복어,전문음식
82,1d752a3944ad69f955d50eb5d70f6371,인풍정식당,한식
83,519eed4aa6bb014fcf40ed49858d2315,SUBWAY경남거창점,간이음식
84,39faedd5b5cac6e1394b583ef02ca5f0,거창왓쇼이,외국식
85,845325fe1b23398260c758738c4c99c9,샤브향거창점,전문음식
86,9af8dd5a975c29f57a2508048615c8a1,덕유산송계산장,한식
87,262f98ed8f39131d4eb7cb90044eb754,곤드레찜드레,한식
88,936178af5f7cc1a50503db2bdeece801,장풍가든,한식
88,a161c04cd4a8e0a42fc4068b9c62c050,마리갈비탕,한식
88,983b4b36940bdb347ede6cab064c641c,BHC거창점,간이음식
91,38f8c5a877e85ee3fb99fb094f70fb3a,두레한정식[한식],한식
92,86b6f8174da136edf97ef6360ed3c415,60계치킨경남거창점,간이음식
93,77b512674b8a306fed12ebab21936336,옛담,한식
93,4ef875c6e57cc1c59c174debdb6cf76a,설빙거창점,카페/찻집
95,63c714ec163e66f7b3dcf6ae00e17c54,배스킨라빈스거창점,간이음식
96,164d0c007e87db370602dc88d83bbcda,출렁다리식육식당,한식
96,f7181d31706b332b0b9e92d220b5c066,리틀버터,카페/찻집
96,723eecc533b686c4600399b665d2695c,본죽경남거창점,간이음식
96,1f857d41ec349427c4ef187ca5079364,꽃마름거창점,전문음식
100,c5d62c4303160bf4fc04c0d758cfcf97,뚜레쥬르거창스카이점,간이음식
