﻿순위,관광지ID,관광지명,분류
1,5879d04b5bd5983e98889bc9167e9323,거창창포원,문화관광
2,d60c24a3d320c44bcd724270bc61f703,수승대,기타관광
3,cfc42bef053cd2e1a6bd130188f035d3,거창Y자형출렁다리,기타관광
4,608897faeb545500caecfd6ab6acc78d,거창별바람언덕,기타관광
5,d611275790536381312c354bee3b4d03,거창전통시장,쇼핑
6,b547287306ba16aea0a32c7142f63e62,수승대출렁다리,기타관광
7,98bd59befadff1e4c21d23d81613ae03,백두산천지온천,체험관광
8,d0b05ae8b1a93c8e4dc4bb95e2ca4953,거창항노화힐링랜드,자연관광
9,9fa3195ca582a53513c3ca6e1a2c8371,감악산,자연관광
10,7d0b30d41f6adcda907f261913df686d,클럽디거창CC,레저스포츠
11,50aa871721339e36238547a37a624d11,감악산전망대,문화관광
12,83ee433ef10520a6f58f3c8fb7ff76f7,거창감악산꽃&별여행,문화관광
13,ea9aeaee327f6125b4b091b9c3f69da2,금원산자연휴양림,자연관광
14,bd5f13f4a2f216b17bb79a8fbdcca5d9,거창은행나무길,기타관광
15,c17f8a9ad8ae56d8128f5b583edddbeb,거창스포츠파크,문화관광
16,b7f9c477179b11f4959bd944abb4bfe9,수승대썰매장,레저스포츠
17,7224d495ffb217facb9b848f343bc78f,모텔WHO,숙박
18,5bc04777a15e8fb10add19824385779a,오도산전망대,문화관광
19,d31a0508d302b711e1df792fe5897920,황산전통한옥마을,역사관광
20,a936a60fc5dfffbbdcae4f28e01292e1,이수미팜베리,체험관광
21,b1d493ecdab623c352855a99f10d2216,패밀리관광호텔가조,숙박
22,54dd3d742a9b6b7e6e22202d53e34190,수승대관광지,문화관광
23,9d5401d51d85c95e76023f7210f211fa,에콜리안거창CC,레저스포츠
24,5055bc6eb2a2ca5d050f3d70fc630e41,거창월성우주창의과학관,문화관광
25,f9af5a356af1bd08849cdca8a790f09e,그랜드모텔,숙박
26,51b2dea291594502d62e94ba6bc7a5b0,사과테마파크,문화관광
27,152f13a12da7d93597611296cd0d4ccf,연수사,역사관광
28,538787b5719c8c1f1dfb371e1d25cd01,월성계곡,자연관광
29,822e462a370ed768003d60cad3dd0e2b,덕천서원,역사관광
30,27e293681c474ee33ee41090fc58f47d,가조온천관광지,문화관광
31,e56cf56e997e7d3795371a933a2eecac,여기호텔,숙박
32,4cb419fcf90122c0c3c6fb2c04988f74,거창국민여가캠핑장미리내숲,숙박
33,82ead86fcd926d5e98809fb0c627548e,거창박물관,문화관광
34,549adb0b91ec2b478d2f78dcf7e8b9e6,민들레울,체험관광
35,1f3a653fa70152c1651127385a85673d,거창서핑파크,레저스포츠
36,76fa2e43f4c9a24d7171c32af76da9fa,타이밍모텔,숙박
37,7ac796586c91d5cc49ddfc9e8c2e4c94,용원정,역사관광
38,97749e1075a4e73fec142041ba472faf,파타야모텔,숙박
39,7909f5ca165f7a0679e7212ef9674f2f,가조온천족욕체험장,레저스포츠
40,ea6a2c31fc578b8f7afbc68581d6bc4d,금원산얼음축제,문화관광
41,1494cab5a1893e3b54785f7d7c9aa2fb,롯데시네마/거창,문화관광
42,c941d61cdd3a45590af57739a6fed03d,풍차마을펜션,숙박
43,4d4897f27f5dbcdd4c73a32f175fa45d,자바모텔,숙박
44,100bedba8503e522a31c862db648db04,아이호텔,숙박
45,17e52f2f8c180dcc9894753c06f33034,갈계숲,문화관광
46,5bebc7185bc2c21ea4e81fb9e759627e,두바이모텔,숙박
47,ffd9d82986bde99f54e0506691411af8,엔터모텔,숙박
48,589694abfe13c99980b7f6cde4e1babf,씨에프모텔,숙박
49,ebead1b027b9f1dc6d5dab89d107f511,천오모텔,숙박
50,7fda078abc70b256161832b63e6fec5f,A&D호텔,숙박
51,41e3244f3e5ca16fe599b9cd6aa899d2,제이호텔,숙박
52,6d398dbf5dc24eaa04c39fa16735e731,용원정쌀다리,기타관광
53,57cec5b663208aa3b8ba1da2d7d4a9ca,천적생태과학관,문화관광
54,e90e438951ab03367da67f6857e8bc4a,거창서핑파크리조트&글램핑,숙박
55,235d6bc07c2072ff90e9f25578c2a526,신한장여관,숙박
56,0c58cf10f2c2bb14651c556af6ff33b8,거창동계종택,역사관광
57,c3e366d8858dbe306f30c4d4a3bf35c7,송계사,역사관광
58,0d54ec850a5a7b71af960502a1eb16e8,황실모텔,숙박
59,91cfae10ca068c560d37df0795cad513,거창참깨비마을,체험관광
60,ab7fbd0c20513c077c4c3cbd6d90b76a,거창창포원아리미아꽃축제,문화관광
61,e7a103653cc53f786199c381bc36a851,수승대체험휴양마을,체험관광
62,c17f4db37a1b341df73aed5f203928e8,거창한마당대축제,문화관광
63,3fd97a041a096342f799671f2e22652a,거창근대의료박물관,문화관광
64,ec80fc5d4f79ae4ae3924d23e92fbbb7,양지생태마을캠핑장,숙박
65,298b69dbef3aeb37329aceca2e4e664d,병곡달빛고운캠핑장,숙박
66,bc07583119e505d83be7fc229ad64c91,강가민박,숙박
67,089db19361721c1671d61a101539ee95,산울림,숙박
68,a9a52838f3ed286ff4f3ac04fc6eabad,거창죽전도시숲공원,문화관광
69,122f56cd546212d38428b0e1c9cda6ce,M모텔,숙박
70,3948e09908b6df015adba6d8e9fe669d,고견사,역사관광
71,a58094c3fdb7516c8975ccf534521f7e,덕유산휴가촌,숙박
72,5b83f746744af1cb1b3ac5c772997a83,월성오토캠핑장,숙박
73,6d7d64bb9201fe944953c4fd84c2eefc,더슬로우펜션,숙박
74,196bdde09b679f6589860c523ab7f508,리베라모텔,숙박
75,25cd8876f7852eb5d0c5e9260f5d8135,거창노랑펜션,숙박
76,c46633a4ff83acedbb00fe5cc7347a96,갈천서당,역사관광
76,03d935be9d5ad5fc6363b2372c6794f3,원학고가,숙박
78,34ade025cd2888b32bf3e72c863bbff7,우두령펜션,숙박
79,2d351d97ad058f70afbc2680aeb9e896,수승대콘도텔,숙박
80,0429eee4ba02b76c9f137b7f1df60992,가조모텔,숙박
81,7b3591a9db90622c5c597e65a930487e,거창수승대무지개펜션,숙박
82,9ff62dc0a0ffb80fd0b782ea950a48d5,병아리펜션,숙박
83,ea86b2c92a82ba72b7a0c86fa06bb379,산중오토캠핑장,숙박
84,a82bb428cd4271ca0da27b1edce17d22,거창허브빌리지라벤더헤이즈,문화관광
85,c300b3f3635cdbb7567e1b3f82a249b0,거창목재문화체험장,기타관광
86,9d6d63b16514e7633b49a74b06a2b021,우두산,자연관광
87,86b00709db75db60e480390f02297583,월성무지개펜션캠핑,숙박
88,cb548a75c4f2d24d0e6a206d7abad6d4,죽전공원,문화관광
89,8c8d79da309950581813ae9b3c7e5a4f,사선대황토펜션,숙박
90,1c8c9f5a44f6c1cd69a2ff3f42c18b19,마이다스온천모텔,숙박
91,255550d26a2d1c658ac273d5f69d8c55,거창국제연극제,문화관광
92,124d51f8ae46364f9520f5f85718246f,거창군월성청소년수련원,레저스포츠
93,72436acb553d6051d541cb076a7facdf,스테이라온펜션,숙박
94,cf79b081d141b75cec6f7885e23bd520,거창향교,역사관광
95,6ac638eec24f9e31f6ea6a41c3aeb9aa,달무리펜션,숙박
96,a9cc2d95248327c70e49624e20f46ea1,산중토방펜션,숙박
97,54f155965d353232f828678f6c4b241f,은하리펜션,숙박
98,dd9cc0615ec939e09e8de627a7330fd1,수승대오토캠핑장,숙박
99,d13bdef8d4f674b13e8221ef664b1009,그린파크모텔,숙박
100,8eae39c0c387a0b184595c05efb59dd8,주은오토캠핑장,숙박
