﻿시군구명,시도명,관광지명,구분,방문자수
거창군,경상남도,감악산(거창),자연관광지,43102
거창군,경상남도,거창 항노화힐링랜드,자연관광지,14235
거창군,경상남도,감악산 풍력발전단지,산업관광지,9986
거창군,경상남도,우두산출렁다리,건축/조형물,9546
거창군,경상남도,가조 백두산천지온천,휴양관광지,3693
거창군,경상남도,거창 수승대,역사관광지,3376
거창군,경상남도,거창창포원,자연관광지,2532
거창군,경상남도,황산전통한옥마을,역사관광지,1925
거창군,경상남도,미리내숲캠핑장,육상 레포츠,1316
거창군,경상남도,금원산자연휴양림,자연관광지,1149
거창군,경상남도,해플스팜사이더리,음식점,991
거창군,경상남도,거창 Y자형 출렁다리,건축/조형물,985
거창군,경상남도,수승대오토캠핑장,육상 레포츠,797
거창군,경상남도,거창 동계 종택(정온선생고택),역사관광지,786
거창군,경상남도,서울우유 거창공장,산업관광지,726
거창군,경상남도,월성계곡,자연관광지,664
거창군,경상남도,서출동류 물길 트레킹길,육상 레포츠,568
거창군,경상남도,감악산항노화웰니스체험장,체험관광지,552
거창군,경상남도,오도산전망대,건축/조형물,431
거창군,경상남도,가섭암지 마애여래삼존입상,역사관광지,405
거창군,경상남도,양지생태마을캠핑장,육상 레포츠,364
거창군,경상남도,거창스포츠파크,육상 레포츠,356
거창군,경상남도,월성오토캠핑장,육상 레포츠,356
거창군,경상남도,하늘호수,휴양관광지,355
거창군,경상남도,거창국민여가캠핑장,육상 레포츠,354
거창군,경상남도,삼봉산,자연관광지,311
거창군,경상남도,달빛고운병곡캠핑장,육상 레포츠,304
거창군,경상남도,거창 솔향기돌담마을,체험관광지,298
거창군,경상남도,거창 황금원숭이마을,체험관광지,285
거창군,경상남도,월성자연캠핑야영장,육상 레포츠,278
거창군,경상남도,우두산,자연관광지,262
거창군,경상남도,거창은행나무길,자연관광지,252
거창군,경상남도,거창근대의료박물관,문화시설,251
거창군,경상남도,금원산,자연관광지,251
거창군,경상남도,거창월성우주창의과학관,문화시설,249
거창군,경상남도,덕유산국립공원(남덕유분소),자연관광지,227
거창군,경상남도,원학고가[한국관광 품질인증/Korea Quality],숙박시설,217
거창군,경상남도,수승대체험휴양마을,체험관광지,214
거창군,경상남도,돌담사이로,음식점,207
거창군,경상남도,산중오토캠핑장,육상 레포츠,203
거창군,경상남도,이수미팜베리 농가레스토랑&카페,음식점,202
거창군,경상남도,거창사과테마파크,휴양관광지,194
거창군,경상남도,주은 자연휴양림,육상 레포츠,193
거창군,경상남도,창성식당,음식점,193
거창군,경상남도,덕유산 송계산장,음식점,181
거창군,경상남도,월성계곡 강가펜션캠핑장,육상 레포츠,172
거창군,경상남도,거창문화센터,문화시설,166
거창군,경상남도,동호숲,자연관광지,162
거창군,경상남도,거창축협한우팰리스,음식점,161
거창군,경상남도,모리재,역사관광지,156
거창군,경상남도,수승대썰매장,육상 레포츠,156
거창군,경상남도,민들레울,음식점,151
거창군,경상남도,거열산성군립공원,자연관광지,148
거창군,경상남도,남덕유산 대표산나물집,음식점,134
거창군,경상남도,거창 A글램핑,육상 레포츠,130
거창군,경상남도,거창사건추모공원,휴양관광지,120
거창군,경상남도,자연드림치유농장,체험관광지,119
거창군,경상남도,거창장 (1_ 6일),쇼핑,116
거창군,경상남도,거창파인밸리리조트 비계산가든,음식점,115
거창군,경상남도,거창 황산리 신씨고가,역사관광지,113
거창군,경상남도,달빛고운월성마을,체험관광지,107
거창군,경상남도,마이다스모텔,숙박시설,106
거창군,경상남도,웅양면 동호마을,체험관광지,104
거창군,경상남도,암소한마리식육식당,음식점,103
거창군,경상남도,거창 둔마리 벽화 고분,역사관광지,102
거창군,경상남도,미녀산(미녀봉),자연관광지,102
거창군,경상남도,거창서핑파크,육상 레포츠,97
거창군,경상남도,숲옛마을(갈계),체험관광지,97
거창군,경상남도,병곡횟집,음식점,96
거창군,경상남도,고견사(거창),역사관광지,91
거창군,경상남도,수승대야영장,육상 레포츠,89
거창군,경상남도,거창추어탕,음식점,85
거창군,경상남도,늘해랑누리길 (치유의숲),체험관광지,84
거창군,경상남도,연수사(거창),역사관광지,83
거창군,경상남도,원동별미갈비찜,음식점,83
거창군,경상남도,외양간구시,음식점,81
거창군,경상남도,강가민박캠핑장,육상 레포츠,79
거창군,경상남도,거창사과테마파크,자연관광지,79
거창군,경상남도,별난 왕해물찜,음식점,79
거창군,경상남도,보해산(금귀봉),자연관광지,79
거창군,경상남도,가조소한마리곰탕,음식점,75
거창군,경상남도,거창목재문화체험장,산업관광지,75
거창군,경상남도,거창박물관,문화시설,73
거창군,경상남도,거창 요수정,역사관광지,72
거창군,경상남도,왕우렁쌈밥,음식점,69
거창군,경상남도,봉스글램핑,육상 레포츠,67
거창군,경상남도,천적생태과학관,문화시설,67
거창군,경상남도,늘해랑누리길 (치유의숲),산업관광지,64
거창군,경상남도,휴일엔캠핑장,육상 레포츠,64
거창군,경상남도,유안청가든,음식점,63
거창군,경상남도,월여산,자연관광지,60
거창군,경상남도,월성횟집,음식점,59
거창군,경상남도,늘예솔글램핑,육상 레포츠,58
거창군,경상남도,마리반점,음식점,58
거창군,경상남도,수승대 임정은가든,음식점,58
거창군,경상남도,김숙자사당,역사관광지,57
거창군,경상남도,거창 당동당산,역사관광지,56
거창군,경상남도,건계정,역사관광지,54
거창군,경상남도,거창 농산리 석조여래입상,역사관광지,53
거창군,경상남도,거창 황산마을 옛 담장,역사관광지,52
